EAR_f0,EAR_f1,EAR_f2,EAR_f3,EAR_f4,EAR_f5,EAR_f6,EAR_f7,EAR_f8,EAR_f9,EAR_f10,EAR_f11,EAR_f12,EAR_f13,EAR_f14,MAR_f0,MAR_f1,MAR_f2,MAR_f3,MAR_f4,MAR_f5,MAR_f6,MAR_f7,MAR_f8,MAR_f9,MAR_f10,MAR_f11,MAR_f12,MAR_f13,MAR_f14,Pitch_f0,Pitch_f1,Pitch_f2,Pitch_f3,Pitch_f4,Pitch_f5,Pitch_f6,Pitch_f7,Pitch_f8,Pitch_f9,Pitch_f10,Pitch_f11,Pitch_f12,Pitch_f13,Pitch_f14,Yaw_f0,Yaw_f1,Yaw_f2,Yaw_f3,Yaw_f4,Yaw_f5,Yaw_f6,Yaw_f7,Yaw_f8,Yaw_f9,Yaw_f10,Yaw_f11,Yaw_f12,Yaw_f13,Yaw_f14,label
0.33229097123792706,0.32180685779094365,0.2866433132225553,0.30709748268934733,0.3060192704567707,0.3015170977843291,0.31259347548735034,0.29693450997604,0.29876639894828877,0.2943293031721561,0.3170667070667349,0.3137689728275396,0.2703049439524728,0.29706055399797526,0.30967230770178383,1.1889077753271995,1.1526269611126179,1.232849526456667,1.222498801998991,1.1433584131221481,1.1805442887041453,1.1393127668332825,1.1490338257511248,1.1309611360006768,1.1597751273618542,1.1459099204061938,1.1726966670412322,1.149782798661155,1.1577234543671333,1.1408589448826179,-12.87135474071917,-11.665554288172757,-14.205224051458657,-13.058202511846929,-11.788154249949145,-12.37445258079029,-11.204696122150779,-11.332842791325078,-10.20641017943106,-9.490459485089161,-8.468115379290452,-8.857809919260006,-8.606397449981301,-8.345774369390853,-8.389967531254996,-6.031126743776895,-8.767161137420235,-5.252672781506379,-4.72981479076706,-10.162318909976296,-6.565535028539382,-7.601326524399247,-6.9717566862466835,-7.54133735614972,-7.484396498114957,-7.907174125066511,-7.324580053425799,-7.947308148498921,-7.953812783717169,-8.337496815158897,0
0.2996402144501652,0.2903009558576788,0.27183763983431375,0.2958184796519084,0.2850933562642871,0.28992671958935956,0.314737369394399,0.32079765422241313,0.30574502279108073,0.2949319795031193,0.2975875976916651,0.2885295804576053,0.3024701765159802,0.30432621335774923,0.31548394817302294,1.15090010831526,1.1765477266811288,1.1760065068963337,1.1973093219147422,1.1889290285206486,1.1895640011521846,1.1813769814015647,1.2040546255025049,1.1576715761399716,1.0970028343211031,1.0960505189546936,1.0846404602059139,1.0439759921205816,1.104390324618211,1.111107420446011,-3.4779559726319746,-3.991070764572754,-3.4706650797412806,-2.7473998747919666,-3.301123242118763,-3.9517828784725566,-1.81370358581799,-2.8875423364656,-1.754130112430829,-1.104984407055582,-4.109489004557162,-2.714923732584765,-2.6025672104570674,-2.629614456022807,-4.059300008674057,-8.687890271772746,-8.223651824884046,-9.266794139207287,-8.195461763890409,-9.23425251844507,-8.31925056171527,-9.92916516379956,-8.030887338594303,-13.393779584701543,-12.216468099501158,-11.736457133856234,-10.480116020940724,-12.105112095586968,-10.948934033471796,-8.3695711395421,0
0.31157837859001025,0.3162224570095852,0.31148449445544746,0.3106864785834371,0.3242786159280213,0.27305337427473403,0.3112864045571184,0.30533338453150083,0.3037221449446501,0.2958178404491475,0.29280282772804833,0.3015109411661503,0.3004840877843837,0.30235793201825695,0.302041142936021,1.133779224231414,1.1111594818940806,1.109722121345733,1.1184470981986794,1.1670442433059056,1.196124725748778,1.1562635701337236,1.220605713364419,1.133676136479731,1.155684492824684,1.1336265619138644,1.1636143664327825,1.1378218444550037,1.161366297697747,1.155684492824684,-8.681370734432619,-6.990571382899532,-5.940924213681541,-6.411161372863717,-7.175908327658732,-10.707997397165371,-5.395676781316837,-6.565221016783283,-5.571548546074695,-7.675321869223893,-5.945980602756862,-5.999051266458622,-4.989038640807536,-5.782771890371436,-5.173168252785501,-12.024334072182763,-9.925043728802894,-11.534735653252762,-10.893339443187108,-10.146205417006891,-8.706160442445986,-6.496543192473961,-6.164168928286764,-7.686703446550643,-7.691445848478846,-9.093565934371512,-7.988857510482023,-8.51602386714263,-7.923286233010476,-8.207310785268579,0
0.3285343595496274,0.29219813951730106,0.30344594751431764,0.31156352178046604,0.3099690798569167,0.30080629192770725,0.30619052198363206,0.29654050463851445,0.3028501373530733,0.2994305453178684,0.31860813944668853,0.29690535993563183,0.30641724659737435,0.29976166900373025,0.313899067252028,1.1505435929043069,1.151837393545182,1.1672996668479412,1.1756617204697462,1.154684547392358,1.2065760005516035,1.1495101767640592,1.152185948015157,1.1570953973732188,1.1421709769064674,1.163820172883627,1.1747814301215793,1.179721230306907,1.1717359187117262,1.1903624028765605,-2.650142158067183,-3.954739455282578,-3.612613482056588,-3.3049424965298044,-2.5517059369643675,-4.313617047510888,-4.827199906249319,-4.500579628100752,-5.576952038279018,-3.6163748627133714,-3.78737315565823,-3.6793004939227103,-3.139248092125655,-3.430145037517576,-2.6830987344428365,-8.117126201114305,-7.989851423362499,-7.487946677262039,-7.418010137578676,-7.8911350417190835,-5.258698500586465,-7.143166229944753,-7.986474834394543,-7.26189649612418,-8.287927517143238,-7.8733641141715145,-8.033831800863384,-7.977040300394842,-7.4806981411574345,-7.430313227206683,0
0.30094620698022856,0.3082731408786894,0.3245380378267694,0.3141042074711332,0.29324603975857744,0.29862505182409527,0.3030511646376134,0.3103023474463641,0.31941266956110703,0.3212376256405808,0.3086930835419299,0.3147599861885287,0.3197874187163765,0.3157988150925453,0.3121992124485841,1.1713713815484228,1.1810811674870627,1.2706521867304215,1.237617521146442,1.1068883909754244,1.1664788950777711,1.1728731336815486,1.2032433430251368,1.1873855963933866,1.1911993784856172,1.180046875155394,1.167338014359683,1.1941673118973264,1.1905576977617591,1.1804766037405001,-1.6154530563974276,-1.8058526704369626,4.031195152513618,4.97588401479635,-4.952695891413924,-1.9915756033475702,-1.6084211120538328,-1.5815144523756715,-1.3674387993261234,-2.528373212789603,-1.8298484091694718,-1.4643131206098872,-0.71225766058663,-1.2464779838852564,-0.8895012217195699,-7.610422262925122,-7.92539579068265,-0.7798027731500623,-3.242099225891477,-9.456952591942757,-8.024574934166441,-7.672631593702902,-7.3968169801630514,-7.540800800597172,-7.915031806569224,-7.698299168778015,-7.973675142247451,-7.483425020214483,-7.486547108250778,-7.368479155129074,0
0.30212383304732937,0.28987436151755097,0.30362265209016454,0.3629920192981441,0.34056831011160393,0.34562811281947103,0.3141904544835239,0.36077239934995886,0.32679150329841766,0.337747965996698,0.3294482223957639,0.32944047523524556,0.3293805683769593,0.33337359300094804,0.3327241657890191,1.1816896980173361,1.1967657903685023,1.1888074690026207,1.3318002458421982,1.4402987516319403,1.4365593015549794,1.4586200624498102,1.3757056244457249,1.3993161173277768,1.4115985800011805,1.3913584287544167,1.3995717649599662,1.3714661058284636,1.3928569025294035,1.4154086055190456,-0.9960318855326022,-0.5824009782121777,-0.19293579585328757,-7.223633735935408,-8.927043359878525,-6.8174093520285055,-9.585742416591131,-9.982420665226812,-11.769414827571723,-10.82969742735898,-11.022013178697847,-11.31320899076448,-10.299877345075998,-9.914509076679451,-10.223624512232476,-7.164736557393729,-7.6662009976818775,-7.469439078344038,1.799213077218391,5.70070794335007,5.120410689474926,5.944517271086259,7.259947445614589,6.813865080330207,7.048222004129115,6.378875904075173,6.553833071905181,7.2834192443306796,6.19914124166456,5.8891335849897715,0
0.22560982978069305,0.29436947595004154,0.2950028991074487,0.3116680180392587,0.2905088633053384,0.3001163074258874,0.26572029082843035,0.303208030663923,0.27293185388623065,0.2818807504300489,0.28706986375017907,0.29733790487603784,0.3035184431984476,0.28945619953447743,0.2943656975484228,1.1607882725540886,1.1684895044249235,1.168899545820748,1.1920510440246965,1.1572353943501257,1.1672604817431511,1.1607314548758993,1.143984856455814,1.124990873229702,1.1833261973019231,1.155631221858508,1.1461990645812425,1.2085302905186608,1.2275767329637324,1.1672265857282136,-7.98576551037803,-8.27916161369842,-8.412839496387079,-7.607432573403742,-7.722504904372755,-8.52682098176058,-7.0972861536682785,-7.542865079875952,-4.927203064113371,-7.273671340481258,-6.992700891225667,-6.676322129529353,-8.733396774383266,-7.453316708280397,-7.481834734720053,-7.4238023954797425,-7.324986805391991,-7.20457643618582,-6.6698436876997595,-7.705386355820918,-7.221274063234784,-7.863542080877945,-7.436927093544274,-9.987497364440536,-7.060796992561447,-5.935082410970453,-8.316806287115787,-4.23106663248698,-4.170917883868086,-6.621846610948782,0
0.31614676229745364,0.3278854989755997,0.31620148418309413,0.31817727686876307,0.3090183126330599,0.30288095824212213,0.3100325431563944,0.3113339997773344,0.3065612843192919,0.3085076950824861,0.31261543851845863,0.3060787150425502,0.3128694442630909,0.3022783629189796,0.3099969393152101,1.4174437482156452,1.4182625753567648,1.4426970890946427,1.4082165767708932,1.4247741093895083,1.425610783132066,1.4263707278244504,1.4240965934621959,1.4113301863927297,1.4054592035328481,1.4138645353754966,1.4151615387884755,1.4169707157045333,1.3954088956063142,1.4093422392564992,-10.601117854390452,-10.192611664069176,-9.437996034278683,-7.138105106007515,-6.5900130995564155,-6.242687590576281,-5.917302195287846,-6.3089662323246785,-5.941521625613859,-5.940136807024146,-5.221379279481567,-6.051886136602462,-4.861033211318215,-5.381041027495144,-4.681736513736837,5.833048519141405,7.078587102406139,7.181404867366439,5.130903917550635,5.343599767023277,6.050963168825703,6.014601158964154,6.214165837257698,6.047945517839667,6.057423091205964,5.734089117038451,5.550973486434069,5.936608283268693,5.771375718450031,6.1493050570164165,0
0.3098071443840153,0.2985119152659036,0.2956865173782093,0.2973312496657787,0.3025451266938104,0.30608387851807883,0.30029013130051385,0.30964713830562846,0.3020417140990135,0.30982798424727465,0.2971156369532113,0.3072411930531039,0.3079254637770964,0.2981732935102299,0.2941232081912276,1.377261725562071,1.4110925238012568,1.3936983175707482,1.406647629876267,1.4243231135007433,1.4029504555673629,1.4149333012782164,1.4324590371482049,1.4477433612120942,1.4193130550849338,1.4161622662661566,1.463419431906896,1.4639150643936205,1.4308710328215903,1.4082006760173174,-4.973710791567669,-4.6725005274373075,-4.382795237706262,-4.573192303166934,-4.701016378133033,-4.904922383625745,-4.569263432981529,-4.393410051658009,-4.308034205986388,-4.456349223773657,-13.542974425031872,-9.805596294752178,-9.12065506672974,-10.162276380479256,-10.268972951967413,5.80129147417007,5.746785845456224,5.749321524524296,5.948925838709589,6.199882588346359,6.065020462188977,5.902224728865877,6.088584827858758,6.510471908998267,6.168864371469417,3.9974833594676387,6.391924768643637,4.647314527616581,5.798376655235664,4.737336648346756,0
0.2910566041746041,0.28469952793903497,0.28983093833375184,0.3000159683540313,0.28133972261409707,0.28527607069938504,0.2936491123590066,0.29341622869744255,0.20676415678580712,0.3165864299856158,0.2852882802175336,0.25393493095710923,0.2925718482711467,0.2869413497876161,0.28364953301491536,1.5089614650853493,1.4458053666496256,1.486608566433222,1.427175426369441,1.4508380539741226,1.4814800272687472,1.4961329832463872,1.4500413406418546,1.48730103463837,1.4064463837316008,1.495072734388263,1.5015909393547244,1.5010446957191572,1.496871566563405,1.4540826427641644,-9.49214275499034,-9.263968591349169,-8.648878396768282,-8.28794857902406,-8.3677457046918,-7.791743297007258,-7.473727531280076,-6.787839384980941,-7.435586349721291,-8.088540387108793,-7.848848250654811,-6.555117914509879,-6.675349325161164,-6.007693833570954,-7.199446403698744,5.455218244766361,5.470142435827932,5.500053300053109,5.760598767332349,5.81980963518441,6.665570299928259,7.016159579186842,6.751038630497821,7.059229475429378,8.737063114381634,8.411675071038053,9.270827967211291,9.627987360933606,9.392478296199009,8.094231358189033,0
0.28884585314982925,0.285588743556771,0.29090232284166095,0.3153438588748565,0.28293295590781575,0.2969882603291454,0.28162909350736876,0.28388942791140975,0.2844853255492674,0.29324122314651524,0.2861507254524963,0.2865823126293415,0.2819680869438696,0.2779603299256387,0.2852148705498425,1.472641997176532,1.501659185503524,1.4381513382766056,1.3720372571194825,1.4494468061715828,1.3476151331710355,1.392114359926137,1.3938373342492925,1.44232728843212,1.4164145607553233,1.3791196061709223,1.3846692225828894,1.4187905269439156,1.390562712377124,1.3965740651855294,-5.759352699407145,-5.677539715926969,-4.818798642330904,-4.692696642661332,-9.506652661416041,-7.015287667058061,-5.9348620647723465,-5.707203852850824,-5.404315371022733,-4.970765766118319,-5.111194864475124,-5.629897770709903,-5.074807448321025,-3.64646475417004,-2.780302594705347,8.088658911347563,9.241411022778237,7.887925156916872,4.4617999374095865,4.129600693840631,3.654799905285485,4.506492589614991,4.245327742193147,4.221157895735279,4.766150039760586,4.736433661137748,4.5685692439391445,4.232351572965384,4.452355388220082,4.419704323327264,0
0.2875643607513022,0.2878534142947538,0.2799048057267426,0.28717129788766094,0.276579298906363,0.28930681674063236,0.28740879798121144,0.2938172527782592,0.2786098665082527,0.2799094503120726,0.2764228635470732,0.2744481003736288,0.2976053293669386,0.2916928208752352,0.31167117366228014,1.4298932349679896,1.4289801368859147,1.4289801368859147,1.436975295790498,1.4175185839937436,1.4073391737408607,1.414718977141164,1.42662263286834,1.4475498153742956,1.4279537164497285,1.4012728150753,1.4192472665443832,1.4142949898892492,1.4312774719086878,1.4363158517446002,-2.72630067711205,-2.669515595774584,-3.634892272481096,-3.329227938792542,-2.9827883934288764,-3.0293513111830066,-2.103504877193018,-3.022099889888807,-2.2081254048650862,-2.4371145066292286,-2.3944743427416313,-1.7255238529268127,-5.927582889569209,-6.4572231401190265,-6.547793063268784,5.31238629484417,4.938662159907965,5.559458888593893,5.550511967087447,4.985322087792345,5.569851976921306,4.992784576850482,5.170776557191284,5.617699794720256,5.5915174822144476,5.182412497088391,5.323907666700879,3.5190339110198017,3.1467166335048056,3.285782372245596,0
0.3172284840297234,0.3032196576694063,0.30047334875721227,0.3030912526459735,0.2895365960935029,0.2921216817747756,0.32245919134503875,0.3148797259514504,0.29500745542039647,0.2872970781208376,0.29449827652435007,0.29306333392627215,0.29464209302157063,0.30122289680524,0.3391331310653395,1.1530220469700978,1.2689613465129272,1.3353564705118042,1.287016296906294,1.2378719557964846,1.205462630539573,1.3482264195661247,1.3316083311970695,1.170383820358094,1.207295864162031,1.187395082956938,1.2187164007713736,1.2087642146598234,1.240776671640598,1.3737303087548096,-5.921317926996522,-5.468846816352823,-5.023707130266303,-3.997363546911771,-3.6074625803268248,-6.259001419728293,-4.145009836999293,-6.148697653776708,-5.032987676877923,-5.871256299599821,-3.564351671896418,-3.2944751421493663,-3.034629339993444,-3.583141007148953,-6.320749398073872,-10.095921114851494,-3.6265229478649004,-1.3538127860630156,-2.0753370415723307,-4.654990135736461,-6.133781090871045,-1.171250502326915,0.1846132083281634,-7.438790714604106,-7.600076602883088,-6.874813751138284,-6.8206874269516415,-7.272880480123412,-5.397390350145819,0.1307576318360722,0
0.3186315521140989,0.30618984928358794,0.3002495530975584,0.321051874537011,0.30501463896946784,0.2823141795415068,0.3196751173315311,0.3268143963361794,0.32570547474713696,0.28070847044927905,0.29340847625949606,0.30819894960048255,0.29412858360118765,0.29823471723355766,0.30788373866522756,1.2159553770187408,1.2359923277872629,1.242004309151703,1.2410654177451088,1.2214672507113504,1.2306695773595129,1.288418085086076,1.3469000180590076,1.4153013255798208,1.4154118406446836,1.2646397033194943,1.3579890012415234,1.4107537819259122,1.3730738167443832,1.3891603362079037,-3.732988525628002,-4.699102263479546,-4.55321981675209,-5.791761918158983,-4.8324422106135785,-4.6070979004337005,-3.3185859721519364,-6.1348327787355,-5.793216893790827,-8.59043258739095,-5.226371192598492,-4.4992477181939705,-4.399932216680298,-5.054973961482489,-3.847407510582883,-5.53101353069577,-5.323088067781524,-5.253804462684214,-5.922568060955704,-8.123947667350459,-7.857278865274797,-4.235566375495811,-1.1615902484881058,1.3273179341460688,0.6336791104343104,-5.410700098848608,0.8590343836474026,1.864618366072538,1.1177575856547657,0.7139526057087472,0
0.27942076093151513,0.2809234609880082,0.2791761380613963,0.26934361917191785,0.3027143945801013,0.302633217508477,0.293221980649862,0.3038264606556691,0.31876430482365614,0.3020878157435844,0.32162242351813913,0.31204403793782165,0.29419000482474134,0.30435461714189205,0.3018264661871229,1.351749728584482,1.2427490467383169,1.1259243487761366,1.31823122649029,1.2304135410554968,1.3357639251346975,1.2211989106945562,1.1994486488413714,1.198894427291303,1.2059155256696648,1.2963061658675763,1.283285171385954,1.2554119134244213,1.323518800252493,1.3353212801431695,-3.186227694293308,-1.1865867494135216,-1.8458296916174959,-1.417537502037618,-1.6591502776983873,-1.2706609625317071,-1.1654496363946691,-0.07892915716828952,1.067166429631186,-1.1097830435361118,-4.007532660714531,-3.212361457039549,-2.9300473944412886,-1.9026791959179548,-0.29050971887383525,-2.039765395417188,-2.709358414126781,-2.692585072937636,-1.2202450064855899,-3.0058865031585085,-1.3329882091666259,-5.216850394355292,-5.090337664325584,-6.066000869847791,-6.656618083645295,-4.590785262575978,-4.004373324928729,-4.484507706087234,-3.1280821329237907,-2.267199099823691,0
0.28501002508779627,0.2913420175181502,0.30246737903778054,0.3162756768488597,0.3080644886857709,0.3082142634471257,0.31173391076849233,0.2939352166519411,0.2836240834197891,0.2966661723699173,0.286264364775128,0.29057512852700124,0.26064530451233714,0.2728305239026906,0.256219708257577,1.24989128764914,1.2486382266366003,1.3019914836227529,1.3483558505133397,1.4347629971640692,1.4031496648280262,1.3982078345221969,1.3947115700024015,1.3962802803263354,1.397203230347573,1.4006206986837766,1.3809902328133679,1.3822447100362034,1.396089003186215,1.4259564765379769,-1.0288295563165661,-1.357042221403816,-2.567453777753258,-4.004615250680104,-4.9314565962660595,-5.047141992918654,-7.031070484656993,-5.12848899214336,-3.423510284223312,-1.606446648339272,-3.172958058104058,-2.5810253070322915,-1.1944791515605857,-1.3588814388312187,-2.351015521211309,-7.431158455647748,-5.009379505629876,-4.463825160867283,-1.5784299753124165,3.968054950675057,2.8948560930773195,2.287569991230757,3.0049734190670687,4.185071995147461,3.8648241900546654,3.9895524155483963,3.644960635656025,3.1914475834783365,3.577789421882773,3.1410894469718076,0
0.3511161203333868,0.28803826986025727,0.32894883113973084,0.3227415032406812,0.30238477453910223,0.2974562123717257,0.30485417954574634,0.31078171279130495,0.3131435271592645,0.31138717032123286,0.2956307193196251,0.3082328604239789,0.2975057427160812,0.2919626241488956,0.29928429710824156,1.3107755145739823,1.3835415591738598,1.3949328860815975,1.4033875509486007,1.2260397040275137,1.1628052804241635,1.1546003324130238,1.1994182944785954,1.189177107486329,1.1568623781976939,1.1551858050884283,1.1404199801809558,1.152926085945794,1.187183866835115,1.1632169336279368,-7.583108915371099,-5.417852532124954,-3.958307878194148,-4.775290935164463,-1.8811862899705716,-0.2982875953199198,0.1435510658562862,-0.19086162054128408,-0.562133836318111,-0.40315911418770156,0.9858189533714494,-1.1600869191185552,-1.1643478465320527,0.9146194495826023,0.0693398904952005,-1.7371344714508488,3.056546748627325,4.936136573706201,4.390595259695043,-7.05353119166182,-10.907927924345842,-10.716277303868674,-9.991741869237112,-9.812754382042941,-9.437678512288265,-9.240294676270874,-9.39101687297862,-9.866101346117949,-9.394246694313582,-8.811051151130945,0
0.33357952886815523,0.3069700312985679,0.3127124079203472,0.3388209260160151,0.33999805084174106,0.3368260589728148,0.31563288267613493,0.3215593492739879,0.31042494375973617,0.30574761234837,0.30683740727904624,0.30790654611588253,0.3043894323906763,0.313578485012162,0.3083615657092778,1.351212656356214,1.4417731958930349,1.462768707169678,1.4298485590845145,1.3985756272348386,1.4092468012559225,1.4240854642921212,1.4560074862836925,1.430024096161322,1.4477864994436802,1.462000046477048,1.4334512900025502,1.4681933973306254,1.4838897515156164,1.4659223509795298,-10.805190671903176,-13.985857924074026,-15.457017130817633,-13.010205151632192,-12.3077184878058,-13.675584804149224,-12.320754309770365,-13.572922168200307,-13.558801081524365,-13.252121003717406,-13.353422331452208,-13.006760420150442,-12.884475820662715,-13.648068863660285,-12.656094837077148,4.198470237127344,7.627665865325533,11.374355211195354,8.429926192100199,7.8716171667903465,9.387513490187397,7.51803133576077,8.757992116739986,9.157822419065804,8.836345050477659,8.13567964585908,9.07728706970964,9.985660488158212,9.325469200385113,9.59998597434717,0
0.30145441357158637,0.31052601198075547,0.31781503663440747,0.304230357732993,0.3126552520284547,0.2972366549660156,0.31148233263490266,0.31063388781348056,0.30452996795820275,0.31247757835608037,0.3078960548870137,0.3007841098697541,0.31297006457107834,0.2928133819611243,0.29326751336592916,1.1784590986905439,1.1990567013975921,1.2115685590151808,1.188237094510753,1.2054500184894292,1.2084471094952978,1.1725386689637392,1.1832134589590735,1.1651641539012185,1.186130811507413,1.200169191588896,1.1704864365141998,1.17940644388321,1.203090695850675,1.2797981249637997,3.0102720388481714,2.154601068414763,1.4766316282035916,3.127828848468255,2.6876570178646944,2.270380180133259,2.835615206164789,2.838752699627207,3.7248143838177157,4.055558625362806,3.648868120060513,3.8240428466658614,3.7911640574832575,2.9914346921572132,2.707447428991628,-8.582520451664536,-8.59429811551281,-8.716899722377962,-9.42134821244104,-8.507866939519138,-9.156644320062801,-8.860105998049807,-8.65673701470008,-9.241979059313667,-8.811783833953337,-8.126762013956869,-9.320445651238494,-9.00362918529557,-8.727846109383142,-3.3655453345551316,0
0.29960840342127937,0.3082328604239789,0.3112030692190363,0.2950477087072716,0.3028198508034865,0.30519824722643357,0.3047654816284313,0.29541827561189515,0.27593213753241685,0.29346745527293067,0.29870811846062517,0.28804324877917986,0.30322095444677877,0.3092014147693831,0.2925281638041839,1.2537947715626976,1.1954636420502887,1.1888901176958298,1.191961134320252,1.1803647721522479,1.1323244936448478,1.1144624650604527,1.1395827081462604,1.1428312139735446,1.160187656903964,1.1984860010399818,1.3059558653274084,1.2773498106298475,1.2812554124976132,1.228096487503454,-3.282814227077324,-2.9952405817040244,-3.6438822186911466,-5.013304619391079,-4.205553261910211,-2.439279045290988,-1.0929336215358774,-0.5584839912445432,-0.5523327834398515,-0.12481972651636397,-2.096918950285925,-4.248632380860187,-3.318890866607177,-2.4420948703382805,-2.6600060144767497,-6.323692544272335,-8.119074457300801,-9.516586333390796,-10.579191029311621,-9.310908271624076,-11.820316230569519,-12.008911390396246,-10.69786941223131,-11.637882575206714,-10.998079867692368,-9.739219433662802,-2.5855736956816004,-2.6977555065527055,-2.4952572607271475,-5.643324882251214,0
0.30570805504747073,0.3147928525351951,0.2896004272484956,0.29896631889395187,0.2950776453425171,0.3063715628901792,0.3040551365862384,0.29555175557168717,0.27392509118948627,0.26340030611471754,0.3101738627986777,0.2826392834863175,0.2992282820455237,0.29356535414989304,0.322465628148182,1.343345338518407,1.4183125201319486,1.402424873708526,1.4314046113077425,1.2179271175993591,1.219636882656276,1.306080644339554,1.2960256745197278,1.309592186306357,1.2885281744270973,1.300348076979772,1.2760958929407136,1.231227327986021,1.4634512104957251,1.3265091430188845,-5.105491167259572,-5.151096263430816,-6.558647388395997,-5.460208366653262,-2.653328925647429,-0.4648392693710548,-2.8010607413795583,-2.0666653268877155,-2.5891637268898933,-3.4527971442373087,-2.0260111500099356,-5.212537580403591,-2.412380054083286,-3.47148619728884,-3.997644831876812,3.392331274984169,5.6033672127924214,6.379352690756387,5.520413199278681,-5.901381620204234,-6.702783668851006,-0.10372926022486069,-0.7529680192239794,-0.25097423505987737,-1.1686870916747139,-1.1320229813617646,-1.745561304189812,-6.100241888669671,6.359720535016102,2.1846130302587152,0
0.313611685391719,0.27745753801058665,0.30417703232335086,0.2943468067611529,0.30307083436007454,0.2994800138529816,0.3074455057823364,0.29514022058628947,0.30529909477222406,0.2881924729009806,0.2847498642559959,0.28974312076941783,0.2930938505827307,0.29402238477423415,0.2893673661925855,1.2257819053896868,1.1999120655097015,1.1847611153097497,1.194178071437827,1.2283101598120765,1.198253260089666,1.182073737185921,1.2086520823923284,1.2060927182259167,1.2321140708474871,1.247235283158647,1.2493018653879389,1.243192584657175,1.2164694877178621,1.2185454203078288,-1.802767094533067,-3.7908369115390883,-3.010356493390276,-2.24285754058738,-1.233679060155083,-1.2556253766879024,-0.005421742982008482,0.22394953379497906,0.24510833200343995,-0.17551398157780795,-0.018288123682594914,0.8005148521552883,0.5559210190228328,1.989688062301866,0.8018646273426384,-6.301303840835312,-6.268500442066419,-7.337360229888126,-7.1604977570811865,-6.770546063943327,-6.250417507377344,-6.591535702442851,-5.840480886911176,-6.054106380908356,-5.488624576044518,-5.960220507883674,-5.158456762834468,-5.627291131996978,-5.833098852781665,-6.009165257008511,0
0.30757070492441574,0.3174270175483223,0.3185806749090415,0.30671010195615783,0.32264056181473344,0.2987355384516607,0.3007220793169601,0.27427442865447715,0.3051442175380486,0.3198517724286033,0.31277695853360593,0.3056512867830261,0.3093159917916424,0.3027277097035673,0.309214986795263,1.2103870937103105,1.2274858739459278,1.2391551799750449,1.233884755039656,1.3536071021019103,1.3388196291004941,1.361768702508838,1.335121157156257,1.3606611900793824,1.3694061882845423,1.4248433720610616,1.437170713503223,1.4780884348170087,1.5179577525835641,1.4476409725813562,1.5321632081229382,0.6913496595978188,1.3005176746585505,0.6756189367736454,-6.861437090229998,-6.2121340305772605,-6.746649316448355,-4.4198991707483515,-1.3434966719809154,-6.095625740554681,-7.643527249212582,-7.809152529781812,-8.801275847812889,-7.782550591453315,-6.0632790494119035,-5.558037639236257,-6.474575183456459,-5.922271052417918,-5.1240154226355195,3.5223728712315925,3.951014282444779,3.320292195424606,2.2936185623113112,1.4395863500680532,4.501464749649308,6.950790660050963,6.085208090014518,5.559544476389812,6.446852049700521,5.582959002943161,0
0.3055628434171481,0.3058308300313093,0.31642332872101964,0.28482526185876844,0.3071303445251008,0.3246440858781387,0.3269641254176231,0.32855638955048383,0.3207372722154651,0.31900450111035983,0.3191369930362687,0.31814911490207387,0.3243048924235302,0.3324103024651504,0.25946446396831707,1.4299416415142752,1.4806389341907127,1.438632711036371,1.2716536349329717,1.3041599762880605,1.2739086398159525,1.1749603732122758,1.4928490468889901,1.5480164790936681,1.4553303417336985,1.4517853122763398,1.4249747394870425,1.4315352367798289,1.375431770118221,1.3906889509386393,-2.630421038469592,-4.779204264002175,-6.394111115688389,-13.87743459810153,-8.178225946475521,-3.3795136387265075,-0.8993857901290028,-9.42599446286161,-13.11601301211445,-10.13908622384065,-9.65372134857273,-7.276129005604332,-8.21075704256694,-6.4115575042129365,-8.962590301118922,3.9569732692752577,4.82799279720585,3.460018766400984,-7.5750558406365744,-3.7584168556881217,-2.941323908579877,-9.529442668417511,5.11566170386874,10.578945033573211,8.230391739785823,7.9617739059147565,7.518785820946828,7.18170676103627,4.479274742128061,4.156124222828786,0
0.3456272498883286,0.3524570007299898,0.3221899148505978,0.3613740288199895,0.14299527651458388,0.32008454988736956,0.33347458269219815,0.32119939921709306,0.33970777119449147,0.3434189689669666,0.33313123697785446,0.3264573281265142,0.31743976029268983,0.3189398758234118,0.24892724707494804,1.3547675503120549,1.4262399867683901,1.4177631940172666,1.4106939627282957,1.1956952255558435,1.2063438554645427,1.3422964407950457,1.3470680149696175,1.3723612699015748,1.3961313166813585,1.390913583374938,1.1919237248259156,1.2061372681336975,1.1976155826034527,1.2050140607069246,-6.7167590936131205,-13.636040840684842,-11.210561777361534,-10.21452601685553,-7.798531545023195,-7.02838470530736,-9.091474101231086,-8.154299380686695,-8.288076662922634,-8.826661559054088,-8.976406990540482,-8.370815664353898,-9.055568214962705,-7.9577088584694025,-9.231714523005678,4.870247618406173,8.868145308614004,5.087422587291703,5.882892880277761,-5.864901811694945,-6.1691714372282185,1.259351868005266,2.601286072482415,4.193186509658749,6.885189928900845,5.8393493365611535,-6.258569889045249,-6.18193305388045,-5.6181218651007585,-5.970322250474292,0
0.23489401962828152,0.3405090842081535,0.25050781773342695,0.27614133845562777,0.32285658522363303,0.29180436302893753,0.30974809892810573,0.30328757618104224,0.32263818414536954,0.2986429842392063,0.32377112834200766,0.3183922101633997,0.3129457546751975,0.3082282387133025,0.32781175895740794,1.2252865620173585,1.1680628960142119,1.3583025344637558,1.5692304802784336,1.1482740414686239,1.2465270473875496,1.1790601964878464,1.1985274249896922,1.2964683633441443,1.1737232160189661,1.2163127361707498,1.2088189462525696,1.1844611444921587,1.1997150926042994,1.2024264934364495,-9.139159210414817,-4.71602258321505,-4.5410988249255695,21.03197092199673,-14.718717072600072,-16.30194512942117,-11.59539412314308,-11.07498745514502,-8.012801672284894,-9.642040291715716,-8.542260175830677,-8.520679603540145,-6.810636980690077,-7.67440963495207,-7.712086045440486,-4.6255719605966785,-8.661276895258625,1.8064335089125063,5.369075351404063,-13.67795631510946,-7.566117696741496,-10.504784098379803,-7.136604272685296,-1.277331177601852,-5.4332756270917475,-4.8455909155819334,-8.956341924214136,-8.512393828129483,-7.547852934578784,-6.14851764420994,0
0.3383134568004351,0.3098474652217482,0.34552352768518635,0.3352195095990793,0.3232080096846471,0.3070230417934573,0.3002263052235648,0.35207962776082546,0.31495267115061887,0.3438573187286913,0.3294034667682142,0.34181018164188015,0.3053929234605816,0.32428198712392525,0.3125352226681769,1.4041669836467146,1.252328781798271,1.3061541209359357,1.3505831261082974,1.3253414757910091,1.2867645674584938,1.2700287078254442,1.2973372542093191,1.3407067883705168,1.3474061453344723,1.2870696802608455,1.2837687840862748,1.2667666209463064,1.3272987140061583,1.302779294177589,-11.591578645268442,-8.728507032351246,-9.232626685467693,-11.911048629719886,-12.467014137156383,-9.896854578602643,-9.26888955578724,-8.869010183868681,-9.739184061292406,-9.863375167845959,-9.077512441651578,-8.26128080050455,-8.588186795065383,-9.832256106605683,-7.284398041541635,6.419824986751508,-3.498105429905209,1.3379015863291468,0.778726006917907,2.6174854199790687,-0.9566211330210347,-3.3901736776361324,1.5762956844202447,2.73799310552303,1.677374296730087,-0.7203502923785206,0.6440684449500468,-2.8547645184731043,1.4678762343137426,0.8636012223098721,0
0.26154001866129195,0.3246928511563768,0.33919371841062484,0.3213860970960809,0.3273462328563536,0.31400893373776695,0.32249340177653996,0.2932316715199602,0.29712296050709147,0.3146491633241553,0.31455639158440196,0.32716958610675395,0.33171020919038785,0.32471633100011266,0.32011569080421304,1.264233854224817,1.2991404307783307,1.294829053362095,1.2650228603989317,1.2557102707424244,1.2838924503962874,1.2570479782777635,1.2595282187254255,1.2376254597415446,1.261816746103074,1.2563652708506092,1.2708040725671716,1.2599919162780462,1.2818415958739355,1.250838689184714,-8.491667237353397,-9.359385144338262,-8.705119629599011,-8.513345718748639,-7.731637579946437,-8.268261246242105,-9.194918757794852,-8.476344981833506,-7.06502139498869,-7.16645352674621,-7.974684384652704,-7.594494075318181,-7.894698660159065,-6.802883309380007,-6.997106395040504,-2.3926058131788603,0.5870553027543003,0.6754118718098918,-1.2499797475635943,-1.778452548816088,-1.3648413623388658,-2.64330741373817,-3.4661825225385443,-3.387662486912213,-3.0328429230742477,-2.2421535997299933,-2.14585814191347,-2.3401013688536865,-2.687078175143677,-2.305812913671188,0
0.30328192016565925,0.3234735516626283,0.31901843407017433,0.30744530967309625,0.3174779796051337,0.31820685463634135,0.27396660571934184,0.2979440318117771,0.31555354052950235,0.29978174834894317,0.2959181991627988,0.31390368050664724,0.3165538367154662,0.3104969393945684,0.3191960066293551,1.4806880159885378,1.4466518963219863,1.470685121444623,1.4332376536387095,1.4490570532937512,1.4945543361429978,1.7746993706749967,1.7015621297097574,1.592571949439992,1.4643768525929781,1.4311312645218726,1.4673632651497477,1.14007864865817,1.1713059486726223,1.166586204067091,-11.40827641958063,-11.047775309782395,-11.200761756765218,-8.58490162967854,-7.350273759179061,-6.144276070466077,-5.719204663530888,-5.73283351468271,-6.121819345352435,-6.039548843345301,-8.841173322654498,-8.041100751186804,-5.8329062058734,-7.301150439511872,-8.15357320487692,9.783114065976296,10.59305097788085,10.174868153707392,12.507256148954665,11.317648926765145,11.975348230175216,14.317326670923949,13.210742284280371,12.543042909838409,7.256573959009907,7.6587516189098634,10.085377434867352,-9.235482951253132,-7.907743373307973,-9.223859152958841,0
0.3132258753973658,0.31384309534011023,0.3185354732300228,0.3190596617339122,0.3087826589205922,0.30418426287033684,0.3132875282873607,0.30547536877668224,0.30316784206371117,0.3154063532028023,0.3110326751972052,0.15073367379104513,0.2552594111122565,0.26111313489113375,0.25271499932671493,1.2533929278115499,1.2464566244970425,1.2414151641815814,1.2306884236950797,1.252439712681302,1.2669354100643202,1.2561684256331571,1.2601841581707922,1.2504205828225528,1.2484262503389563,1.2537626480006052,1.2341079649971243,1.2284383779200405,1.228964639162537,1.3859833933444679,-5.78815924918473,-5.885383686435574,-5.230893332117375,-5.8060790972875225,-5.733095421329011,-5.960530216596936,-5.579842591063738,-5.805772692992349,-5.391818339690843,-5.367377641156594,-5.527233569230077,-6.4265677832115955,-6.858510132377205,-5.717730784667452,-1.594151989348461,-2.484492962757114,-2.3868064302698317,-2.7399857709357067,-2.4076868268140483,-1.9313523040692708,-1.6216176444678878,-2.189425974239814,-2.4560344611984726,-2.448031246407696,-2.3557499783023856,-2.1879908770596543,-3.023532866662509,-2.680669515989492,-2.7686889662547745,3.565974211162275,0
0.3061824980951841,0.3002423312240098,0.31074173397251625,0.2984771940078208,0.2995109561002162,0.305823969449289,0.3022394132047064,0.3033742695940786,0.2999147313588585,0.29965209018517536,0.288977778467039,0.3022231655349892,0.2840262220874364,0.3063871750841517,0.2949953548944766,1.1865527960694613,1.19061125552819,1.169062208019557,1.1959017984692717,1.1926527917298229,1.18356197670732,1.2173339030185186,1.1829630650170426,1.2287646120409135,1.2022851044314888,1.1987822588097599,1.2066402170989294,1.2064521428883817,1.1617988200253324,1.1547637195860359,-7.157922129026048,-7.080836386343464,-7.047697647997097,-7.0596904636660724,-6.495320409829077,-6.1685413346895075,-6.554618746196667,-5.845982404389616,-5.058539925364556,-5.911556382805514,-5.860524358596706,-5.802364475942454,-5.91695510693819,-5.281126454755849,-4.213839789348441,-7.701489146488749,-7.975304644667189,-7.9996027958098,-9.139376900151829,-8.433917661430936,-8.318917420055097,-9.07603595142573,-9.098348411969084,-8.722262618225155,-8.987691135953524,-8.299690636330421,-7.438646629833362,-7.630337984242347,-9.832271360596323,-13.143865678726602,0
0.3251511840021176,0.3130369590415664,0.2826951776587615,0.2758449334472953,0.2598683357522329,0.2785375308899716,0.21082861883927462,0.33561099874733663,0.34801280821582503,0.36124478571599267,0.3229038719057528,0.341678324184234,0.3031186802193184,0.349828970046298,0.3435833144050183,1.3558216491361865,1.4957079610201878,1.408948754214027,1.4876852758477328,1.421430653713323,1.443009001149773,1.4211081451794079,1.3300737741060622,1.3810725068666492,1.3355518245135298,1.3498333491532035,1.4165562768053865,1.3843368175284863,1.3739925026466786,1.3585181409990468,-3.3153380476658754,-16.891079365478276,-27.19844817668303,-24.277403182783644,-11.299145725752936,4.695375513403945,7.6169295860421755,5.019086950773385,2.520342573029353,0.04608773445167458,-2.0127339104214457,-0.1866873983523476,-4.925987559522866,-2.8700085802586557,-2.8274787729302204,2.036609215923777,7.585161218820912,2.7639120390509655,2.651983681946393,4.590453353577155,3.3475525023873685,2.957298493608837,2.036202003902166,2.8148920569232003,0.7563374636079786,0.41072786677277223,1.421969876544538,1.3177228118326092,0.6144226114520533,0.1921688255247733,0
0.29870504432726647,0.28691369740196565,0.2838163462132261,0.2736115058566231,0.28336143392309754,0.28372649871541983,0.30335363212036426,0.29464427678297195,0.3229982285466202,0.30491447279492334,0.2784168496105567,0.2173475356898338,0.20250180866674206,0.2915342761560637,0.29511594026059074,1.3210867611469348,1.332980472141134,1.2999789425885548,1.3215131566852065,1.3195212330611314,1.2997884369889245,1.2953242454370772,1.2959667726173927,1.2515142901978318,1.2522210595373842,1.2945204101799204,1.3425258457016835,1.2750410468634292,1.2890887120152095,1.2948080346058013,-11.238633327991437,-12.048623642940015,-12.953066499681967,-13.429491363716238,-13.518328874006613,-13.350760717419291,-13.373173907491179,-13.981697229909457,-12.822776641469034,-13.833293243382343,-13.70536363088965,-10.33948555341027,-7.909372997587212,-8.34836894442003,-8.302350269291765,-4.017874353736171,-3.5852896344811205,-3.273597227699448,-3.9757867222815975,-3.8584851175584673,-3.9953426994605987,-4.107361442040823,-4.0909720182830505,-4.17405216340036,-4.526089378635325,-4.245335974204477,-0.7631895601963471,-2.574728085459362,-2.4669917308395304,-2.79881568840283,0
0.30562556074216224,0.294194844696711,0.2957024513518045,0.28959544080617894,0.2946914650983167,0.2879735976061232,0.2902891029891421,0.2631260939318748,0.275998204009828,0.2654951556630097,0.28699351966561104,0.2915670933008109,0.3107572912374382,0.3110426325659535,0.29218937435923165,1.2873022425798841,1.278965870334913,1.2767411181738095,1.3170703623769553,1.2726922248275951,1.332636184756865,1.2984201196684717,1.308249921065621,1.2974652977745045,1.3628040824002192,1.305265765719563,1.2928287075415505,1.266503793300517,1.2950448939176156,1.279891538346007,-9.622141139181707,-10.205473124845781,-10.823980057887155,-11.224509984104088,-10.14083984075151,-10.416085319448655,-9.601665392597766,-11.521138621265294,-12.51843358471126,-12.006902028637228,-11.238844278162333,-9.247769535625963,-10.032011366166927,-9.126321862999788,-8.996918701060537,-2.790480102645342,-4.1130470775969235,-2.5707579540553414,-2.364304782836684,-2.894337105297446,-2.6436330262803494,-3.2669556804526723,-2.6917545783604995,-2.7941069207625597,-0.6340446656745036,-2.1220424448500834,-2.3780424650734946,-2.900129873685554,-2.3697912850486977,-3.8045598828703007,0
0.2908945575993951,0.29747792122535577,0.29488848644912996,0.30609035844069643,0.3007935650324262,0.2624071738511978,0.2997172090845618,0.1774916620965975,0.23283285845619334,0.2975885935470982,0.31097744252012843,0.2651725423198395,0.29565386269090055,0.28991847580128155,0.2471707408892827,1.2821102700169715,1.2555675758609568,1.2685803077176323,1.2838211354114466,1.3116508665074214,1.282862519370315,1.2733330763044128,1.3043817466426773,1.317400007469931,1.2745348617694716,1.2861346896178718,1.2704330400956465,1.3054557622915401,1.283467719325766,1.2737808012390985,-11.828995017040938,-12.359605071317873,-12.097720552762354,-10.815700866896947,-11.013062553888176,-11.66704527076351,-12.18461981603707,-14.378284713189203,-13.828431633420394,-8.01832482496718,-7.20817518055955,-9.052473958468056,-8.6565312064767,-8.260648827153432,-8.929165004387954,-3.007909496861291,-4.078976959277977,-3.4619441980445167,-3.109469653822781,-2.998038941655422,-3.280372603157314,-3.6482012739521013,-3.226033777127205,-1.3340165582583938,-3.031872379143023,-2.623405070973112,-3.027551792202495,-3.0936172421960144,-3.1741828458665817,-3.4969854506926823,0
0.2797021352849105,0.3065273525061686,0.26034301186472114,0.28294065934657436,0.30571747822711387,0.2494027657544126,0.2882964132690452,0.2995030713533364,0.27275451090927216,0.19366624161737084,0.26053398631587155,0.2955329888654473,0.27334514211686173,0.2806443289810171,0.2744650696817383,1.3134695384300226,1.307365518083502,1.2580148095984034,1.2744973942773472,1.3150005389978043,1.3266525979780959,1.297401848911256,1.2820906221189268,1.306308312010368,1.2997066501404242,1.2778062738752232,1.2858271868960038,1.2694433259373896,1.29004772208421,1.2802094356265816,-3.869942797511328,-5.77295387687704,-5.000207236083014,-5.826409066396991,-6.784339651225054,-8.106723005692203,-8.098884866885555,-7.90961056178233,-8.969144038647045,-9.883716357417171,-7.420262131721387,-7.3865304262259315,-8.476597006983809,-8.634109130433558,-8.212009593488489,-4.593627471683297,-4.0630619499385645,-3.3192040979299517,-3.015675990189172,-2.2709010864854804,-2.467808865798043,-2.4542142542582046,-3.490743763775155,-3.7159059470834266,-2.6326176728122372,-2.467371681209833,-3.300702712506293,-2.8302577831070073,-2.541676443759858,-3.1170873654779756,0
0.25292980944693466,0.26367755698040307,0.27052375510821397,0.2576153540708109,0.26708180722407704,0.292035703077305,0.30972757157520525,0.30694798878415774,0.2879778403657123,0.3159759242105555,0.29786664739689045,0.3261509182591785,0.27479519069268177,0.3063772883166293,0.2401764450510136,1.2814569572479029,1.2958215155826782,1.309763356486633,1.28566463401137,1.292068482264122,1.2655171797882883,1.2909264384553651,1.2863551674684006,1.285225693633935,1.2835364023644555,1.265374050359718,1.2940239251358037,1.261358777329934,1.367696772554534,1.265374050359718,-6.471213291205146,-7.76225423668464,-7.397037860031475,-9.120720851501403,-9.477906605269851,-11.339213969230968,-8.277127852244632,-8.270601137972903,-11.283547977199873,-9.06457737200617,-8.755938202164032,-7.864529546825054,-8.982218519052594,-7.262232336562818,-12.828467975814647,-2.3911613540882724,-2.681139768496822,-1.5936099332285114,-2.61292452220818,-2.5390193980617166,-2.749936389703693,-2.373025534359079,-2.546851384881248,-2.1582019316095957,-2.463782907523488,-3.1554912774343356,-3.9383669838388617,-2.9586662630876237,-1.7339910630981266,-1.9430997513827095,0
0.3139212802163657,0.3281247986038589,0.31503446206332475,0.3142669763977149,0.296165723205822,0.2828482007135643,0.28877959323160035,0.29784046950563503,0.2961461295362817,0.3121496559958853,0.26564158117196257,0.2404834093388285,0.2622381703565111,0.25302593262521156,0.2620675111259175,1.4131445823942133,1.3807362693595386,1.4510031622956079,1.4155526226996147,1.4307898630103506,1.4915482741447397,1.4048242988775743,1.4287836748707627,1.3919641693257612,1.4473677898223962,1.389699295767011,1.384643124831136,1.3272801590659977,1.340840725522421,1.3434824119030917,-3.156326189195255,-5.75181691391407,-5.614632507600817,-2.8208534933366707,-3.950211710389567,-1.4801223229588913,-2.5757493615826093,-5.4020635651677935,-4.956591388768686,-5.216744805644794,-4.309674391072292,-7.496505507680723,-7.840833002482583,-2.3628011926100783,1.7743951945746232,2.9346220485096053,3.1726764366565696,3.3788728833813595,3.7877544203586533,3.2781093924694265,3.7077628427976705,3.1062095764533666,2.4228869763131273,2.1293344197538513,3.1477314393323264,2.861234105695342,2.1173050885882403,0.6829465483728855,-0.8628693784503266,-0.4479432615702609,0
0.3141023005204452,0.30847306288565035,0.246859851274747,0.26929733773014997,0.35069076090408613,0.29968823925203325,0.30057866510834275,0.29358238989935825,0.2997854237479599,0.29016923078257434,0.29980962738650857,0.30501933815920335,0.2949466603500712,0.32266014246908353,0.317171009555339,1.3527656372106536,1.3187439735442605,1.2962067461327156,1.3175112978760288,1.3499579100509496,1.278561725405122,1.3176957501406312,1.3166476675280985,1.3131662912226223,1.3483433191130627,1.338596497827003,1.3309532411975171,1.3210517772183388,1.3564435232492633,1.3386198799969284,1.1367669791342792,0.48565409749824084,-1.2900641301522455,-3.60998785851487,0.27084376298671486,1.874320591533433,1.8065019614149662,1.022226082372839,-1.6865286754684803,-1.2549438691482635,-0.62670574367732,-0.02761208690904482,-2.4771603322664646,-1.7067442586075003,-2.995069521607064,0.739278458552903,0.43566340076061416,0.457999964175807,-0.04275131623541905,0.2537777015102917,0.21599885826549234,0.2627556740154552,0.6366432449441738,-0.3707824762121912,0.292774830819206,0.7125220832112029,0.4602440348701394,0.07648789090770654,-0.11990461830357112,-0.4442301269415375,0
0.30635519597003974,0.2895905080590304,0.2939027383913606,0.291784653061265,0.29695752299823464,0.30085424206994865,0.30513963563491164,0.2998376930609399,0.30319374344104677,0.3130549462706731,0.19683030854988331,0.28208848594337993,0.21246642252669182,0.26659616401608777,0.29427586750574897,1.3417384808713593,1.341275460836705,1.3272956627932222,1.3411027707879772,1.3446600264751603,1.3443022515983658,1.3404155782161804,1.3418799768753324,1.3329896924108688,1.3763011953449322,1.3399466045414463,1.3093302531223086,1.3398065974383024,1.308090731781349,1.3354719142115397,-5.2766123010240165,-4.843613935778336,-5.364553720054431,-5.583601354044589,-5.247753882500746,-4.167271722450749,-5.297696424436765,-5.123984822051398,-6.104680979750867,-2.8752205720946904,-6.945734296778625,-5.854184960558314,-6.973631250461011,-6.959458074102088,-6.934556196602102,-0.8044303919566345,-1.2476828683278738,-0.6462105410911779,-0.7571578577694003,-0.4590581685106435,-1.3833353109908852,-0.30990056767652696,-0.7524221199009791,-0.37195654778476334,-0.725292369598233,-0.9517229458949676,-1.560500844371002,-0.6152948769774514,-1.5693255718022234,-1.9855790468111632,0
0.25209044119211743,0.2790063558646897,0.3145524379770601,0.3033256673440695,0.31088136242750763,0.28130053742743,0.29383246354133064,0.2765373664250895,0.3032871619124399,0.31122770508079567,0.28220052911531546,0.26578853683741216,0.26823182786689215,0.28358039823077663,0.28703636647454245,1.365261000701323,1.369080312324746,1.3458388071376717,1.3442641572546288,1.3462031917697057,1.3353724882639204,1.3499579836606734,1.3118541522782312,1.351159160762913,1.3318949380235268,1.3480611055034422,1.3573162588314405,1.3278610725585338,1.3547620796561817,1.3313501593147055,-5.521934275901202,-6.300797953447699,-4.229148550488048,-6.140392456797144,-5.455133703624654,-7.446288939308516,-6.155451708684723,-7.344143772911821,-7.4523716573988565,-5.568249780144697,-6.715288266237479,-8.29528180711091,-7.676208397719364,-6.251052251090982,-5.456187397866785,-0.5792264185879479,-0.8076949374323046,-1.422174234986768,-1.235896291075346,-1.8589012176669764,-1.2948805072716278,-1.5246456062945473,-1.597398683771191,-0.7960947178220638,-1.206300140449882,-1.0224344655825703,-0.5334146574857452,-1.1898727904105704,-0.3103686661784047,-1.403264153774249,0
0.2588460314226332,0.23328664404334842,0.27931904859463963,0.24918124832408217,0.2602985214583736,0.26789651600059816,0.2618155038476677,0.2461994987553966,0.2885635866434251,0.24865898853912818,0.255522865858133,0.20286250116605567,0.24093489904179113,0.23586914276916024,0.2493403614921772,1.3098264346242654,1.3784992930273858,1.36655388466979,1.3083701116392596,1.31980489147532,1.3472759964980199,1.3227360112156457,1.3354105587493657,1.3138972508441222,1.3162261005278826,1.331880912699768,1.336745360357035,1.2858943024101908,1.3340216073235318,1.3779895167475664,-5.910126988360076,-9.205324410649439,-7.3600374865762035,-8.873046495108952,-9.958334011619769,-11.29219030277443,-9.694325828299895,-11.136152031757263,-9.921366996631434,-11.96776934601587,-12.082951277200067,-12.02220363866104,-0.8427898397661124,-6.220492687205194,-1.6043299087423577,-0.8929104471125345,-1.8847509377865244,-1.415432792870199,-1.9444922987799842,-1.7671534838434175,-1.2261986763390702,-1.0643066143288114,-1.3056228265381236,-1.8864170883846865,-1.2670377549874656,-1.8090610059320829,-1.1955630678138756,-5.732237239203992,-3.73335971392134,-0.871568682452941,0
0.29882593122632545,0.2834413556380193,0.2801055299309352,0.2723198859502719,0.27691290940674995,0.27519613054421066,0.26801867632631327,0.28582058896025264,0.28230738497738334,0.24247430641797235,0.2770952245823505,0.27409659247083984,0.2735187993961443,0.2637654111609619,0.26242400105200037,1.3439942306644852,1.320397232005972,1.359441135618448,1.3306741503124004,1.292376639861391,1.295922583723417,1.342407382865801,1.3153964346326301,1.3134618365765411,1.3157730707541428,1.301073605673969,1.3179744776998474,1.3377828796997768,1.3633219062908677,1.300072643592228,-4.9701848486833455,-7.193269134278438,-8.333068201960117,-7.0324045226247165,-8.791551245029694,-9.839611775711461,-7.118814343969007,-8.036689788818563,-9.009891292059763,-9.4839384485077,-8.97960331652655,-9.53573775405087,-10.502776918942686,-13.970746836634817,-12.26472640019037,-1.3981359347289846,-1.3474208513236918,-0.9654935609535077,-1.4069606201055398,-1.4827222893832497,-1.3431021642974188,-0.8874531826798548,-1.2221451337633331,-0.9380191401512772,-1.30542230639084,-1.0834497529102411,-1.1027268957063663,-0.07551465968293368,-0.28581364810617094,-1.17792537340141,0
0.29053524175644285,0.30300191775718444,0.24844077916305815,0.2547535579976953,0.2608346352168714,0.2745007034999051,0.29898164737581934,0.30142162016834106,0.2869915046501471,0.2716089510805278,0.2736829755307436,0.29611012834719197,0.2892564303419064,0.2746197859473758,0.2694064604080678,1.3048690935807945,1.3123875928017001,1.3421567182352094,1.369538747474749,1.3470079744977617,1.319571419427204,1.3238362694375856,1.3189527417770643,1.295032374719386,1.3103323788538868,1.3045002311634528,1.3184534933865075,1.3208412584133555,1.3035841976646623,1.2914529618466164,-11.368722107840654,-12.0241710272484,-12.490928106701432,-13.812432417441272,-13.948249721393523,-12.654032795125062,-12.642545348242919,-13.011424290774471,-12.995805996048148,-13.465017610682793,-10.628042472821846,-6.517836630944856,-9.70193293748045,-10.543843640523733,-11.594614079606288,-2.472650438300307,-2.193763785829842,0.1541209029030465,0.626498319951151,0.3406918775118499,-0.46995941622211307,-1.8194960350453997,-1.905618731339692,-2.7491310042202253,-1.2615617046592291,-1.6505259785447675,-1.986147838717705,-2.411600922499772,-1.7588898278443905,-2.2926783310102787,0
0.2976981871696839,0.3252909481344691,0.3138817915447233,0.27064622326684973,0.2350314632968527,0.27037647853242747,0.29005736017898653,0.27465400092429904,0.23252551135291433,0.24069577935086922,0.24312806770420337,0.298917991076545,0.3063004907915339,0.2671948854195043,0.20689116461768808,1.3189077251117969,1.4011968725234727,1.3909299367358878,1.3842889822006732,1.3721399795313736,1.3128850452498377,1.3071595055641603,1.3137577864515668,1.329513215896665,1.3338852996700779,1.3443931556689788,1.3556619937029215,1.3529630734208034,1.333393332461058,1.3219313244372803,-7.689271430102195,-3.185360514967556,-3.482930009650403,-6.149945208422594,-5.381102260408682,-4.132582747159233,-6.220037262635401,-5.5944295221228515,-7.551445175723757,-9.464998508675393,-8.554104614890662,-5.833148614835551,-4.978902750857856,-7.437780175332733,-10.873187420166602,-1.2482389663917168,-1.321276781514528,-1.2451959435143913,-1.4437625941640329,-1.8148646259272643,-1.172411545018291,-1.9765448475447382,-0.6171757087723209,-0.14558349767631348,-1.3908143354161413,-1.007624694457843,-1.8202982027836685,-1.8787611111584748,-1.8103128545753782,-0.9240073628741292,0
0.3772841436458473,0.3417561643175801,0.3826160067938259,0.31899012927329207,0.3406464224194269,0.3284948133417346,0.3172169329057022,0.3155693555630813,0.2828770295824702,0.3552860878607639,0.3278570718378775,0.34864979978033184,0.3435272210387652,0.27949225861325816,0.32015634134124826,1.3658025176771664,1.3240372495457804,1.346233801749052,1.3512794058637696,1.3409191206414766,1.321923867020883,1.3416964867657928,1.2952801062615127,1.3123274788061954,1.3323026413915773,1.3322084518015276,1.3077881715997122,1.3327016771937943,1.3469274539099598,1.344175666937772,8.122423835008448,11.724726326196219,5.124598942564489,2.3311563428988507,2.2665937808513945,0.9373728885113337,-1.0098872142648077,-1.3715914427094447,-0.7622423186137723,2.1344313472243073,0.6445414030807797,0.057625761493795835,-0.04081176761917504,-1.5780783099746714,-2.7153980031058893,0.47107976515625877,0.16512792938864362,0.38711766628736455,0.3548209965377282,-0.23577552857254236,-0.6378929814948813,-0.7942366803472253,0.08815622911170427,0.21266192276554594,-0.22143219789801497,-0.10164590602760007,-0.15219434600965312,-0.7809083396645602,-0.8337183691911672,-0.6117965526163648,0
0.25952527917015056,0.2858157122791347,0.302347172817638,0.3027048333157999,0.2967837721622102,0.28777127387726864,0.3217756456655927,0.30145990978389314,0.3134245244707232,0.28871615509021376,0.26618374682527346,0.31519916062239506,0.29397350960807656,0.28499333944177985,0.30656287321482023,1.297542491437843,1.2960190580807585,1.3283226791450762,1.3370175506829687,1.3261160412252626,1.2837311952618955,1.2819041745108348,1.2830435593580327,1.298583129625973,1.2894968785620196,1.2875588580266633,1.2874744911672957,1.2988112670865763,1.2920122103947167,1.2536902915971433,-3.500739813933734,-2.4042141289204437,-3.1436519202693205,-2.1808164021994685,-4.140707507915948,-4.32877490580762,-5.919409125605938,-5.507880775619157,-5.194016848304244,-6.042314400373073,-6.803936575023187,-6.035037357910198,-6.309609669783271,-6.664157838074601,-7.258249431674898,-0.9238044534416038,-1.442177280150011,0.2218697696487298,-0.4577123833047224,-1.1220559343261156,-3.0078441099709887,-3.748220639758523,-3.4041934988990237,-3.1664858001591023,-3.6025628836560424,-4.022178568763121,-3.7855143600460184,-3.6804854892440666,-3.342572473785769,-4.2372860873702125,0
0.2919575335876332,0.2987698179338638,0.24399795212017314,0.2715609217578476,0.28946309472428794,0.27453681800004165,0.28744647074500906,0.31742173311534017,0.27403606069528264,0.2727773509071326,0.26779817532180583,0.29819304772460997,0.29064390632080034,0.29718784773308343,0.30072131097811927,1.2940267203695757,1.2882107739635416,1.3192545541391787,1.2861532847538433,1.3265428609045404,1.3353139599904411,1.324177570153578,1.2908994910837726,1.2898324948791802,1.3206994526395228,1.3299213852436353,1.3975841359671775,1.3750292928396255,1.389241281105481,1.3576984688289104,-6.39402422477491,-6.0874347160168725,-7.1096410973123625,-5.056221958560172,-6.2195246910278,-7.230986370423608,-6.615385015226053,-6.25574300144703,-8.805945985897836,-6.3086256097845705,-6.68567770806456,-5.153809239781822,-5.344849920026917,-6.0175779861367005,-5.379994296807098,-4.255023012815224,-3.264930531285011,-2.5559420808945124,-3.273842066363066,-3.0511315475611585,-2.3895236325474323,-2.7408613825150447,-3.420065929915039,-2.8583633130356887,-3.053000512501712,-1.5321536177409443,1.0600394776222852,0.9819643405556542,1.341078025668281,0.07343018110031524,0
0.2823714834214307,0.30797865539724345,0.2886983164902627,0.27867983205089886,0.30345669032373135,0.2688932476378467,0.2703155557814846,0.2852235381064139,0.30521380611014703,0.25981417554143277,0.3008684879069302,0.3021960584069856,0.27510925026699495,0.2969811599831267,0.300952764130277,1.3739231040952937,1.369651043897667,1.3529401115139603,1.4088688977170893,1.370624552351697,1.2897784077284513,1.2833708315796137,1.3384009318410026,1.3446028324983545,1.364955509143733,1.31945412647703,1.30416668023094,1.315302918372756,1.3234410474581435,1.3126419844753026,0.6490716483619963,2.4771945654043463,1.149786041984953,0.21880173779132406,-0.6691830555269007,-3.584999662984103,-4.39367399631351,-4.477864526954278,-4.0499609801302086,-5.049490635290397,-6.136342491780056,-5.314025813080491,-8.26445214462558,-6.414102245007257,-6.57140569075915,-0.32278640978370626,-0.17857854106335938,-0.8737022635102375,0.021872919155151688,-0.3825385716990705,-1.7139318872706326,-1.1307227646113436,0.8355338801550308,-0.9963427566975992,2.184436491318683,-0.17111932983108108,-0.04779171076015577,-1.1157441328032038,-0.9269791344101553,-0.3398120386981265,0
0.2763141378210934,0.29640107754862743,0.26772063634419974,0.2768633698335986,0.29580633702353104,0.2908238173611812,0.26773311981635967,0.28791636776045915,0.2847540142582854,0.2674422735729035,0.29616668440195076,0.2828215582805594,0.2919889780879489,0.28826291556058625,0.2711976681791934,1.3923594852990984,1.3847154613526071,1.3803923915787328,1.3840666255307885,1.2957886665312377,1.3507248515033627,1.336304609929284,1.313779551409573,1.3547804425483745,1.3860674515669726,1.3477829579656389,1.3321414039009527,1.3516800466905916,1.3029598974678178,1.3117884691094917,-4.724742222881616,-4.8504122693062754,-3.6367496372225503,-5.063120911679334,-5.257986322435329,-5.68171151407131,-7.398055965507808,-7.194155720597962,-7.836965779923446,-7.611434285087881,-8.951686734425977,-6.891869488223449,-7.371566329731991,-7.275569663610099,-7.78783728644396,1.6630422504946385,0.9149926900836027,0.5430467711899142,0.6010312167106893,0.0034628252886404073,-0.23522685639307567,-0.29414166802894964,-0.5592555161939625,-0.3376812252387868,0.12551022727287817,-0.5977274276660618,-0.715574938697567,-0.11212019201829536,-0.5489686374261991,-0.41033094627530564,0
0.28225076640059066,0.26144993073423056,0.27721853184084166,0.28678936952217987,0.27811839618770773,0.27014456791254926,0.25302108110463806,0.27550364845717956,0.293134258694401,0.26590888245928185,0.287320717518326,0.2992064712556953,0.24677263167089558,0.2776929810385712,0.2920604748965513,1.334921744416459,1.3252498428515407,1.3266667840405717,1.3282292174341601,1.311694545717586,1.2894566183228136,1.2876424912764295,1.2653102654575403,1.2858970405304844,1.3042073018354572,1.28456213606722,1.325730223306813,1.2776163244111463,1.2816337017057984,1.2827962974756406,-8.370262312284126,-8.628556572720555,-7.316939031387193,-8.189054714595358,-8.773026380210155,-9.267266462141407,-9.592246823712088,-10.685747560708307,-11.477773002727815,-11.226985956404917,-10.24911429155,-7.807482775938439,-10.614219203934681,-8.430849958402973,-4.755828172050769,-0.6715897013658676,-0.640430014481644,-0.24548825951041103,-0.392544142768303,-0.6968251520992373,-1.9622324595158158,-2.3583213506132483,-2.3778171691887935,-2.4208247708172146,-2.081341826400234,-1.8608422676973726,-2.066596295003092,-2.192459099849915,-1.9745992588339614,-2.071803277264465,0
0.2913296215463629,0.2945752913280124,0.2771053328430695,0.2654834091180155,0.27255723922579855,0.26825824955710736,0.2744064426837052,0.27236832461638666,0.2842316162920414,0.235981594598367,0.2658636739022687,0.2753128674049653,0.2719485235290854,0.2700841150381983,0.29331427784607994,1.3005175511744782,1.3310920185583044,1.2637987018127734,1.2617271783277937,1.2979345413030463,1.271017861860323,1.2637635877626063,1.349948031768216,1.3521746477040473,1.2696419411181568,1.3226476068324242,1.335961390085075,1.322587083642825,1.3002765965601375,1.3014045999501132,-7.8573240064715435,-8.644619176548446,-8.893254904196056,-10.769052843836505,-8.857142023991145,-9.617708699400737,-8.292016224600161,-9.043311074628377,-6.812750303208787,-6.634742860691887,-9.312965146763986,-8.962530105531357,-8.280554234114078,-9.013283787660981,-7.256344584490051,-1.8882552049565464,-2.2190099456108996,-2.5785997637585623,-3.05823947264771,-2.401359558565924,-2.444867937187501,-2.3920421302377584,-1.5409893695518082,-2.5464364310236522,-1.7301024456797032,-2.520008994402915,-2.3595128125753275,-2.143080298509812,-2.6869182793231188,-2.6338294442409564,0
0.2673818224772252,0.26855232760491277,0.2978613033188295,0.2986860727646654,0.26025666563070193,0.29343103642524326,0.32365128483474864,0.3333338480313457,0.3020926552391474,0.2883904602543317,0.2787388123824335,0.2859458700089029,0.3005186769247358,0.2836892820491872,0.28070223131834793,1.3229183896972172,1.3518299390522739,1.3504535590232118,1.33507723490567,1.3681601352743815,1.339204392257945,1.3609742853547302,1.3852078740317297,1.4187925855042296,1.3778879274418703,1.3663973645925036,1.27537401119485,1.3358706189916676,1.3185858162963668,1.3410584546349031,-1.2468792270692575,-1.7807118713947148,0.14997177537938455,-0.15268486320783836,-2.5560645834107447,0.3046907825805363,1.8240067278610752,2.930696495384325,4.234195166242728,-1.8297164114578948,4.681419485257635,-1.474116115135132,-0.7367660805679748,-4.942380499879391,-4.791347962357918,-1.81202181272973,-1.7016735939566237,-1.3909331916213963,-1.2899907755906606,-0.6463022286998503,-1.0444078122912395,-1.2829693551218828,-0.8779099049967568,0.6247680668318354,-0.9810406336382532,-1.466166946845625,-3.108116640089327,-2.0791375411152497,-2.928425842950739,-1.7106906599508964,0
0.31029764265038706,0.2584213761687077,0.2748945949025753,0.22905632222630137,0.2789895969834665,0.2891065107232109,0.2925227119289586,0.24938422225424298,0.2161864623570694,0.23886511944861916,0.25303719365911914,0.2832773853568812,0.2587162029005019,0.20501176484337874,0.1510985606030432,1.3294379843812143,1.3248935457580644,1.2814922564531155,1.299321460372879,1.3072506779865207,1.3121743193655346,1.3254570946268116,1.339539556679945,1.3283848371475764,1.3468353999866127,1.3226102617409652,1.3304839729564948,1.3511307329721554,1.325760673537708,1.3054996725085122,-4.500635417532351,-3.8386804854766865,-4.719567468439379,-5.741603596998431,-4.411968082956662,-3.6747474459016587,-4.480394518225694,-5.601387807344821,-6.217933517786946,-7.423656635808669,-6.515338137077208,-0.46488063050105666,-0.9254848324328293,3.92682247268516,0.7962559587356282,-1.9084248205998031,-1.896540266525639,-1.180367571982514,-1.389676836785397,-1.8365802416236245,-1.8154485337430242,-1.9933324767895142,-1.9525014615471783,-1.8282933371102001,-0.8446461703820234,-1.0140639309782329,-0.6054115172448882,-1.5943153765978313,-0.8300025950108721,-0.4774315359023867,0
0.27318317351267807,0.28560173196747063,0.3092047661162436,0.2857898667113796,0.2700020541419289,0.28772683161850665,0.3119586988676657,0.31230999727549236,0.2944047655115499,0.2929741921175874,0.2783757553435765,0.2839031853380951,0.26458230506307223,0.23060344426507462,0.25926411093779056,1.339155854549402,1.3919933668190214,1.3466128272045736,1.3661869954338126,1.36936632915001,1.3288735112303935,1.368556195021616,1.3722268438439968,1.3809887160926562,1.3551817170022753,1.3875714119214269,1.429282727953906,1.359013444436232,1.3614411633894175,1.3681458968232716,-1.9013456260551038,-0.727403736763506,-0.9208028022282804,-3.153022744638804,-2.4688254439140565,-3.1755780414980848,0.2509294640302073,-0.19204261252096444,-0.712013341484834,-2.451096713159444,-3.2972755353886214,-5.781597470110256,-3.7016090274718465,-5.027295406892222,-3.0907537607555184,-0.3895396788238787,-0.071337499050954,-0.8699163093914491,-0.5777204517404315,-0.6961172504231655,-1.3880525499604563,-1.2996253549992731,-0.7856744840963259,-0.22518449288853445,-0.1232483061679351,0.12517283185290706,-0.4441494704131781,-0.03323122757682841,0.15575814904547658,-0.15733271165300114,0
0.286415561111906,0.27683872470285553,0.2803172323708686,0.2746811954829482,0.2370025361864266,0.28245834673861736,0.3468182960680044,0.33194645298165126,0.3501851802015917,0.3011784281585339,0.3168800526176898,0.30080045961474833,0.26177889882263794,0.3004916421011663,0.30077965081207925,1.3382173389450926,1.3930077757320931,1.3886756438543832,1.3747602823304543,1.4061369738304272,1.4112873712019793,1.3882137764835945,1.3695241503942057,1.4053956508043264,1.3433721642069998,1.3504024073434766,1.3451377353121723,1.339904351365546,1.3596744011037876,1.374241849277358,5.080641799809342,1.30155140968958,1.4176444034633846,0.7611995632490505,-0.8571292600686036,8.645406355007623,12.829568282551492,9.718729913663168,11.053665637776021,8.831910506670226,9.231972007223334,7.753563706894653,9.402782539272096,9.991592094783329,9.069506322006418,-0.5905359430263069,-0.10008907435264514,0.22657207781919347,0.3217738486498773,0.5747863522098543,0.8073907244460112,0.5583116324486977,-0.5627972832536833,0.024688715989175936,-0.051963967215720365,-0.23372633926437672,-0.22330545428038356,-0.11492234270951748,0.4468338454257952,-0.376529900661914,0
0.3307759320876063,0.33587910252966,0.3105838108154519,0.3390213273025429,0.3308891074791469,0.29934965531110763,0.31614119612446623,0.3195552505013562,0.32523343927072973,0.3198525738984259,0.3080110336251675,0.2966312372895046,0.2934010160310761,0.2887877566271691,0.24508835474045512,1.3883954003055348,1.3915847550253495,1.3627720733873852,1.3875800448806288,1.3894641427808152,1.3920944577207242,1.3909356732698084,1.3782350660655196,1.4018554272961874,1.3749731583481608,1.3779408816741214,1.3685280244218596,1.3809030882338116,1.372546886742571,1.340832677508596,8.108711136123901,7.704345725109164,6.734338728567707,7.627311271145686,5.132576345101256,4.168680041235177,5.096083606617924,4.243055044161366,4.112207580394966,3.1453384355181697,2.4891984017931748,2.2478253011127265,2.4610535957987736,2.697546879318537,-0.7059681203008381,0.21318435045281747,0.04452070812593172,0.06133671511307631,0.3443035305546756,0.31948976591304995,0.5215628977782871,0.6502503992261436,0.6531902108266356,0.1255417937826846,-0.3588346596951834,-0.7048755194436496,0.19066550534960278,0.04142577019900777,-0.660492256863869,-0.39119704058039373,0
0.2911643700430324,0.2890361945528038,0.26781912888635157,0.24066153297010326,0.2632952187020593,0.2746519474774235,0.284838025444392,0.30218005797056313,0.3183675415338669,0.28532653012665515,0.2827583461566926,0.27711736374745743,0.26692051673397876,0.31552931490835223,0.26293883759351816,1.358298894182704,1.3349370853726497,1.38075759330037,1.3812962879081019,1.3259674031770206,1.3811900050285446,1.3653797732036335,1.3477064511400072,1.3711629439975985,1.3783641123925285,1.3349645907074352,1.3672107776656477,1.3445711053209288,1.3728307984915447,1.3432285068755765,-0.16289977018419677,-0.16093254396577095,1.397081532324819,-1.3382576692299608,-1.153518078691178,-1.1320278603081988,1.1565043845849061,-0.36049681905782904,-0.8297863997876789,-1.5606579422798745,-0.9294897792910888,-0.9410536375432912,-3.962138549560308,-3.043035046964434,-4.893606494815003,0.16738285633974145,-1.01472857086945,-0.18378165179260217,-0.16802046219983516,-0.4724190417193421,-0.0673569705436939,0.11041360717820137,-2.754758788531891,-1.4565002113422907,-0.814599604959547,-2.107540560530063,-1.3865333461842275,-2.2222603176150137,-2.5048911073776425,-2.125035804847368,0
0.2291389330583974,0.28601651099661674,0.2912026254950039,0.22285944529226975,0.2754455199813688,0.27055059962270267,0.2688156059532417,0.2678240490605839,0.2919316976581678,0.23669742647904982,0.27816500857890825,0.2997421223044202,0.28163506654509396,0.22811517478692456,0.2895349284573558,1.3624871648284125,1.3964986068635334,1.3715775694535586,1.3494130591164144,1.3474588925565003,1.3822566909514402,1.3351235973462587,1.3842766574886305,1.388970562138523,1.3363292838058092,1.3451690661301519,1.3607389042048403,1.3490308953929202,1.3532543860248114,1.35186408154568,-5.125199705113488,-5.278183912693606,-4.800652065507137,-4.534438921076088,-3.2487327831937307,-4.500488806432713,-4.125525292838404,-6.256236198249297,-6.682019968674666,-6.900316031811542,-6.13448610826245,-6.115114717663431,-8.049139183359017,-7.399785982021086,-5.191260696952554,-1.424941297819757,-1.0680360104262385,-1.5094548185352945,-1.8918435045146051,-1.1057350811121438,-0.5573103550010804,-1.1404857446344296,-0.8083218849704624,-0.8059322950742097,-1.179246671235036,-1.0775159213805183,-1.0372673937575005,-1.3728494855837907,-1.4070104728950683,-1.2625171522998573,0
0.3194809789516807,0.3127889594304228,0.28064275195942945,0.2762577759167094,0.26505164881645804,0.2989135448537742,0.2961834607031881,0.30382952506775995,0.29335240991988976,0.2794700194258957,0.19590075238941373,0.27214005455074103,0.2772903025680842,0.3040553152793978,0.3048121070861626,1.3108061012698884,1.2968224299663145,1.2939376773896034,1.3218902870086646,1.3198772715020533,1.304914124053499,1.3143842184994807,1.2969762174018704,1.3167571538460203,1.2932387965176764,1.3093278243363917,1.319894779951416,1.323016120111893,1.3000199866082296,1.2790430791538556,-7.061352686802195,-7.18875095954354,-7.554940064966189,-9.662984663463163,-11.02227580988378,-8.059230327380618,-8.232122551934907,-8.768622557032927,-7.681671700047161,-10.841553700620807,-10.570984480946663,-9.733068180472088,-9.558365753035503,-8.617770044928534,-9.432121758559333,-0.5883598591447418,-0.38629565947282346,-0.39621134831226457,-0.8727903247467151,-0.6836233192858013,-1.1863460107813446,-0.39812199863949077,-0.4606113230730438,-0.29057252120237437,-0.9880952094736227,-1.394010631299449,-0.26614954679835906,-0.11947927645655881,-0.990365576584314,-1.0768428715681944,0
0.2825656072690962,0.2184765898561961,0.24561763705008766,0.29059130662761157,0.28259514575277866,0.2686201570303383,0.2875299245257306,0.2824728437033065,0.2780584744545084,0.28577914490751644,0.2749851408657926,0.2722220394301592,0.2557058957839434,0.27657759806144244,0.28875475843645926,1.3528118729340393,1.3804936013978137,1.3584005442288396,1.3582026418156559,1.3654641346934338,1.400655877382252,1.305221558840201,1.2555741980770028,1.3162489984645114,1.3080906145782745,1.2888789463483648,1.2911566407094268,1.2596138020947718,1.316217307929589,1.3077826281086367,-6.8857484269406655,-8.14693275011507,-7.541802431566509,-7.317266750847551,-6.719288491904024,-6.8827447526171,-6.7951564252336425,-5.617859613044487,-7.80926496651324,-6.429216695821992,-7.621951498664259,-8.220147555678096,-8.456846264340498,-8.751049796820439,-8.409575109800329,-1.1305198126353317,-0.9154664439065133,-0.9512814608833003,-0.9295885299596077,-0.5596764296245971,-0.9105293179936291,-1.3898813066113238,-1.6031962564627247,-1.472126688591713,-2.1818478478885006,-1.7990774047876015,-1.8034838956943824,-2.2051082987682156,-2.0961074989263446,-1.9313059527241376,0
0.23626733733797045,0.261192158896412,0.25344647656994546,0.31428504594883167,0.30913230014554716,0.32854186175349115,0.32666583701239127,0.2821345118423954,0.30984968670582314,0.3108083872901302,0.2915987067076984,0.2916665380099505,0.27030898191859876,0.3311210577689395,0.32770557282239443,1.3747213256636068,1.3343413647350233,1.3646315237457574,1.358697079650314,1.3630409721344634,1.3602181041568693,1.3554942268031682,1.3093455500895008,1.3520973634965054,1.3526330269051814,1.3512865970206334,1.3960539473121725,1.2944512259266272,1.35752825993925,1.3873929941915646,0.3796099478625763,9.754069473933441,7.393072571349961,6.472297491781262,6.742078583601796,7.30745947016797,6.592007550669251,6.491108397156495,5.271189899390464,4.590241357744105,2.2556663737137796,2.9775591541709048,1.6935983906568595,3.9125264118524115,3.934087651329179,2.52252573315515,-0.8110518595105748,-0.2101151468058752,-1.3808948801273797,-0.47384687540030596,0.03885742285361618,-0.3493214985805953,-1.0408853446821242,-0.7392107295196789,-1.0342522264850562,-0.9185607791685557,-0.7921142578889055,-2.8838803200458765,-0.6422633997537822,-0.4971793503956657,0
0.34302554436759325,0.32008940288375487,0.2119141075207902,0.3017381790790411,0.31257257771260905,0.3070890537927265,0.2756276808434864,0.2732897939853052,0.31190277483642015,0.2670166798045074,0.19833016092695108,0.27666814233209064,0.2821759143630965,0.18248889630838888,0.2129433081494781,1.344703466307183,1.3557690594108824,1.325603810278581,1.363985996213608,1.327462381276121,1.348416861086637,1.2996755929053625,1.3249443447003733,1.3195971553286505,1.3648940615499687,1.3030706756600239,1.34908942638286,1.335300393671568,1.2774591933156398,1.3279215764857846,1.944616550149732,2.3927002552854333,1.3642427178371008,2.2268018733965107,0.9567874669159551,1.5543329667077614,-0.4838495455358327,6.460083885005616,8.075382152873573,2.921530171800157,-0.3325107941900285,0.9062004554015459,0.8055656573382635,-0.24737236160581233,-0.751434649686729,-0.7159789005118267,-1.6572975659436457,-1.7284464764494767,-1.6728593169128712,-1.6809039851238063,-1.0222026206047572,-2.050548558195384,-1.7808677042016827,-2.135383301141807,-3.274862422722949,-3.8993496989580523,-3.1377920839352225,-3.263603697577761,-4.100545068552535,-2.949896927698629,0
0.23700658017633386,0.2696175428516983,0.2816812200913182,0.2516468153961435,0.2864617503831721,0.24729866812112644,0.31338785136181313,0.30120129676370255,0.2874722153359411,0.29095694833555646,0.2508295312542152,0.30569257108007686,0.30554996229310544,0.2990502775602598,0.2505296311919429,1.313004935469469,1.3230194566523663,1.3093053008190725,1.3575772363173864,1.3873424993779004,1.3585337387164065,1.3944004879818832,1.3772737156003487,1.3657619276528616,1.3549514661383169,1.397666113801264,1.3664590477237069,1.3511896541937054,1.3543789447336414,1.3271604019436085,-2.6154418578740035,-1.306694596051102,-1.6977576761938735,-1.880000226208466,-0.08952356812611129,-2.7883947702133014,-0.20656682328700526,-0.41634433328226805,-0.4340151944489321,-1.2793003716716669,-1.8833266633288872,-0.3147683237544072,-0.9547237586060078,-1.0259014749566688,-2.3054723758089892,-3.9926819360487786,-3.7058917885238594,-4.0354606584570565,-3.2662206620100234,-2.883570518899866,-3.2074685612930467,-2.70918285458303,-3.267637071710011,-2.6427573978465935,-3.4793487054744054,-3.4109794371643276,-3.645934051998286,-4.084478225669911,-3.575710843762963,-3.4925516713519174,0
0.3094641704991584,0.31023749836470754,0.22421255128944537,0.2660355877112681,0.2625936274728994,0.27316431066169017,0.2641612374320703,0.2630771280907682,0.2984220321456279,0.2934635621192219,0.2865646868787232,0.25935150965515275,0.28520729047559357,0.28888226020635305,0.19171621868760852,1.3085340831229557,1.342767924262878,1.3028087583925283,1.299090085237331,1.3062258629251735,1.2831395566117083,1.2713637693504654,1.2933068945913675,1.2950885675982453,1.3086217082127944,1.3090357768700394,1.3083091818819188,1.2879292653736136,1.3394934139975538,1.3151180642238254,-2.0520905821026645,-1.594754427989983,-2.7759578249988692,-2.6151116190187906,-2.216165652849412,-1.4868971047301898,-2.678316683307429,-2.3555949689732074,-1.3265703896475713,-2.7422546326090185,-1.7778066171410671,-2.0460416291923877,-2.7697145618056425,-1.6262120592465976,-6.091660406602671,-3.70114963702524,-3.9742190725435194,-3.7305490092936933,-2.903211673712604,-2.9692050075990997,-3.1361313398287303,-3.8505051269229678,-3.7815869995095786,-3.5768685421158035,-3.6188967877637164,-3.9322666229810617,-3.459592264638527,-3.6642890149971437,-3.8849146452471,-3.365816699511284,0
0.27824142808947955,0.25436358259538094,0.27459026774782613,0.26664006160004305,0.2647995269289737,0.3067821274861678,0.30922193105158347,0.2952399541064517,0.2661769562726352,0.3060982474729518,0.3000192924122024,0.30136785810154987,0.2936331087523736,0.24486686002178853,0.29189657700808336,1.3588099507405966,1.3902146444803851,1.3542751894323086,1.3258013887319668,1.3471652823286122,1.3416367962432791,1.2830263851215111,1.2626804153941245,1.2919102566389544,1.3004488255336024,1.2828807440013048,1.3012822074412433,1.323093822519992,1.3155309131685318,1.3435029561948038,-7.502176348249208,-9.656067418169386,-9.141284731405847,-10.07080481347083,-9.1258583345072,-13.114610987239843,-12.312106990725994,-16.813022995412553,-9.101042138159698,-10.153296097479341,-10.228688860787457,-8.919636547774246,-13.361703691795327,-13.139626397597084,-13.309059639582728,1.75991072027668,2.23400263036385,2.179986059864111,1.0391030080762107,0.26822982050402117,-2.991710279590401,-5.627265191122366,-6.958674856798064,-5.882960203201139,-5.746937369362059,-5.256678458929817,-4.9991252189073085,-3.0634611361202735,-4.569073070672653,-3.686185985312715,0
0.30455673652235965,0.283912422748826,0.3060096042332992,0.31732705847985476,0.34080195774357924,0.35199539545871816,0.3143667548580401,0.3008942478001173,0.30849532654161316,0.31145006644957196,0.2926972693709754,0.3010882696014898,0.33909364478542664,0.2687508267690131,0.30754937393878234,1.3444543553331,1.4012445876406892,1.3951258726940186,1.1626710325742515,1.111602711745192,1.1582486156818312,1.2015209892286185,1.1617316263365982,1.239665530270299,1.1452732939517618,1.1601751475653663,1.1954789642248462,1.1106900443470356,1.2355116342626755,1.1792140832347324,-20.34797005425301,-17.902745954885177,-22.367093934423764,-24.668913482267584,-24.709764833467887,-24.318876898644646,-27.29501605331984,-21.36293539959385,-25.507269072135983,-24.678548132505767,-25.691926116968773,-25.26374644328783,-24.329985826331438,-24.833269321919175,-24.05568748600888,6.272856254545814,8.762895572486691,7.47605061352567,-14.23809496714891,-19.265254693671306,-18.019854867174264,-15.649398592346932,-15.246092197415837,-14.42688818630643,-10.819702571896721,-11.813836335449334,-11.010500145383512,-15.596409875806277,-8.74455641160946,-10.418244863461416,0
0.30811061117160454,0.3094928847046035,0.3530416525096025,0.28875155477487346,0.2949477412336404,0.32015156021328495,0.45217239423027955,0.3400477543044177,0.3179907609799122,0.3816728864295077,0.8032878130311578,0.3909113366806741,0.3840821107967189,0.41961192554424515,0.33536862972886133,1.2427526424028215,1.184445104168198,1.1207177320212023,1.374116648574152,1.1884717765196886,1.1832790478182387,0.8939982246245055,0.9827047908440477,1.1955482548759528,1.8095069507226356,0.6834486064832215,1.8223037475012802,1.8877197651668316,0.9589881036996127,1.9482463637193397,-32.35260617069619,-31.74776017637177,-32.70145886957701,-32.6840635395844,-29.053468672478175,-29.433718261024467,-32.21344710485596,-28.819609073174064,-33.789826829463124,-34.95054036482716,-16.303006886024548,-31.905559899075,-30.64497898733643,-30.917627408791788,-28.08955242099705,-8.325182101898996,-8.84020237147752,-9.959528893490077,5.319629200525046,-7.5641014067446815,-9.04308801768001,-35.29417759643992,-49.65518786159225,-12.004711358677104,31.013108761157916,-75.8123540844091,34.0203291063173,31.842429786195257,-28.301855983240102,31.548183227933404,0
0.2483113518032148,0.3214181499746136,0.3053889882911428,0.3659968826549691,0.34470159742699996,0.35603310356630613,0.25404527123260895,0.3129840551189014,0.34765621872807595,0.3566474540635417,0.3205488559662758,0.32074282271947296,0.35273429585677507,0.3787578175336396,0.3094632625506162,1.4676263974733323,1.0972548793713037,1.38403874202866,1.6707275507217725,1.5791114506841581,1.6275447836724555,1.4841864364579787,1.1766329774879023,1.1562237148735424,1.133036317115503,1.0602653017969346,1.0649536248129272,1.0719282468135953,0.9269846977111953,1.1071586252859578,-30.955385007826493,-29.74440622344622,-29.668087529590792,-29.191934310508685,-29.27755120098962,-28.98415055825737,-31.59990680095754,-30.70461743501366,-28.204145039716053,-30.09863603097682,-31.875479762369707,-31.298001373389923,-32.12421796690049,-33.63255472306213,-32.590447972688736,12.03013788392399,-17.811105880187167,8.420197123196214,22.09227882681855,16.625945086225762,19.019804969289137,12.18356132749017,-10.802008368616754,-15.053399864395965,-17.259764551317264,-15.309898903600192,-16.633961884691374,-16.07879260804377,-27.029244824525115,-15.571393703759687,0
0.32815666375005936,0.35931148982037864,0.306664818554023,0.31734956208821213,0.2900493735658028,0.27916692311680646,0.28628273004491006,0.33371191495523134,0.29103360059468275,0.29331817968979895,0.2972656482161343,0.29028700460895207,0.28310457387123644,0.3066965536751605,0.21213994840563663,1.0530983006592711,1.0243929934205838,1.1434719643284983,1.0520865660724577,1.2548762145342998,1.1714410348465922,1.1662157172077041,1.435019979638764,1.190235792690956,1.1887858525087438,1.2426205449005525,1.2386530116965646,1.187537847308923,1.1963437022662828,1.3063557668439418,-30.300621153445093,-31.477969852778216,-30.55967240365166,-30.252201343481175,-30.12756210423001,-31.98399273542711,-30.417033595841303,-29.403527855107654,-30.937176470703236,-33.795726132236666,-35.04853212271877,-31.927102809348412,-33.41880973251287,-32.28090043089958,-34.698940066486074,-18.093070250673453,-18.43718637973414,-12.579381749167496,-16.611284208034785,-6.510489089166803,-11.890217451270514,-11.062553183306242,5.985366168210271,-8.11346270172778,-9.190286360991466,-6.869101458631173,-6.591991723462931,-8.793129761777704,-8.558108127985168,-9.762183918534543e-05,0
0.30443247888301816,0.29077590383717333,0.30300943879210185,0.28590095428843687,0.26755024849249315,0.20635865576451262,0.2694706400005995,0.29246497809006144,0.30398102134157795,0.27745412806844905,0.2882386364792088,0.3261343788422819,0.3442184578498066,0.340821789817388,0.30602385658849607,1.2611185529403244,1.3069614486601686,1.1970231028695173,1.2912692770939775,1.3343078533612036,1.378668543787981,1.289335568195294,1.293169582739867,1.3095486405505772,1.341214667423251,1.2742006042065839,1.2190505697729714,1.1541321532398834,1.124389311687051,1.184761562694264,-32.29031220087043,-31.95181910825721,-32.15678116353044,-33.026833055976965,-35.0465178816051,-32.213131485859975,-31.318398443064808,-31.641351560053323,-33.68831116769334,-32.87604466308298,-30.2585270792529,-31.50242204104609,-29.661210297757407,-32.03266995938691,-32.16593661696871,-3.1312104658983757,-4.0579477104293264,-3.890156261337673,-2.67295409342032,3.7917870899228276,7.768489469857846,-1.0998784826742725,-1.9330695059963898,1.956264674243619,0.039784582522796035,-2.5643113683431156,-4.946813408876321,-8.909683892102265,-9.70161462670408,-9.196221861499014,0
0.32584416825319795,0.3371290561031729,0.3529528934019064,0.34796759010957223,0.3401107096512594,0.3340535211979003,0.335168314559531,0.324047722764118,0.3521600625093927,0.3061656383151089,0.3339734199793113,0.32509282485546265,0.24076823295738375,0.23699370183274562,0.27763085124398845,1.1248040250147247,1.1053702709419964,1.1109239048251451,1.096418880597788,1.1443410113749803,1.1625987070328434,1.1554551035057077,1.1511580692444232,1.1732168379189927,1.1702703474251432,1.1540538947818828,1.1867341098442477,1.2446891960079687,1.3521784302150435,1.2585793570536903,-35.102120318668796,-32.2753925810683,-33.4293043062097,-30.260214443439367,-32.403827039747,-34.31838599784567,-32.182202363623645,-33.25768054354734,-30.46984781746076,-34.558613590107626,-33.42536320591799,-31.776893156650743,-30.944143287043516,-31.721356789081966,-29.794438193595084,-11.701015776222668,-14.232100814760893,-13.829857298951417,-11.300574155469986,-11.743902811660613,-11.911705886142299,-8.641287140711794,-6.330016794803947,-9.243788453920995,-6.411867404099115,-5.562914337136951,-6.720537414454276,1.2777297587540364,5.045669367074366,-0.34421368702792665,0
0.3152964892696611,0.28057797435302556,0.2905474309840821,0.3209446372795136,0.30670609425685835,0.3136251719952403,0.32348146797877986,0.27047571840279,0.29027614890427306,0.26716351399329535,0.3204694920410499,0.32246595751696455,0.31471795661475827,0.3019480664952765,0.2964032264957934,1.1767867153832128,1.1913118591312464,1.2152581269474847,1.1536287194497026,1.1883381878098946,1.2401499374046372,1.205313966091462,1.2423078410851296,1.2174618394176062,1.2071675965646784,1.22895540678393,1.175833845799933,1.2509256100560222,1.2482504708635527,1.2398916220526257,-23.582425612809743,-22.32774487177099,-26.66478285627943,-25.27290570687174,-28.477374981880843,-29.868858765550897,-25.87069294965238,-26.105309395977855,-25.158107295484115,-28.292834976596026,-25.064001760981,-24.841602919274834,-26.99398232185905,-27.637535163999132,-28.14211282273115,-11.011008936745053,-7.368147288850002,-10.237642408598605,-12.49764455097724,-9.500761124497844,-8.051792925990444,-10.062244676928186,-7.638053846591709,-10.288386582552084,-9.61954573664341,-9.923033934334844,-13.684330709787094,-7.414974802560566,-5.86705850678757,-8.400619058996186,0
0.28994152346874663,0.29630167854703165,0.25832460790576595,0.2817680769594253,0.3062837651949224,0.31078729971154584,0.28831277523529564,0.3126808596046453,0.24121220901446092,0.27979456384500995,0.2443718412081165,0.2617330156005796,0.29919245531320293,0.25482349904249657,0.26351998536339416,1.1658067950540916,1.1656122709767582,1.1945353589492838,1.1938113016413983,1.2016812242168604,1.1870248396690508,1.1916413114673103,1.0776340805887097,1.280405988668337,1.266199381695011,1.284907406078516,1.2713314974364684,1.225973410016137,1.2470519022397124,1.237864641943769,-28.765499540105083,-30.73012872186743,-29.705352358059457,-29.63060449340756,-25.532201597136805,-27.55569196202717,-28.75274281588773,-28.091682883953183,-28.58743745451855,-26.436459824946724,-26.52255742781898,-24.149320764224996,-23.337870005037814,-29.29892425606866,-29.164835324032737,-7.504276809377523,-7.480707720744924,-5.864920871159012,-4.822684952847639,-5.633903841183924,-7.800256716666719,-6.779573998267559,-13.25303565514761,0.5344196871537192,-1.4166121800419367,-2.011057257782372,-2.8294686873852246,-6.062962218394645,-5.157340701948093,-3.897302478064574,0
0.23916163456175926,0.23120536430201297,0.23544023222169386,0.2878583230032348,0.25713293881013677,0.2725503781242216,0.27988142169751,0.27591046154886745,0.25972247807837057,0.25646784110479626,0.24867772657702486,0.29086256893979356,0.22068561127241323,0.27458878473933035,0.25271934848880806,1.2696414162546643,1.244422709940598,1.3283229734586413,1.3005580555258733,1.3272812837609917,1.3490136691437504,1.4285330836958168,1.4228410043096522,1.4370770384706828,1.3952483099677109,1.3318977779370618,1.2211650550988802,1.2767697494179127,1.2884408438854427,1.2907124909790477,-28.6474390694961,-23.730526327329727,-27.772337534939936,-24.523937716085953,-27.108372861829253,-26.97652541385048,-23.98651737558299,-28.391756744013094,-23.156443939153718,-25.332934082941392,-26.578357642613383,-30.312913267292032,-30.62207648139122,-28.92461777152542,-29.207133580980866,1.8686722597416396,2.2377707163134124,2.9333854610446375,-0.9695543850429432,1.5373168778459998,7.247759404934645,13.165543030317666,12.135317618927218,10.13613888292751,5.340046240981378,2.9104216686952773,-2.248875268534044,2.192953902371245,0.5390136514490285,-0.05019248512217211,0
0.2632519135437827,0.28521527495703947,0.2880166693131708,0.26549174285045796,0.265617951431798,0.24269397393971298,0.2508628165852517,0.23415930568582186,0.23998050703290047,0.29601646480124666,0.2672288117346635,0.2653203867874868,0.27274778093381513,0.28597283414504326,0.2458265254186014,1.3011062525721708,1.3137495755140494,1.2495450988047747,1.2912422527313299,1.311859420438093,1.311859420438093,1.351461595364613,1.3143099255501265,1.2862736098893375,1.1893914681275484,1.3215825175414986,1.2983719086961385,1.1613490409966294,1.3534744942768022,1.2883744794978482,-28.65450122497799,-27.948720342015946,-29.70610709632345,-27.030670171089753,-28.687031455768732,-28.543612445404477,-27.99703243315608,-28.67105622049806,-27.43748024321289,-25.554127191806828,-27.725345003341772,-26.963996492697362,-27.54535450365799,-29.49935589475598,-27.821081017309353,-0.13044902862422644,-0.8584164559992203,-0.965767781022707,-0.9505172489226029,0.28990640797203004,1.3614348649569437,1.9196367698357808,2.6295190275335734,1.9792925762496278,-6.638261138358426,0.10665260782357018,-1.0385488818309787,-8.247623201503286,7.622221291869615,1.2923010737815872,0
0.269819305711119,0.2697214878844943,0.26156966129681936,0.3015497101746442,0.2526240286427754,0.2613232312732263,0.2871368077559845,0.24009707061112812,0.30329461367991795,0.29180511056053327,0.2758149026712987,0.27159564961174737,0.2958210710987408,0.3143663336320658,0.24829453374576943,1.2808665047979697,1.2617999942645894,1.2986515441119484,1.1757236155890751,1.252152833516251,1.3169047009658896,1.0782112391023568,1.2381437855196449,1.1492669977068624,1.4101517046843433,1.2478093753018278,1.1361566449173894,1.0936198037595182,0.9188575571225901,1.1570657852227888,-28.265944376906873,-26.596061618240952,-26.229785647048004,-27.845999924638477,-29.161804363225116,-27.928084676481262,-23.965247379479848,-30.6260612405527,-27.07999400388809,-34.338111662105206,-29.49098995861948,-28.638300108252736,-26.921567377929932,-16.3059625799512,-29.964866584365154,-1.3374742241988018,-0.6383340477344662,1.4354116657372056,-3.4468362289143397,0.1421317076755777,4.438590331244469,-3.599949567539566,-0.5542057276859189,-2.945347196342448,9.56454379548291,-2.8217279294171123,-7.013419520591877,-9.112712473098007,-52.83514312849459,-4.9058574602839045,0
0.3629882320914811,0.29203537383351946,0.2779691131271681,0.26707080420016516,0.3229657698913668,0.335168314559531,0.21877624759003178,0.31016795700231553,0.31060785443966255,0.3323647151400708,0.2994458941306982,0.35280086247439624,0.3235779564230673,0.3353724655244538,0.33722688268050394,1.0353128060676626,1.135424118972094,1.2049133547240383,1.234901625659834,1.1837838583878846,1.1592172193600185,1.2732427914833127,1.21360218689023,1.1914604105372568,1.2000930135307772,1.1420084245415723,1.0345499070688557,1.0611501927261708,1.0577150319398714,1.1225840119005273,-28.749984953534664,-33.84939115101005,-33.39941447787524,-31.663835654239364,-32.40114402802553,-30.27712976460427,-34.49695315963473,-31.538861125585925,-31.414665096699963,-33.15153346952056,-30.969677804777803,-32.05756370105536,-29.523180807184502,-28.647069758194448,-31.480806263212855,-13.197750111230455,-7.680561917606661,-7.049884004727578,-2.2828108419812168,-6.041615674686742,-8.675417183588527,0.5605911213603846,-5.468109349381981,-6.686982764881447,-7.623913073617548,-6.05480147176339,-10.265256998636385,-8.501997804026539,-10.322220564821166,-7.738529269876684,0
0.3088308095782124,0.33079906789688973,0.3579875840432375,0.2657866508633471,0.2761640322362614,0.29847199418272663,0.2978146924291504,0.3079791819461737,0.29826064091437254,0.2578910787132895,0.31328873978834526,0.3006333070451778,0.30553303592314374,0.2662875139182964,0.333308054179748,1.0612010813722543,1.1065429801706312,1.0619114253085427,1.1456416436258017,1.2140050823596744,1.2396890054244267,1.1131749835189093,1.0816862348980498,1.1769408082448676,1.2247547772307141,1.1693376246214404,1.1333538960810343,1.1876499770095854,1.1566610414329725,1.1332910088815384,-28.943085147316566,-30.538967360610457,-31.731665608416307,-33.0061567143851,-29.636934974221987,-30.193345768445397,-31.425666943105625,-29.630255912757008,-28.494047459494425,-30.157384226158456,-31.376546190412398,-31.389277040536882,-33.35252826085036,-34.44170766626314,-31.706489515656955,-8.778646054373414,-8.687190974815561,-11.296153411272186,-6.961282693349851,-5.173529842177603,-3.8788308225240784,-6.430991704191523,-9.985108404661876,-6.116687926482017,-5.007499130281514,-7.215486612209174,-9.155467044555248,-8.758314556334478,-8.256267194986272,-9.633571403955685,0
0.3127013839083644,0.3131195452791863,0.2975239440696045,0.28746101996887896,0.3149553305074485,0.3035720034002789,0.2661402415847599,0.18384017739684785,0.25970526170687225,0.3286137723683093,0.28840844138666416,0.3284091849947929,0.28468103784309046,0.30832778070393146,0.3149935702699395,1.1992704251900672,1.1511908299399385,1.160568838368288,1.1502917755747462,1.1474207062840587,1.227723048374991,1.2720600400337057,1.2180327505826878,1.1713478688888352,1.1389670233805598,1.1874491847043878,1.1625886015673663,1.212045333069023,1.1852144134410216,1.1864468322580615,-30.523088696801494,-32.5513062408217,-34.505649018257884,-32.796175224982136,-29.83967812309632,-33.38743121726944,-32.03702766181655,-33.84503632032349,-32.660406881814964,-31.559659973047985,-30.972556803698524,-30.679088907389712,-29.648457710654952,-31.525760314171833,-30.990154228255705,-6.797991209563983,-7.047886943739716,-9.60194478413843,-7.815575163370114,-5.866987424341472,-4.343224482165203,-0.6678263579154646,-5.676614047305179,-5.367144149241289,-9.350342171694304,-4.7131131969961535,-5.009645537504106,-3.753978775207687,-5.1458174613298056,-6.441895198236796,0
0.307272824538661,0.31633735702010257,0.30902846748541735,0.3267287325419337,0.3193710873188469,0.3419232051767668,0.3373291452936572,0.33075395568055255,0.3096315280476508,0.3113370823271897,0.34142184766640504,0.3360393519027217,0.3112113062689419,0.31998957941517636,0.3034064586993593,1.2005419199315075,1.2163308461263032,1.2511429076307428,1.144636093905731,1.2071058860552222,1.1954689218410357,1.1691602893503688,1.1864984396988416,1.2492105942276608,1.188348150766921,1.1625820067371957,1.135683861913975,1.165460960478212,1.1738728403015248,1.282629168279548,-32.30738146704209,-31.34888477933262,-31.20653904148233,-31.823155294042266,-31.10928376924636,-31.8378711804161,-33.34156275395728,-35.13061198945576,-35.048670286323244,-33.685315622740376,-32.36341433134933,-30.884347690997146,-32.58446789983984,-30.045173813361288,-33.80389009643366,-5.272318679747884,-6.009161105958738,-2.3630629650496555,-7.037546515777185,-5.243120563867378,-6.769480355089231,-6.471249109769462,-6.38555263675581,-4.855566979663326,-4.628561680907655,-8.158243186691761,-8.558313998795368,-6.780667637808403,-6.98652154280127,4.8292088422437605,0
0.25666612853605686,0.31694014971025386,0.31031770477279286,0.31299385836939436,0.32235795294553726,0.29643037494055946,0.3795268107724106,0.3055047537058393,0.31726317592292774,0.33157000501976486,0.34562850962686276,0.33157920662490725,0.33713460203232487,0.3250900614466301,0.3367917094678587,1.1997248522090291,1.227945713276384,1.1998027080404,1.184351759065828,1.2066946761171227,1.2016049683533208,0.9355365246924439,1.1351842170779234,1.135967850057491,1.1313698385409363,1.1753480194437311,1.1530916997417306,1.1536676307177816,1.1558813890488362,1.137223575650384,-36.374011692516945,-31.589255824626946,-35.54242750190048,-36.91177117614768,-35.799533873106355,-30.72634860667918,-21.574484269355025,-30.1318635084331,-30.228123608759944,-28.832768533393647,-31.722807740538514,-32.058148478687,-32.785923545971514,-31.955718700168376,-30.829770667190076,-1.4027845273606305,-4.838327992110835,-3.121535209014008,-3.1838296068919627,-3.8150889215579427,-3.790279128475985,-57.46862744450361,-5.066324062109213,-4.375655820318185,-5.62882744296523,-7.387574146877229,-6.066795482237691,-5.881800763355386,-6.329854090982371,-7.694469892653792,0
0.34407666188828834,0.33538549116647054,0.3336850291329583,0.3309188086337005,0.32439042794560846,0.3352375266458785,0.3136991552629972,0.35398694503118466,0.3168803452687424,0.32100485289073216,0.2599472543491472,0.31308793342973773,0.3108481155323641,0.33600807837293356,0.30932926408229516,1.0958106191187265,1.1360741403967805,1.1493766339351086,1.1465458987193402,1.1355286999062202,1.1665273006539072,1.1951549395425236,0.8548420150181767,1.1760766905202502,1.2381760316949284,1.2443805398638763,1.196262015815785,1.1851632989454037,1.131440088072411,1.2080403661513708,-29.15911452974308,-32.05891444877852,-34.471082488558324,-34.86636648853107,-33.164374293736586,-32.896037247182505,-32.022760453687454,-12.462028627916908,-28.543003259281704,-28.613477436268084,-32.192719252170775,-29.5925545906249,-32.0169275905254,-31.124177710318634,-32.742654580412704,-6.8395211420159345,-5.384240125636991,-5.270681385185188,-5.888235509774219,-5.608957421960335,-4.458344427783387,-4.421337342832912,-61.30297108619968,-3.6168015908566957,-2.4653863905075615,-0.09061085368763562,-4.301407823581511,-6.674300503313297,-7.208212656807799,-3.5677194227477984,0
0.31176126055204856,0.3138367050703892,0.20833270980298607,0.2817541843030512,0.2675546651934376,0.2822435482546289,0.2897873344118397,0.2064622280023619,0.255682958535097,0.2734539583703861,0.2723692966976823,0.2929474379064657,0.2858336182194068,0.2769366054874428,0.2702351364998917,1.2141498979326317,1.2311824459545504,1.3534738970932298,1.2767087634354792,1.375134400610924,1.2997763686374044,1.272874541259252,1.3296622315108335,1.3164429922756606,1.3945110616060783,1.5113484038273286,1.5369873133144092,1.5070126197541869,1.4329339726178194,1.294935415497007,-26.82684039261619,-23.846323003883896,-25.172324669743517,-25.13389487621174,-26.361487028046923,-26.47385493084755,-29.06556487326384,-27.563485526775708,-29.086259194390976,-31.408467482446497,-29.629478851133484,-30.133990194951025,-30.109127180320343,-28.206566418872114,-24.546140972658037,-11.138086046536033,-11.921795132047787,2.2579863831479114,-5.888225655846515,2.836673932999832,-3.2299943043012123,-3.5403255271812344,2.9298119364322033,1.169547180230484,6.77126407607506,16.74559215475822,15.756353715890999,13.068158466631964,7.563593889572379,-2.8357890338657956,0
0.32335584601681655,0.3107054537351519,0.2961764962039289,0.1818592758773026,0.2728662948090605,0.31315589000277555,0.28796059281598246,0.2988817253551945,0.3155509301837625,0.31858916757741773,0.328735732643769,0.3307627890347259,0.32568218310563113,0.3208451559064748,0.2577425295496943,1.1084179053391727,1.1967449412422353,1.1617879716129709,1.2974599063699517,1.2660330909581379,1.221095068512239,1.23911219114449,1.2660847173565881,1.2245967789213414,1.2183248850855017,1.1700742172622989,1.2075183841534207,1.1923125246660726,1.2028017431291484,1.298489687016994,-28.830641456365214,-30.19739927826916,-31.626150176857465,-29.937633465220443,-31.152749405057733,-29.25910993907914,-29.755510854707524,-30.167110172164485,-30.849619660378693,-21.405698400972767,-22.618476957645242,-29.495843570692898,-29.536531145529693,-31.52161244938887,-31.301397730771214,-5.077407727259079,-3.5876201569556123,-3.3178762467905822,6.716579717335334,-0.03826314753543414,-0.9600500292827067,-1.8990504965670554,-0.904338197327206,-3.6237811935876465,-2.050990244538464,-5.896716623613403,-3.8858312633489076,-7.361792284968046,-3.93460509667978,0.5805740714617165,0
0.2952313606356278,0.284507332981972,0.28700552228899395,0.2916316558517823,0.29442440347712945,0.2681640185248024,0.2891365852471037,0.2521512470668034,0.2630667497741296,0.24882611310977115,0.25985694987049823,0.2768153428980453,0.2846191158053924,0.27078932029655395,0.13235157545291412,1.2591430160870793,1.2789793467678559,1.2947080059061484,1.3172176963292603,1.3200187815122997,1.3113329376785519,1.3301306996924893,1.3550654508176023,1.2240574967901379,1.2726467815452562,1.3079756360296764,1.2773312771538572,1.326222472417138,1.302722294002815,1.2474185931499198,-34.56964737988926,-33.10520034430229,-32.10102174978323,-31.047038817529113,-31.196627807284727,-31.861165391842917,-31.70945855446533,-33.91669806184453,-30.711818363953142,-30.80157053520938,-31.50797915770457,-30.750182920824642,-32.37669138903496,-32.133413723443624,-33.418728129050294,-0.5663751880370663,0.9268043883071977,4.597009452771187,1.8802340584654615,0.8509537081981442,1.3892871764050938,2.8026521640811817,4.280923355377011,0.28241846594235986,1.500026559244802,1.4881626384116444,2.0483298588656944,2.062168548676436,1.3418140996273462,2.2248226317324007,0
0.2604395528571125,0.288709123645356,0.312749588785861,0.29921941309685385,0.31681340174790595,0.2917395343261356,0.28672525398244414,0.24662771263722588,0.24955221309604636,0.2650966296290874,0.2798781596139829,0.2936509478734924,0.26489924896716327,0.29228959357181405,0.27872467130879586,1.3192664267255838,1.278474506870827,1.2586410078298833,1.2858248783145232,1.2527875543825304,1.231848323191302,1.299196370109306,1.3149434250629866,1.3205174663997612,1.3102447524734553,1.305277580008606,1.455624072407036,1.3122168024107455,1.282196175082307,1.3147034155508395,-30.439299557890365,-32.969388571146055,-31.599510133923218,-32.7930545059248,-32.13585181610671,-33.065875291924755,-32.41071787604184,-34.51621326748099,-31.731023209548994,-31.279512231994318,-32.73006869538801,-33.99633867137112,-30.555082467389695,-30.644242457259963,-30.314801534999816,3.8719763868142874,1.1361163088774877,1.2947059549065971,-0.1632881945818429,0.001213053722930311,2.2099877057773076,1.0699506901078542,3.0176998975195897,3.1834016052921905,1.6492942745778099,2.7203624049714974,15.545817895491306,4.401610060663453,2.652453512803629,2.7246501901096387,0
0.27774916522155413,0.2688322261721035,0.2838326287332289,0.2733143353460046,0.2720556334368259,0.2936509478734924,0.2532810013193152,0.29272096075739507,0.2538634113235271,0.22817741255532986,0.29462374943732583,0.2979640202139068,0.3231419550697623,0.3110124201919699,0.29352337465407474,1.3012819460666945,1.241009187236301,1.2510096449956873,1.2922894481883846,1.2828138104269546,1.3900025447039615,1.29116486706053,1.2873014983484636,1.3356536446812306,1.2379012737396309,1.2254982704617812,1.264209337508625,1.1948429817693091,1.1806262256270725,1.3450783317157584,-30.1667382418413,-31.66697274001055,-32.85058673561696,-32.34125105685689,-32.66600609092842,-33.400408512736306,-33.61482230507579,-29.025243579917998,-32.216535643784454,-33.48216527105944,-34.883212999959454,-33.12678771853149,-31.808829511987454,-32.27607594131817,-35.763886573425225,3.336156079395409,2.5720434386189988,1.8764548300404058,2.7519502778102813,3.5670307099299565,12.812985032307944,6.855692559466399,4.109894772707148,6.6072345811812,3.0680202988456333,0.26033012392546934,1.990154063339493,-4.682592410522998,-4.512975230245299,6.7679250656562795,0
0.27572252443570355,0.32453096630779377,0.3055285779204776,0.3254175229136978,0.2832760391592867,0.3198911991962944,0.2998499988729814,0.30927359769275475,0.33108342971812177,0.3194149424636732,0.3416688521147839,0.31938838612245474,0.3198911991962944,0.30774931765446445,0.31670639594322975,1.271024749917841,1.2654194444521847,1.1929033032720218,1.2274011460181713,1.2827036869730473,1.2146386310518926,1.1978383358841127,1.1814162243612216,1.215671564851478,1.1949129999610435,1.1988589454617988,1.1730616758172845,1.1846351351181268,1.2186912092190132,1.1993555435292593,-31.224761931726874,-28.71210162157567,-31.764114221301753,-31.575497885284705,-31.68129918099777,-30.906766544491518,-32.17241639112646,-32.158181646778814,-29.94168078086247,-31.097128972173266,-32.26541144927205,-32.210733682005355,-32.62967334786268,-31.242564226136665,-30.225414200425092,0.9644784307706646,-0.7874405693713779,-2.6710468625713255,-1.7505180216266862,1.4042086510798986,-0.6391319142401325,-2.3444714273829845,-1.4355445924715804,-1.5137870320487732,-2.9172696269217893,-2.8535244380074634,-1.8118054358991982,-2.506260700210588,-1.9671719970096186,-1.9793417236862019,0
0.27502150368621625,0.29905580842388707,0.2928863519251276,0.30088565668297007,0.29212859583760453,0.23991171199441425,0.3043004309873185,0.3081440728350997,0.31120337044515933,0.32420620674449985,0.3110588578941231,0.2534670463624547,0.30034918482998163,0.2539909008958869,0.2964775619754654,1.30798736051548,1.2434167909985596,1.3405909981420467,1.2832793051140963,1.2824863646720353,1.3255134109339948,1.207357663211833,1.3143688552471093,1.1996795566628777,1.2522448408936486,1.2827036869730473,1.2896336797174153,1.2847942625088342,1.2994885909833809,1.2685900478872114,-32.54190663440278,-32.03993214903599,-35.498362310304515,-33.90450767880296,-36.91860649481933,-32.74098271155415,-33.96879659911252,-34.19015829020043,-36.154655267720756,-35.086227952333644,-34.92978512922127,-35.26284431420646,-33.421075228011546,-32.32332075546719,-33.7793174053912,1.4685355378065759,1.6990332174947917,-0.7663032426589125,-1.3092382263386388,0.6146944128796976,4.8158635106833545,0.11917547428681866,0.4387788241687759,0.20562792270017483,0.24059805288050015,1.701200743288123,3.249185837011189,1.2600670505368403,4.800275828037307,1.1063806091927382,0
0.26117183050776027,0.25920600498418744,0.29012337195902516,0.2949245487296796,0.28699929671602326,0.2631364155287875,0.3060291933329377,0.3038824315433745,0.23776485784813925,0.28473428606382856,0.3004015692881497,0.3261771522310325,0.29083868540491775,0.31471814961321365,0.30315495272392523,1.28592921762427,1.3435301878709158,1.2316599140999267,1.2221502734908023,1.1679178747297676,1.3319845486660162,1.1570089871478118,1.1663553785920455,1.3104550262344095,1.3484114274686096,1.183798971100184,1.1699717456062917,1.1545256462330988,1.1348339164370858,1.3663094281769297,-35.67709212965721,-34.054582310324236,-32.13519095387346,-31.016574353078624,-27.46590473910308,-28.332123258267558,-28.29354983421254,-28.326146162496883,-31.632570880680788,-30.03688240662953,-29.080980273383204,-29.981245449481264,-30.096461872815297,-31.07248748414608,-33.3501178186402,2.543587129294111,5.540243330612676,0.10389475222546334,-1.6372938770215464,-2.807737513906744,5.7399409848657745,-3.2119590864731955,-3.9487778171364605,1.190341549303402,6.181646538623084,-1.9094958182873933,-2.9682252128658244,-1.831173154329842,-2.5497288265570788,6.994020816202432,0
0.2892493795273926,0.30692098753844865,0.307178218189937,0.2575742512178086,0.308151781404205,0.29619249223840244,0.29115936786025887,0.30313551023216145,0.3167579447250006,0.32565487917802605,0.21794304447428198,0.2920325153457084,0.3030269799000753,0.3068228450493522,0.3116097002440241,1.1950931336254413,1.227730942884782,1.0918225839487496,1.375676959527317,1.2185851109370884,1.1431312018957216,1.190238447132917,1.1338725992527725,1.1415114718244532,1.15882801538974,1.0904675826837529,1.1829104009460476,1.1838248920193328,1.2787581790403106,1.1734229145965798,-33.367824139820925,-32.835336574143014,-31.655634906792216,-32.64466604028547,-29.94593971917459,-29.925301181961913,-29.547981064060764,-30.80648733082174,-29.7405981600229,-31.0526217240473,-30.43390999825857,-28.5161774871747,-31.35582606425791,-33.542434024768056,-29.922483760220388,-1.2434232353835963,-1.1265500497367271,-3.0669571415512604,7.022327302808908,-0.8222061880587253,-0.06349560101458793,-0.8090963562043935,-1.4601146802252485,-2.705616274250056,-3.270022175514804,-1.891681885793047,1.1766282403140356,-0.5941454456231241,-1.9637173763847167,-0.9627612423894605,0
0.2616206900277129,0.24293376171735745,0.287391011768684,0.2599701671978161,0.2815602034472343,0.2835898956276295,0.30865420139837874,0.29824593600778915,0.2754588324413709,0.2664213562373095,0.2987492249440235,0.31996575519942716,0.3027871427272613,0.2917471810835499,0.3030269799000753,1.3651882349818265,1.3606369426021452,1.2617503023626206,1.3633429175725351,1.2726195043663544,1.2991668785868737,1.1984842797444137,1.16552027359179,1.2953879396997534,1.1836886131624793,1.194844448591435,1.218894467244089,1.2258170140909963,1.164748649383029,1.2080598501974018,-29.381342506740452,-33.688250971305365,-30.830759514438142,-32.54869522044538,-31.538094686604893,-31.88905616489177,-29.871857842241297,-30.867644018648207,-29.20301371742613,-33.233611012231194,-30.014506357734632,-31.85841433411767,-35.45835933614717,-30.299023797176403,-33.130132596899955,8.189438658821858,6.698720369879794,0.15113926548510268,7.287106254649581,1.1529567280039175,2.7411004646541888,-1.6770921714382052,-4.391309760557236,2.3079963121679103,-1.1324904377090717,-3.3335456567900232,-1.574004196865918,-1.722275621460218,-3.7799706026447235,-1.4274127813498922,0
0.3178771361482894,0.32053337459797693,0.26835006374884973,0.31428234120476817,0.2988623072995539,0.3119652732618241,0.29794642229504326,0.3053217643566538,0.3008840000357672,0.3754465070733013,0.3314847007883225,0.32271114227380115,0.28921346300148865,0.31437040569272934,0.30627828613792896,1.1777564618761083,1.1951325128202819,1.3590139688172853,1.2332919430726008,1.207090654458215,1.1471707250672167,1.1662053997629125,1.0978742024848902,1.081998169955137,1.121895494735239,1.1200390896714147,1.0774283089261059,1.2451873692378863,1.1851255690427658,1.2080511841787394,-30.062871005715266,-29.967908701286802,-33.04656597040011,-34.67468180512455,-31.1868208324276,-30.34307023586919,-31.967050753428964,-31.238724631689564,-29.651612135240498,-33.49019627286296,-32.89582763703771,-31.55964392895612,-32.86535180984802,-32.07798257810768,-33.75456987956761,-1.0251483989958898,-2.3975886474963812,7.258313002250168,0.3935088899631089,-0.8953652335262768,-2.969743102438726,-4.00517371282473,-3.8968787767997624,-3.4125790301769587,-5.704951429387812,-6.720386485973054,-4.672088476155684,0.756976412241509,-3.375809263637306,0.14408640432433162,0
0.34611671440043834,0.3366181498876756,0.3708323741466566,0.37720175266804545,0.334856574784826,0.29588535908241653,0.306496463401575,0.3169591456087169,0.2956688821702774,0.29949103346820893,0.31967579283264325,0.2811602880804486,0.3147791287896583,0.3307739386174181,0.31194137503320085,1.1158949839182115,1.1143929257886045,1.0210074384366021,1.045169752832186,1.1173253589636114,1.1454296940254542,1.2338840521726657,1.175487733902215,1.2446523556622568,1.2251187963934693,1.1868062538683188,1.1521768234731775,1.1883396398676154,1.173974605207211,1.2023862618049153,-26.643942247625063,-28.505801199036398,-30.19394246490708,-31.05138586923644,-29.11236273946477,-31.265732297405947,-28.962728584869666,-26.841457627116995,-28.901943778012253,-27.22819375198557,-26.37072433635393,-28.757086144627635,-28.17042550239202,-29.122840419884056,-27.97700976060881,-16.54093215859285,-14.99456080009009,-20.687564856658682,-22.411518339875887,-18.288684324535364,-14.213298045010559,-14.939245587182247,-10.453209102816318,-6.690884779080637,-5.22222068450227,-10.05462000404065,-10.847130599888072,-11.011923491502099,-13.16766693759244,-10.556755640946575,0
0.2409523306158819,0.2620303911519982,0.24325216882094286,0.3006508945182311,0.3680500270645568,0.27062473674983534,0.2516935299484738,0.2961764962039289,0.3142491886894463,0.2787415653040058,0.3286137723683093,0.38470510671715114,0.30516915292680763,0.2714945413801113,0.27673254177881823,1.3469876681944055,1.3771511327212453,1.2326647542879379,1.101389410435534,0.7663931273690979,1.1603585619600731,1.360161529171558,1.1992201716795476,1.170273422460304,1.2125259197122273,1.0552584088929415,0.765711496148687,1.1414190411937781,1.2093144161399403,1.1915864275090682,-30.528530820504614,-34.261280879400346,-32.04814781294746,-28.23703956034217,-12.617584707829593,-30.95461598396713,-31.668523214657682,-30.895565193821852,-29.087614534420112,-28.03863272317622,-26.37635104709085,-7.280952439830713,-29.926678073557895,-28.349139426284182,-31.575738364206956,13.132203952594603,16.40452614974281,1.510413821823178,-4.22627665295982,-62.48935638207135,-3.4075067332327253,8.634550887974262,-1.8608421566906062,-2.5891358667220956,1.0412208186475058,-9.132784796502134,-66.84040847220238,-7.194881673525038,-2.4274078667335317,-3.1416910034018266,0
0.29206378818127043,0.32183657745681543,0.2913011785126395,0.2969910778941266,0.2975249830163601,0.2922500916346077,0.2701063972537214,0.2795338885364239,0.27848531457222725,0.2591108605027282,0.279114304156595,0.28951786677802877,0.33173015395147454,0.2796661524345614,0.2823870160244838,1.3493048960344318,1.197234909554346,1.2544700110788485,1.3376428917373782,1.2879909236763216,1.1871262900321888,1.2994995616600113,1.3345859683020362,1.3861803113156326,1.3637588204326827,1.2746185864708073,1.342199553940783,1.5257712889044506,1.3603555739742483,1.2842246237889678,-28.594463541292583,-30.35515433049028,-31.52564464597549,-28.739931090210234,-29.51127073294711,-28.079901755744487,-29.00360513006325,-29.028229567099658,-31.572492679173195,-31.1078906685635,-31.424801135838806,-29.84541553346739,-32.22936794985404,-27.580840471126976,-27.88182273893341,0.6475895056213022,-8.402512531022701,-4.014542870072354,-4.187241797763553,-5.1394134142392005,-6.998301828375968,-0.7937051592914912,-1.6586428525101526,1.614284262847556,-0.27280070291634023,-2.5473783587354126,0.23215707221666798,10.76407967020784,0.424183554182013,-3.716754378590922,0
0.35981541555642094,0.3462494940868629,0.3593104980008567,0.36216659631047554,0.3722246052295539,0.36757414763783186,0.38098367805378913,0.380972346681517,0.14938024664440352,0.3624314021828373,0.36172342820457193,0.2121541937956622,0.35558531784712794,0.3691956388469839,0.3600984502332688,1.5545647372464166,1.5736370887893671,1.6699962193588649,1.633055860324206,1.659331363450892,1.7492265927400834,1.6838136359609983,1.7510552812670166,1.7468975353831606,1.6333818327579048,1.6845129064378603,1.677132601299663,1.7194600470277324,1.7424726858716972,1.7521691050506936,-13.33239360584247,-15.36148784566683,-13.02304492430062,-14.996246850227067,-17.004484650778124,-14.9673442127106,-15.933746126822342,-14.471323308099613,-17.680485398767985,-16.630248155218197,-17.979568157061948,-18.574037061653144,-16.33749405932747,-17.045763029322444,-17.179329329807473,15.360242560896232,11.365089906571972,10.07020132764905,11.065869367114356,12.933881541600831,15.54513133014453,14.265677176221669,15.300050243959427,13.48934769853198,13.2791451021483,12.736952429324871,12.129247795346108,13.29700266559104,13.907365067962665,14.636590849945678,0
0.33505115714652595,0.3440620672140753,0.3561005175410439,0.3497536413660759,0.33405516159845233,0.3505447657880469,0.3337883978641729,0.3206080019926141,0.33213121338087437,0.3229626225417841,0.3424474722665084,0.33890079402476225,0.3689547868910752,0.27340118711704375,0.3499458687519118,1.855026975183054,1.8195367566473257,1.8377474184448164,1.821154124457849,1.8425920799303166,1.8776694076765357,1.8435922970487644,1.8633598500623334,1.773368535838579,1.8374789110702503,1.9203929131912627,1.8549588261942846,1.8065805132541872,1.6730631202125206,1.5946062386850233,-23.63428440145927,-24.310080515370657,-24.404784853903436,-24.5552151910872,-24.428304053948835,-24.4418378959804,-23.451034446568627,-23.74187728188909,-23.709885941264417,-23.74815684748239,-22.680390684693236,-23.168558094966073,-23.495648529541597,-28.676076284841884,-23.571913065519823,17.92610592630931,17.55270266238659,16.989044260985143,15.917674365694182,16.538479199359923,17.398559635107198,17.86247593444771,17.921732901809808,17.29640711733418,18.196736990675518,18.180125878011648,17.354209612388104,16.994480419580047,11.603751606590706,10.437313530898658,0
0.3824970459739152,0.359929720107623,0.3208398877779369,0.3678853529230727,0.21604500539050808,0.37947015502185755,0.37467588700903465,0.3687599084552235,0.35704140206143625,0.35740517623758883,0.37087527845514956,0.37109859026490166,0.3622935177974189,0.3552575062578428,0.3653155024620056,1.641083875869633,1.6874597801152595,1.658488709562002,1.613498023530311,1.6673104814269555,1.634071687423934,1.666711206995717,1.6513962582716826,1.6363906830975532,1.6834220772687618,1.7011667816784157,1.6744170754697725,1.68554727733266,1.6550472820633357,1.6428510108047938,-18.85382318461103,-20.3050223465591,-19.798951714689764,-19.006416026300798,-22.65523712276243,-20.804956776180177,-19.383385168910138,-20.3341648012009,-21.691384547432847,-21.060104097565187,-20.440541956137622,-20.855171153105232,-20.71480737039812,-19.97633476579699,-22.335375843979733,11.96773724892839,11.603411708493931,12.172446592141672,12.214376930249001,12.376468203323942,12.172413824381547,13.268559728387325,12.328262001501885,12.601211201619659,12.922317854041026,13.09250354974672,13.126995100408823,13.110771621908846,12.849727650665487,11.938085211129776,0
0.3497151666828014,0.3458305027342486,0.34803479211951516,0.3575053517613007,0.34933030832680406,0.3537855327726891,0.3469290395628668,0.263658553818529,0.3541146852881618,0.34596291407727237,0.3429694541100433,0.34516061653039654,0.3571302057312701,0.347571980972634,0.2686435941731209,1.6782131149345163,1.6705973007290962,1.679844195595299,1.6703125236338292,1.6750584688406591,1.657376386394156,1.6658576366856732,1.6542526275387963,1.6963432184272067,1.6621000188629036,1.682303696490761,1.6536210730962195,1.697999807923417,1.708987868387674,1.720144480072884,-21.373613439281826,-23.31913763580272,-21.856664647957416,-21.483455364136802,-21.10904959350782,-21.803344928368773,-19.680351660188563,-21.257774468653622,-19.76494478465574,-20.395408443272572,-19.920636733786978,-20.066951968032043,-18.904085955267476,-18.439820044696177,-19.59226143963278,11.829515252375705,11.326363042123713,11.05177720952481,11.181901780946044,11.383006270992142,11.155926163452648,11.222602618869464,10.749603328142976,11.159663056743417,11.228469904901443,10.776581102651923,10.569391031163262,11.625678370202122,9.70393877765501,9.420824419620311,0
0.3260809488657542,0.32862984666565187,0.31177600305012676,0.30855828783910055,0.27459896759367236,0.309903419680712,0.30923372685239536,0.3122358182824582,0.31462605702228313,0.3149362772832724,0.31266526913781756,0.3165374657647818,0.31104999817455015,0.3071998379060812,0.30734786387342755,1.6098461403637672,1.6098067819707027,1.4987041534892116,1.5245190550533727,1.5404063101565588,1.6069305695711247,1.6353207726173895,1.654816317171255,1.6454009474639424,1.6481766589068265,1.6332650868274958,1.6062468081539254,1.6291814930259723,1.623450774733155,1.63890784237411,-16.771868622566274,-16.203481213405155,-16.777796057350656,-10.169146720195073,-10.432781254223016,-3.400732426197976,-2.6340990568910456,-4.27916674980446,-6.309913516154154,-5.0614475576830955,-5.2350850103421465,-6.010327631573318,-6.630757213186058,-5.912562345346913,-6.608261726149095,8.580525850911322,9.179509290822544,3.5238348976044938,6.0757733728745045,6.452007860407275,7.073940865332008,8.080337717520642,8.312798138029805,8.798114171207915,8.801007244034112,8.638441659263595,8.811760894529609,8.955293308289683,8.612576510345013,8.350745466830407,0
0.3148676104562516,0.317828261225243,0.3241120309984922,0.317803040776484,0.3282558999066042,0.18878979916069114,0.3255682823873499,0.31826371722125707,0.3273624443747798,0.31604208902984554,0.3233025832205907,0.33111978850672297,0.3232572073812152,0.3248207963478519,0.3192146667246163,1.61723640009724,1.6076126028415423,1.6076880200723054,1.610223737263036,1.6132652295564978,1.567678920248131,1.6005710095109955,1.60757178207466,1.611300675576361,1.6076486512250237,1.6209286329470802,1.5848947041263965,1.6135788730343679,1.6174005766469512,1.611861124625452,-8.969956406895989,-7.814142823769998,-6.820865584355488,-7.281361299011223,-8.112529957744243,-8.788001720666443,-7.6803043375826405,-8.169551315572477,-8.187804236730102,-8.434672795684406,-7.75367522437196,-8.397385786806808,-7.639782069403367,-7.678574092302767,-7.432673545177892,8.818877862634071,8.909180257272862,8.763469955033845,8.984533215758951,9.022179662658628,8.548067936267124,8.70188489930538,9.276675249227841,8.862691825495968,8.840797567669126,8.410816738450224,8.467836039846624,8.517083115506633,9.065278511149877,8.705163550461538,0
0.35889218394079314,0.3544681257189092,0.3802091244247481,0.20130210854156566,0.36137540994783945,0.34420054701579017,0.35782815541376983,0.35492355597072384,0.36793750767144595,0.4004977246460625,0.3748940920052913,0.40000610662157954,0.3737992777878022,0.38660087814807703,0.3903632374020154,1.703376728086551,1.7691961992778336,1.7739146096886058,1.6747921288958423,1.6898504340423959,1.6110399697480753,1.6245311821977166,1.6975964397269858,1.6615861786505703,1.7635097496675503,1.6943702765205477,1.8701523527875819,1.8380873513873386,1.9315700090582466,1.928399810624861,-17.561692238525666,-13.308935356105877,-16.077732822999707,-19.045976378116535,-16.29760208224181,-18.29184993617028,-18.710729963306505,-20.602600538097477,-19.05897824475565,-18.313980210030365,-21.890404585902843,-18.13421237698583,-20.013735854674337,-18.88525223858258,-18.868474813567616,14.563151564229763,15.932498643245554,15.727809242854146,14.729377415921785,13.539122919582995,13.211275549031418,13.422229593154398,13.751997377112161,14.222548838220764,14.9502703001975,14.028040512658569,18.172996201315645,16.063062568230308,15.66484272855325,15.997440337850259,0
0.3276032753111944,0.31558666428116905,0.3355297636723184,0.3144598720068432,0.31727748920939786,0.3254433251662223,0.31792938319626257,0.3131786462584406,0.32511606380802344,0.3225382193414418,0.319881552432924,0.31337553216085434,0.29911047317978756,0.32060837140391035,0.3108834080407359,1.6262242450426585,1.6117351894747418,1.6039208154159241,1.6156527662478242,1.5951922604819084,1.610814857679426,1.628470508216267,1.6310165456470087,1.588530954472935,1.5938311779746432,1.6114494986660144,1.5958279257568126,1.6000307935398244,1.6133917802653617,1.6233644899919994,-7.22860268213077,-7.758524585270607,-8.394248196577081,-7.772569018440947,-8.306133243986295,-8.343282552719415,-8.218852541649028,-8.211845027149707,-9.193652965025365,-8.076989066450551,-8.537017897621553,-8.506577681487784,-9.219965810769253,-8.763535678344311,-7.854578001440274,8.959955180025446,8.750428021199955,8.982545964526453,8.831174543142257,8.372935525473192,9.156396831308205,8.464472288456246,8.739653859581711,8.511405126646876,8.61505205084045,8.275452403686225,8.983907017028802,8.04260544353545,8.890126702187727,8.561726505411668,0
0.3104653910383314,0.31526965374657123,0.31241706320327545,0.34635233115971875,0.3286067841925685,0.23223006140616637,0.32415717293797597,0.31570854174355945,0.3081500161468006,0.31799678850277124,0.3093838987069528,0.17221304983074331,0.3015921431673846,0.32308137445974006,0.3546639268639806,1.6513214761205743,1.6393339791034176,1.648317560644638,1.6174306524952988,1.6997605262693392,1.666195783594762,1.684575115800994,1.6901131901703146,1.6791365689626692,1.69821611191714,1.677413130117245,1.6371070838606858,1.666896319728658,1.6526152321268204,1.6703580060808674,-7.981233181936574,-7.1359988833546595,-7.4296111103293185,-8.32650078305457,-7.277763469770434,-9.439019456001063,-6.8152508990384035,-7.161989924593257,-7.3873470802857355,-8.096695027393281,-7.72532328099777,-9.99539665803627,-9.156415155005789,-8.336903329454884,-18.444048590890162,8.449209015097944,8.36494204956589,8.912993262677706,9.455699997526962,9.34138079137731,8.019440404685357,9.554370911510851,8.79390235716712,9.00991163594224,9.305511767857547,8.726364700510583,8.115864471258583,8.855821490743919,9.84944042967214,10.033016779120054,0
0.3253583510469459,0.31203801736940945,0.3291644478781316,0.3176506796001889,0.3187004341287114,0.29460560145049275,0.30160288989687944,0.30838939134751814,0.3024111243689923,0.29560566092624596,0.3612003312967057,0.34048144789651835,0.34562646700700983,0.27326889551122835,0.3502154526895169,1.6428263856966259,1.5896328949493552,1.6064801967584805,1.5924643417356557,1.615943916643719,1.5943574909567617,1.5947697277181436,1.601770968726078,1.5968412619412282,1.5860960722930204,1.5963975326005466,1.6194798361583576,1.5979582688361422,1.6113977210898274,1.6174619823137628,-20.16608519629483,-20.14433398425095,-21.883590381010094,-20.21992792435458,-21.81573338359601,-20.469167521755963,-20.377488341833754,-20.685738572990545,-21.291761155545316,-21.654370105602993,-19.670142875369322,-20.047744139041583,-19.672929315501506,-21.220870533870254,-20.50142065102716,9.47091763811365,9.076895252248292,8.88984253476919,8.658994878189956,8.437694810180473,8.720015083816687,8.289508573366895,8.532632474447087,8.667504577064056,8.623706486488317,10.179471980674537,10.177032832595815,9.53493375983238,10.07006888538222,10.151959365043261,0
0.33813446453772267,0.34893056167933556,0.3574900960976442,0.36154902216657014,0.3573292408538651,0.2883862431190731,0.363899321696035,0.35687267402104705,0.367057431124759,0.36749990841044267,0.3634096548159742,0.35810247580120547,0.3700831519226815,0.35636570800595385,0.3477472566922077,1.642181644836676,1.6287278530226987,1.6024139251746943,1.624406200582199,1.6414344654826971,1.6130292667045074,1.601828426811703,1.6075399159988315,1.5884046668109277,1.5924065614330338,1.6036474948196509,1.6158930241900522,1.619922878873752,1.6042507452308394,1.6225590907003344,-20.52780187445262,-19.77013859322892,-19.22910979785857,-19.962284550157136,-20.342966100195042,-20.41456712863993,-20.76413843595668,-20.75963906872977,-20.160117832446673,-19.723243595413493,-19.947638549594984,-20.16183170943765,-20.108286941906755,-20.331044425926933,-19.003106090783945,10.018107491781869,10.57705983024224,10.085820035369942,10.574199546460823,10.69405786269954,10.076513279237906,10.1635568183287,10.390394854136698,10.426241015344104,10.406400552832151,10.558166626985084,9.83347724096262,9.785741903984112,10.151126044467015,9.80143604054388,0
0.382770465025565,0.36438744076196095,0.3791812985175559,0.35848173842198533,0.37125472126278475,0.3747809004891518,0.3667038913000744,0.3662651850470905,0.36303291498290813,0.3632720885748421,0.36600100084032255,0.3773747717386611,0.3672144827192949,0.34825305661369305,0.25971530967230805,1.6821624822947632,1.686391087482317,1.7131896347636748,1.6813274140248877,1.6791806765977706,1.6757823398078289,1.7083628768628536,1.724030275670247,1.7077861274932737,1.6965713284440063,1.7381224092742555,1.6805169793008292,1.7283357213135069,1.4710562252111323,1.4345765098759198,-17.18283340952877,-17.60710175459363,-17.125411533397056,-17.091035325777767,-16.85504811784034,-16.97466074698147,-17.419298597079262,-18.735980343866544,-17.5927139455693,-18.42797132380872,-18.053667593380936,-17.21265997877407,-16.561755280013784,-23.687568021225502,-35.39250491129647,12.25031049425917,11.804595012386667,12.546423258525813,12.637003717570511,11.70558870673112,12.134578645925505,12.895871534984206,12.420771027934526,12.141176692892431,12.56899607079805,13.025201164134664,12.284703728294915,12.8721529093275,7.845753963936892,6.245260059227293,0
0.34404615106062514,0.2422717659139759,0.3389954981018314,0.33721516057294293,0.34457408741199674,0.3400826268288366,0.33836306165677443,0.33829833941783005,0.33690087166523025,0.3343453159313006,0.25183605997967506,0.33319472156503005,0.34128277911571303,0.3398950672122593,0.3324108390841135,1.508534524843736,1.5048292202673719,1.5063420308828868,1.524796018033057,1.5219134968947787,1.516589702540579,1.5515453946204554,1.5311441140790578,1.546892796579451,1.5354527039001045,1.5347719353273075,1.5250782162459413,1.5325248429955538,1.5341277861895593,1.5200540263199669,-16.74179692349398,-19.909148363650957,-17.251298564444824,-17.69703403748497,-16.703629753684623,-17.154955980912007,-16.875343183674147,-17.19919674139166,-18.3390074452673,-16.840603120979154,-18.560173911154266,-16.082280692351276,-16.040668152810298,-16.76630569565299,-16.40971627556479,6.580907918117605,5.852763554795095,6.743797980703682,6.459396507694012,6.6787756197532975,6.180243705427451,7.072989070324728,6.470546800026237,6.550086910795494,6.87382673325972,6.7662780764199635,6.682216306900995,6.7738544602651425,6.209132249910536,6.011252174208557,0
0.3351579014668154,0.3385232569537927,0.33434625509290283,0.32403820962124713,0.3350516403609859,0.3264900150096105,0.3302262825453321,0.20863431907964597,0.3204292957918352,0.33508604963794797,0.3342933050711142,0.34145952076801006,0.34295235350110587,0.34218852231086316,0.3240790204933388,1.542572687157838,1.5387887224517434,1.5172920036198152,1.5259820098662646,1.5199660677803377,1.5347148696211033,1.5392625587410005,1.5429983504456752,1.5355044364287893,1.5088986241424052,1.517193193026466,1.4901961061181492,1.5002657888138584,1.5033952975768254,1.497989008359672,-16.830120991692354,-17.528079489243737,-17.02023352307117,-17.05071280145171,-16.51973645573159,-16.6899673182823,-17.156558878640823,-18.632116189926478,-16.62701196210628,-17.307863504893987,-16.692939907758557,-16.532479861623074,-16.061800950824193,-17.25340591560206,-15.931670538275625,6.710921731553636,6.814122749926663,6.616848099130021,6.238242623685841,6.408099442845918,6.449336625488593,5.918597110793857,6.080669844535805,6.1430476239205145,5.524248914485028,5.219340898329664,5.43980089914106,5.660720938838757,5.693734104418571,5.913084807017107,0
0.33653437445964063,0.34158561804219023,0.3423380906800282,0.32921387373729327,0.2890258176794762,0.28683215432674103,0.31764176615025175,0.33846837284223763,0.3282601724586366,0.32249690331995684,0.3290836843736067,0.25274532765287805,0.3370906699696071,0.32723328636353893,0.333791332036521,1.547061926756256,1.5222910856512195,1.5336169658136358,1.5528032673595764,1.5358109768650008,1.5374385099766912,1.5386075318065966,1.5334219605070551,1.530139736128956,1.5618794913753453,1.5368858103864291,1.544183781140021,1.524221345355779,1.5240382814464708,1.547061521021555,-16.594785282496247,-17.730223266271594,-17.451437495115613,-16.504031142447445,-19.304432064202047,-19.199859763936047,-15.613287941550823,-16.78538715312436,-16.7885743840763,-16.079027178363447,-14.876444769227874,-17.43462989013952,-15.83358748458059,-16.187965766080424,-15.858058849120425,5.922222487640727,5.778049271674824,6.1440745495367075,6.155131696694131,5.388262429523509,6.113447167463014,6.163675211103919,6.257002076459497,5.786002395319129,6.173919361867791,5.64590492233619,5.367105021812688,5.375838055750817,5.802739860573184,6.016747940156176,0
0.3286016087934285,0.33423407592654764,0.31891405047421995,0.33333646564736114,0.32382329603063287,0.3282601724586366,0.32678783105709774,0.32045506198611146,0.31810922682172926,0.32600945478843324,0.34029327711235546,0.33360858616259614,0.3406134342712702,0.35530251587734496,0.35136270698671085,1.5092028175858054,1.50351316585402,1.5257298904109136,1.5091456050822696,1.5100533477257871,1.5252872169376632,1.5374060028283165,1.550308929977137,1.5074171381510906,1.4952909334823152,1.5951788746260225,1.5808052272163917,1.5968668362953404,1.6589147567633196,1.6202630302319967,-15.542931438692221,-15.929135430220356,-16.2407319426747,-16.00567808651502,-15.821394182240425,-16.57438672137704,-16.62210871493164,-17.01243497580805,-17.693636026304432,-23.361714526376375,-21.064358193479933,-9.653278981742886,-21.420568517121637,-17.07963437157929,-18.06054090476161,5.768838719221085,5.3851121062589,5.522833108509207,5.245244901128665,5.415667029367267,6.007263407286287,6.258705338788668,5.822216846274348,5.732370977052545,6.145422354027909,6.430165076086884,8.74891713741889,9.394999704631912,10.737230112158775,8.294890300769517,0
0.33666432861461215,0.3364049371071983,0.3331081818819177,0.3286059320627355,0.3330329560116686,0.19242515866851242,0.342576650681781,0.32745007964471606,0.32641698140801445,0.32667381983337274,0.3339929421229797,0.32996394443982957,0.3209591449373007,0.3310091757430075,0.30343982824162885,1.6496199445411268,1.652433962747751,1.6518314516954646,1.6634807368889264,1.6455136849012884,1.6852594514617159,1.6881081093678578,1.6604542467914718,1.654114484895357,1.6246882835005516,1.6357638704220152,1.64716135082564,1.664055542463992,1.618902442350006,1.6345827124245924,-15.74943628911197,-15.101037841487653,-14.714165289644399,-15.349511650500375,-14.021327971432129,-16.214311175431135,-12.52418708094163,-13.446408763985573,-13.130128888133498,-13.865611667414328,-14.313354969604347,-13.677081488228424,-13.316252463965185,-12.304366242736876,-13.148412756095126,9.513995949342762,9.73684508258319,9.85186445751771,9.946532832063152,10.31388125720427,8.96421171515033,9.184066270470888,9.48918941314915,9.560729909725781,9.520508144568083,9.945813253325722,9.949601857718664,10.158598660352128,9.556231178924861,9.869135956849231,0
0.37785838835697255,0.37512064624469244,0.3877992518567095,0.39723782128184393,0.4006836035134529,0.39380055240909784,0.3909208060023131,0.3947412809336872,0.40201758320210756,0.38752607836331165,0.3849454849365486,0.40105991350578385,0.4017874660284738,0.24324783788195659,0.40700427714276854,1.9209773602221654,1.9306793604081278,1.8644304639841298,1.8885437924042965,1.893379770085517,1.8564148828168412,1.9054266084885005,1.9467641553448085,1.970215361573707,1.8827509001623133,1.8838709483215799,1.924822379494117,1.8192962564554058,1.8911469221701431,1.8780792477536448,-18.411889629481834,-18.901019202243646,-19.431708998680875,-18.953035076718322,-18.90481542003687,-19.388564212806983,-19.252840191744667,-17.830825451476016,-19.423973380925105,-19.075420319882397,-18.372265193077794,-17.88046429039059,-16.865177903747053,-18.880837088142954,-14.082831102222002,16.06999016665298,15.375179347477513,15.491001076312129,16.343987962464446,16.351718146094456,16.168756002091044,16.686534494588642,18.336851840917777,18.226354075189953,18.66156886264487,18.95286376581094,17.644109817894325,16.502769116597374,15.663357942109192,18.778910156127743,0
0.3188715459825492,0.32642168491940304,0.3170918637185729,0.3254248390731977,0.3188003882572583,0.2714961760986565,0.3035895972467837,0.3138287694544527,0.3081323998383674,0.31560879110641926,0.31867629268573394,0.32719181388827323,0.319880822400553,0.3207177228813852,0.3176962403266937,1.5884575001458505,1.6353608378560467,1.5994841286829553,1.6534258964731583,1.620688521718126,1.6438337016465676,1.6057819466138565,1.6269966070697122,1.6338679300974996,1.6224214666005978,1.6472780340529627,1.6222775109987468,1.635281621631091,1.6337466889551338,1.6350790095035652,-11.636312885413503,-12.180415297937884,-12.506475432663592,-12.190430760564624,-12.634660700480453,-10.843297285054462,-12.183677335051158,-12.367227624547155,-11.464872569973693,-11.444090785684665,-11.231169224113529,-12.199518557319777,-11.601846468013434,-11.11272759686986,-11.354209722077911,8.595908265368942,8.61080089587078,9.220103679782468,9.566938854674605,9.37400964108057,9.794071088402628,9.332941233375033,9.919873675320288,10.14690460966737,9.693298721518277,9.632870062232989,9.094789219262044,9.230474376986676,9.463943686374257,8.910465635032102,0
0.3186447203821328,0.3116364165440758,0.31004105744692373,0.31369551413456354,0.2822727944434086,0.31257750876032336,0.3149685809831046,0.3146588997208691,0.312349110329991,0.3083858445611255,0.31101085240867354,0.26071465042254016,0.33985027388852584,0.3125813865615473,0.3381404617971922,1.6172670257053154,1.6269738865091425,1.604577327956869,1.5974795329861728,1.6146858863492495,1.610824704276974,1.6289532909116697,1.6042522692601497,1.5442472196546924,1.5722831350427235,1.5918149133862345,1.5582803194404573,1.5946513782943659,1.5776744221432861,1.5775098647652646,-10.983602699816515,-11.452237749519554,-10.81287494278331,-11.087259426852683,-11.682580098971158,-11.442061232968598,-10.819233329712574,-11.11240312438673,-9.872600298622444,-10.440947131031578,-11.357652105571077,-13.05713526127667,-10.223334740310378,-10.987425606921846,-11.166867954287596,9.145708735782467,8.910488098345025,9.021025948715389,9.254112321489542,8.302474329712147,8.547205129943098,8.693330831120534,9.263523842481808,8.947824880335522,9.544632634596798,9.323326757269742,8.13421060344759,10.210143499809769,9.677158122191644,9.799255896792433,0
0.3439869935055538,0.3373700777423061,0.3444850859799762,0.3353121547944057,0.3474770906352619,0.3433450454364593,0.34704564955470535,0.3474538657043724,0.33398658269103154,0.3240454581542739,0.3256649941759001,0.3308114737461483,0.335187265703818,0.29149185910855985,0.32429368300353867,1.6195263453327433,1.6292286532810254,1.6177462270946799,1.6184060502870385,1.6133991232655365,1.6104916803715406,1.6042075177792487,1.6032946311106566,1.6284405931228922,1.6215412584730882,1.6281001712337915,1.595871293769087,1.6021783127324871,1.611474687242717,1.635029421552939,-11.766186780223734,-10.982334845251017,-12.14221619038969,-11.8363844738343,-12.484819084594136,-12.383922632037127,-12.980664311890592,-12.515569401326928,-11.735010234295487,-13.004197761520032,-14.225909179392517,-13.18635368984775,-12.474619642119762,-13.384851176822167,-11.774789635743616,9.994837193998784,10.143749864072548,10.019367066718289,10.134673544283569,9.428656860162697,9.566036945970247,9.569063794033958,9.742964470527527,10.245964043422871,9.857137156280638,10.318588741886758,9.805355023832659,10.157039439311674,10.037787956193252,9.907618322321724,0
0.3300339991095094,0.31750124410798425,0.3287263753094441,0.32580326231924583,0.2991213278767593,0.32300953593522697,0.3119904075375847,0.3180619374867975,0.3217650270284059,0.32556228426941003,0.3235950528109497,0.32795540836988035,0.2746583395823158,0.3329219351438291,0.326270844847401,1.68618568259397,1.6389210720214245,1.6283076385475146,1.6074053164075837,1.6385483521937252,1.6254297939298226,1.6320634489112524,1.612316445756993,1.6440435872637387,1.6171958129397785,1.614365519485018,1.647386325183496,1.6115891274047414,1.6534223618932091,1.6274479367809906,-11.144836285573831,-10.312142943026487,-11.802830161406803,-11.714546434266481,-11.663735562314145,-11.417564460483362,-11.688672770575067,-11.530402287994093,-11.985440371772427,-11.777527750491771,-12.87864047534822,-12.116075888474825,-11.42219552924513,-12.105896881865903,-11.512377257925891,9.920424473617205,10.014841751743237,9.667319814248344,9.257536763402639,9.724179812962749,9.5173066147437,9.93891230731036,9.800922216257074,9.798532516303645,9.968440254488653,9.869145633465205,9.579110418316798,9.44880678409547,9.851413511461022,9.82446420880558,0
0.33592314024319014,0.33829437842424315,0.3038387097123284,0.32160721613021825,0.32983586269275245,0.3339470779812602,0.32621128233681873,0.3334217099428145,0.33393611832102543,0.3267196541086377,0.3355397815301683,0.3298627450935321,0.32200623837811826,0.2937593725639319,0.3219069610651766,1.6377555845154843,1.6295411452398727,1.6247446949251112,1.638852795018242,1.6413413198506204,1.620977944276748,1.6047409712310239,1.6311381501017554,1.6231683421129957,1.6274866017791605,1.618191049332509,1.633123636403818,1.6290292444380983,1.6075578438935172,1.618079241203928,-10.531803053820568,-13.317951827458444,-11.391377843115464,-11.645079969132894,-13.098847788369426,-12.92194812050164,-12.455979229248896,-12.34082950671305,-12.517130580052452,-11.7909736649124,-12.231908928860236,-11.573785930942108,-12.893037143152696,-13.380811918398877,-11.846535094517236,10.650197240915574,9.843499546860434,9.89754418416155,10.370275383593896,10.135266791516992,10.03377669387815,10.608892986905397,10.494327173227687,10.7451154784386,10.102630397445795,9.903430153003741,10.4661721151542,9.857489552465202,10.297874593655784,9.905013602277032,0
0.3461017150938517,0.3122834946794818,0.34135749095191964,0.33222656045686005,0.34493474793202705,0.3372263420396212,0.33578110926144517,0.31646518531756795,0.3205971119152041,0.29816668624663334,0.3190441411292235,0.3091887292995248,0.2938166778821376,0.31406035989503245,0.3235877706632741,1.6570328997254233,1.6746653876414441,1.6308678630769746,1.6735430221193859,1.6436387575650555,1.6660938546881274,1.654727264223803,1.655604149480871,1.6494168025172407,1.639311228582379,1.6459992131154624,1.6426724844726526,1.6641815509795457,1.6208790783848752,1.615262054960403,-12.650700193810735,-12.879225794675506,-11.979991880916288,-12.941959075725492,-12.497880256186392,-12.399511327850718,-12.102494191644439,-12.94136441142453,-13.110396397752396,-12.84986349459254,-12.872366957084495,-13.544156198172828,-13.20123043786134,-13.241291374862328,-13.375888721273014,10.908499564299907,11.277401151861028,11.194114379642285,10.979622378247234,11.13109276564664,11.331855589508399,10.990371911013836,10.99949451293985,10.632825284951123,10.307353781222858,11.161329248201017,11.048587371319504,10.673949123559721,10.163438114701234,10.919392705910996,0
0.4139125273184865,0.409105059634491,0.28718684768378466,0.38308561380357026,0.3692755342310463,0.3661942990696666,0.36279641968537146,0.37151864641209476,0.37476453623438516,0.3690391141551619,0.37102941300100545,0.36845144594137647,0.3637912255951049,0.34038114502994216,0.35692595745372246,1.9016446121841368,1.9056057666035218,2.010015687732668,1.8218248751557575,1.7965425478392432,1.838614458353084,1.815406512288763,1.8992722185725455,1.7995820865902994,1.8174574703414672,1.829191210309987,1.805663846276927,1.7943911511175499,1.8359734103718586,1.7811413352567784,-18.3507503898509,-19.344126424999615,-23.63564611101299,-22.22027184774899,-22.499879877051058,-21.986551081300235,-19.55009519493447,-18.866815227767717,-20.866451764229964,-21.124134184846497,-21.91462304805853,-22.408455053357272,-23.339403666549686,-23.124822638112562,-21.190122036854433,16.919103289204035,17.717082209805618,18.57584790135117,18.611392654674443,18.569816493045852,17.85699389561568,21.886211596290806,18.870328070512457,17.70408485731041,18.18933350181817,18.514096282212474,18.64300260532965,19.1986869425272,18.852135311101854,19.10980519818078,0
0.3790304160877387,0.35557006088788073,0.3702814405015098,0.3559495198299426,0.3469113457922398,0.36244710991860335,0.38360216196115926,0.3971387788083016,0.39244821688393283,0.34791809594577305,0.3470408304150273,0.34589675498197786,0.33450990796977403,0.335945199684597,0.3422845948408129,1.82582889200165,1.8198318425959434,1.8420379059912166,1.8514991560962404,1.8349492952162316,1.797924981676241,1.9379181531811693,1.9729865765935235,1.9930283543198366,1.8976733970509931,1.8106325028948638,1.9449704870463647,1.8729029648729845,1.845258178585154,1.8261959332273963,-22.437851338565054,-20.64326079275932,-21.41667231369604,-21.062267485596408,-20.991281067791306,-22.128183256248946,-22.014387368831308,-20.82720120995026,-21.164157026076055,-21.661506478222236,-21.353919040924495,-22.935677647697077,-22.913424437210978,-22.823761660436645,-20.303307281348282,17.23515343924806,17.89347745250698,17.690286523372638,17.997975494039054,18.8769584288143,19.60627842808026,24.171742382833926,24.33483470687858,22.960890447981747,19.001209641169666,20.71906751588935,17.517674504375783,17.199521218188433,17.234409961578457,18.780199527405586,0
0.28570748293613046,0.28228957598402704,0.2905754731654186,0.28083019632104994,0.2930408535105562,0.34912325531294575,0.3369127838621307,0.29375736868506086,0.29962866154250123,0.3243044969383055,0.3302417357744809,0.28410612107978594,0.32238164947030334,0.3323632020452634,0.3104766426924254,1.4468525313555431,1.5385693301923717,1.4944355147839075,1.5694159645967805,1.4339773065973804,1.2869284078201726,1.3344382297519009,1.3426825281091639,1.3276585939508236,1.3169485932615699,1.3808046438058241,1.4493536469547725,1.4189813467930166,1.4653352328577465,1.3995407477281472,-13.226118344254104,-14.596161317587018,-14.545214318221184,-15.393108841849397,-15.732202987251071,-15.422599550215693,-15.494150135504952,-16.865844743791484,-13.278330113444099,-12.387208168410922,-16.666189043140804,-33.94490253284394,-20.917216710457666,-18.717208895556638,-18.247248522329016,8.077878738978807,11.090377048192192,10.689790800814402,12.917404775160557,9.318628761899747,3.2325035001560645,6.58830843777761,5.4055524430501265,4.568946326010151,5.110416966544734,8.48441141839011,11.90019865923693,10.105125530856403,11.449298868569162,9.123787572361563,0
0.3649737707559566,0.3146356248038251,0.3056919919693689,0.2876086160538148,0.2988847920727969,0.27287768042353516,0.10081731554514142,0.2856517181991174,0.2961004266723548,0.30568247392472825,0.26710331483437033,0.2810823934559959,0.2963680561463756,0.32858087707132383,0.1539817077234172,1.2167543291045229,1.3335773343046624,1.3433093474140896,1.329354323071869,1.4495670926687283,1.455819272370189,1.5893865906778606,1.4961309881126565,1.4974789723019686,1.540954722706816,1.6132169602570654,1.6208761394726556,1.6084465790259206,1.592628598745696,1.587801312630415,-11.282373082146393,-10.981338285271335,-12.517171767276267,-11.035521348438294,-11.891310992285696,-11.418433706309003,-12.937461243240477,-11.714181169255937,-11.286589868396362,-11.537570653942794,-14.258060314086464,-13.425033973634811,-12.081032387636014,-9.467653703085176,-11.85686549290753,-3.352377478890206,1.0726590810062915,1.8166303144680351,2.751612250364348,6.742782086080455,5.879592596436665,9.10056851269086,8.371075882766831,7.831081886250089,10.453842103896234,12.21346390460574,12.238884750160038,11.983686121312765,12.285795676615207,12.140002468922418,0
0.2708595023517447,0.28328454719518015,0.2757348129598357,0.26405892976605183,0.2812140892768841,0.2659948926846502,0.3161703391929571,0.29740436318836827,0.2918882869642671,0.31226861133602557,0.33903035533553055,0.3286072290781527,0.3128161008336916,0.2908561788862107,0.2757068858168056,1.4341195417045849,1.6748182045909978,1.6263434789315747,1.3391974206457393,1.2902671964893844,1.2812723631249776,1.2290843466704597,1.2762492047175023,1.2266636537860969,1.2757998168465239,1.3281709612852468,1.3372173850338214,1.328219842820969,1.3972449265792253,1.3800190312880305,-19.904834388905755,-15.905195894772731,-12.591954432281142,-16.046107928326762,-18.378013128051748,-22.013725030809155,-23.197394490291117,-27.360196378730677,-21.731627161706314,-19.82150077669442,-18.669789489642454,-18.74338081892816,-18.5881285602716,-18.09374230074428,-16.774118181186594,6.925538398850339,13.628453751387983,11.806286813025258,0.9009632066238742,1.1314930580267926,1.7266146705967347,2.276300718072282,-0.12786835891753653,-2.138010638323872,-0.6897790758724923,2.6090286158067166,3.27583495075496,3.4915868644156283,5.243557785401691,5.864567810519583,0
0.27081640038709115,0.30950945790622375,0.28935236638846734,0.29873048902423494,0.29577778475459104,0.3060787287513064,0.30348327246388734,0.3078992713653117,0.28795563235355615,0.2850740003618858,0.2911868752848461,0.2979559655007756,0.3032959435682788,0.2902177744783427,0.3156905556360279,1.294410583663339,1.3118232384991435,1.3120579068838132,1.3093560599255734,1.3358522757748879,1.3305045861235432,1.3080804255904628,1.3333533103933985,1.3247825154358754,1.3043227446535879,1.3345992802347555,1.3222947014733812,1.2952262592887371,1.294263130590116,1.3004866887869524,-19.628199184740595,-18.078625271365667,-18.136749035541442,-18.064821034389894,-17.873496730094445,-17.768293037659248,-18.164548259069562,-18.189875085561027,-18.45472485151572,-19.328208623849378,-18.695475252925206,-18.243971152991833,-20.43604191442418,-21.245793749632526,-19.641148483164756,1.7237858123047738,2.3697353912099945,1.571771550174099,1.9084798830787468,2.2773314540904375,1.4907828727081085,1.7242855955850176,2.565715171052609,2.0376177273135685,2.9973138042319305,2.4851573660283144,2.8175559987758776,1.5567419721067075,3.042259742344465,3.028886918349366,0
0.2959229975942248,0.2974297562137673,0.29991962678368456,0.31516497995072545,0.12064334589717698,0.24829371875166606,0.27884134165380287,0.2642655982266068,0.2843141364092555,0.287974157982979,0.28074318009010935,0.28257680975859895,0.2865364776275178,0.29957137976080866,0.2745474698562482,1.30126859045254,1.2943660710312848,1.3150610435183214,1.2857697148341387,1.2920909418757813,1.3239951987273444,1.3019148543579029,1.298230584559395,1.295619987863209,1.3066767246479853,1.2929163664249885,1.2834782428824345,1.315486753047513,1.2984538693363432,1.3234589091280848,-20.275294052769425,-18.961603587348833,-18.74703628427548,-18.96834298300115,-20.556098645676286,-19.10256458237555,-18.87380413319184,-20.153535910146473,-19.270410257028033,-19.020507039569168,-19.91481759208901,-19.535816252790823,-19.8178731758465,-19.371354643141757,-20.63202715572163,2.87787072834953,2.7721317035471347,3.1305669473541125,2.7181266184372506,2.8135679982977546,4.033011160966247,3.1171498143902534,3.397820276900896,3.842798983293791,3.3370674996986183,3.6308777398634855,3.652794760779754,3.3620354540591255,3.5469625515098797,3.8254476917302283,0
0.2918426294474753,0.28206115264980997,0.28207211166813534,0.2975513621759781,0.28680760155343804,0.30612514694225,0.290309846499313,0.2887317277899782,0.2885699541418505,0.3020862360021905,0.3065880730069136,0.2884469441885328,0.2806906125031437,0.3001688402602234,0.29498598595056014,1.3491438337831418,1.3601281472394162,1.3511290895904327,1.3370183456684368,1.3565480981202664,1.3349541852609574,1.3627545441957818,1.3376680873980287,1.339237178036381,1.3430585519859508,1.4202110519723905,1.3314276141842096,1.3486153109058547,1.3400985727496773,1.3712983859498005,-20.30779098247882,-19.689639499263762,-19.468687180445215,-19.68243152231551,-20.005594205652727,-19.948757958585304,-20.392059489011018,-20.226164483617623,-19.98931942497083,-19.683945383026867,-18.906912734056988,-21.55335334989391,-21.869886141316016,-21.28641781677956,-21.245939129934527,5.104710018301782,5.0056211312368175,4.990163183968749,5.319679150279589,5.316299337536671,5.644612646030428,5.352743124993578,5.29298554542575,5.132448115059426,4.6659389220049725,6.0206818733078435,4.6349462287994925,5.157746741436684,5.2148664963343965,5.008426027249744,0
0.32304845956846195,0.3188011593199679,0.2996401736065397,0.2622799759357263,0.298574750478856,0.3304978496728249,0.3234140736049928,0.29590398544071195,0.3265103091770294,0.3295778701595101,0.3432285378488109,0.3304730382231974,0.3227763170152572,0.2969738478343456,0.27551879096999243,1.3671130253083272,1.166360411638663,1.2491804013183538,1.2658645480180077,1.3494884196818349,1.4067651504839445,1.3926056287391497,1.3460310999276905,1.3859508177316353,1.3669052946479894,1.429597638431497,1.391275012356254,1.368428932388213,1.3391540154679702,1.374691377119291,-17.914116094380745,-18.483318817324715,-19.206269357120277,-18.832971487811818,-19.51397859003532,-17.255442347699613,-31.489293116626556,-27.718608182094783,-20.573844904582074,-30.840527445739014,-27.505957234119933,-29.93154386877211,-28.005655857520537,-27.70409859194342,-24.0912719074569,6.810484679853723,-3.16729464388447,-0.315402413373822,1.596161752723966,7.489188683810085,8.861861028752212,11.494960365119848,18.606497070704137,-3.5429217352610003,8.557205689287123,10.920715092551308,10.52734488794186,10.175582944216837,7.1441667598369385,6.406297857251194,0
0.2977430834425122,0.31143551403841635,0.2974634668216849,0.2669868309504161,0.2960596091334467,0.28654661517947344,0.2883185013115668,0.2985053403099771,0.23170562088738197,0.2595213175275167,0.27315747621447695,0.2811020848906761,0.3017518276910143,0.30255998830246766,0.2864786854998049,1.33196940035737,1.3458343909641413,1.3385493786279659,1.3295185763392598,1.3486938754000066,1.3338413349071485,1.3109807877825257,1.3544089459356865,1.3261977486459706,1.346026096566873,1.334062114080014,1.3066826888421834,1.292481784393666,1.3440141290660594,1.3196888882726592,-22.070020650063725,-21.134644701665707,-21.651301864650378,-21.92574724852477,-22.0798448241581,-21.555566413224057,-22.47502863231199,-22.101376870476457,-19.959016551268263,-20.93801474800017,-20.014299552532663,-20.297704694959037,-18.889353322835206,-19.684927204455676,-20.242911645389654,5.34867610417518,5.80352905355592,5.089108375583906,4.6170460239511755,4.5888394486103365,5.140334588637481,4.865278154213684,5.287506978988773,4.99873413954634,4.4406769888146815,4.484117119529833,4.452081730970597,4.484693867085926,5.147308489575492,5.088382528802339,0
0.2909459351654127,0.2946317490542744,0.284954896858814,0.2864497518369774,0.2748773779648994,0.1379927730691527,0.30215014965333853,0.29578169578576674,0.28003837842952106,0.2992200954404868,0.27223852028792384,0.2871168598935807,0.27003229075561963,0.27934502020717933,0.29426550188391426,1.3675205015186465,1.3270616298452,1.3457644581249715,1.3720894306321652,1.3354968482284126,1.3456890657177225,1.360624978032099,1.3418904105787164,1.3516286107114106,1.3343767419636579,1.3612538757777124,1.3507611524907617,1.3443550267988444,1.3410282937685838,1.345170254336047,-21.07556364753526,-21.75023167049676,-20.33826762297153,-20.82862633141096,-20.475550049487026,-21.492912775608914,-20.936296164540465,-20.55785508792337,-20.08556534716135,-20.92526621946439,-21.380212063144427,-21.213475536705033,-20.996948718872574,-19.85693486516152,-19.267367258206065,4.668286053579749,5.012907329287962,5.283457569942067,5.169572122357348,4.755851749911421,4.886483984850344,4.843795008842956,5.162035690611287,5.207117938022747,4.921661557467226,5.358174672362843,4.901408124977468,4.339511213133802,4.533748694908703,5.226213495190431,0
0.29206728352988776,0.2926301087272278,0.2689479540954034,0.31462475966673586,0.31041976425150986,0.29102762592626524,0.30142525890340677,0.2950477343078637,0.3001545085570526,0.23702503211647352,0.3068811787169792,0.28471383906934017,0.3422789449102296,0.3156238688176191,0.12184023720079759,1.3323054078540533,1.3446569084080235,1.3413859421915069,1.3621774648787726,1.3382393488812152,1.3379255383070792,1.346884017845739,1.3518921349121233,1.2731640814319778,1.2849338811194095,1.3842793709746246,1.5819996627866075,1.4797893488124865,1.3627307230960735,1.358031158463127,-19.37569102702315,-18.395718284196164,-19.32805109739948,-17.199426283802637,-19.59632551984936,-19.03411725224359,-18.195089038965563,-19.3640108054029,-26.828580260658384,-26.823347474503834,-28.455356472759405,-15.706504664363877,-17.92694024072145,-21.38910162077653,-20.860215350470867,4.406300147573512,4.415350381117877,3.727643075209218,5.065362957607028,5.538234435162258,3.67366525923076,4.018666589172339,4.897907471764149,2.479229813611308,-6.317946372151167,2.07059826441253,6.224098094037379,2.5378372596098737,2.870316585365924,4.129980259767206,0
0.31144939834376884,0.10076479766085378,0.07472144285544044,0.3046882307844443,0.3226138222970837,0.2186019409900255,0.2583374773208379,0.2940385115438617,0.28653924407787057,0.28013708417547467,0.3250770710360898,0.29583291964819114,0.27398916451758826,0.28453557409166796,0.2741306697273878,1.8378479945132304,1.453797336224553,1.3024600548239438,1.225602110779551,1.281442265672318,1.3089181722637622,1.3052759640593115,1.3270183482759526,1.307162809446989,1.3060878511161156,1.2844878308782286,1.3012746541544258,1.3132967179491466,1.320167176377685,1.3135703927980351,-5.519796242754325,-3.6041735594096167,-22.286366737897254,-24.109643511287715,-20.746509907985597,-24.24251502308715,-24.360655617381923,-23.297304143612763,-23.712423221674186,-20.86130535573656,-20.95690972436313,-22.166466678895432,-23.746804575709945,-22.904376532886943,-23.848709854179077,19.55871717496562,7.111577804533602,1.0717584565345974,-4.797089550126077,-1.1551183167662777,1.840483368297962,0.7870750149780545,1.0816747083241405,0.8524378682131698,0.7267145863986617,-0.9320646494484149,0.536734511397113,1.2110840330375927,1.6549017424041808,1.83292743380877,0
0.2746537510082968,0.3144135378621773,0.27209627226817323,0.2729292984008816,0.28632223557198416,0.27538479904363655,0.21479972760798965,0.2741632080185872,0.2757345047395583,0.3132914093061714,0.31620784936087937,0.2451017824773464,0.24417675574670483,0.2864454839119477,0.2923489923079998,1.375466190600931,1.2738673843839623,1.2137340340682967,1.2494866942211489,1.294714021036196,1.2992860302976037,1.4568607951813795,1.2935227500073199,1.2042525131985184,1.2492315230001423,1.2851733820563438,1.3187068531403385,1.3957979794873876,1.4176930325589794,1.3382070715704937,-17.830060230365433,-30.525397126508437,-33.3060539382744,-29.47833995049382,-27.42015857662986,-27.268788779691448,-34.508479674622805,-21.611917617824844,-22.790667714733814,-23.08054183660704,-22.869244800955897,-25.593594391884466,-24.908628128489482,-24.466257840843213,-24.692360782972116,4.467918973290289,-2.322836274461367,-1.9385308760827202,1.3743918268871904,1.0513991580450377,-6.021250693542096,-0.07120356777964991,-0.010752625098120255,-3.834869948380861,-2.317660561587022,-0.9923904649511679,1.7454266119455941,5.03344601488971,4.3147178070478445,2.532552231380124,0
0.2681135516591383,0.29348574272915573,0.27741409699914543,0.30853588103648766,0.32463482677129807,0.31283375853908757,0.2942292635586403,0.24094784917843465,0.18723210321800227,0.2806253905261632,0.28339102215484147,0.2881585132032639,0.26726341396237874,0.31063756319034486,0.32870590658293947,1.3335797873282735,1.3735053604663157,1.304656665275126,1.49455602163526,1.665527558931882,1.423163729263403,1.3694956328586874,1.6429253733391236,1.8544252513071962,1.375058373352593,1.6860238550576805,1.287904422663379,1.3018693991433419,1.192026155854686,1.1443513543907973,-23.066996139933423,-5.354711667896282,-7.364024750558968,-8.79465348420294,-14.394930480372238,-14.182619763709909,-20.64911082263083,-29.676237123541057,-21.55522393293691,-25.588872134074876,-13.796669754103135,-18.91185726848275,-15.612883985601002,-25.855859054126228,-26.693526300919103,3.1880490847885987,1.5883668883124986,1.352794916426308,8.333352015071775,15.323831484840735,6.058222384697512,4.879571923665074,22.006137370202378,23.08287679720393,7.870132257265982,15.79535037171739,3.6872817164269334,3.4541525955676455,-5.287984933822601,-5.230338851991599,0
0.29331336523104434,0.29491064124550587,0.2873372213113496,0.27224781099539896,0.32210220427727193,0.31391382146594815,0.3146332602255721,0.3075709229850141,0.2802369986925374,0.29745686231078994,0.29610041794419767,0.31105673235638454,0.3266219058997264,0.29062538774645263,0.3026544750091494,1.1731586413041104,1.1731565669318231,1.1712345519130634,1.1570306411493072,1.1529398127650818,1.1573057934532085,1.146562491204088,1.197009957162416,1.2537482076969433,1.2674958200798185,1.2613923670210339,1.2822140019793158,1.2890082379805745,1.248666845033244,1.1747538773118542,-26.535760727184453,-26.431028096548346,-25.866325265395403,-26.69992929425638,-26.281592756716947,-25.034379342744984,-25.174284219550856,-22.972239211404485,-22.86284979615118,-22.038720172609146,-22.45928961751676,-21.113862628802224,-21.182966499493688,-22.830995845421995,-22.41160624572882,-6.516973077152982,-6.847029942294195,-6.278377803485429,-6.7472156007943855,-7.118934585702559,-6.562020432075957,-6.209460985221781,-3.2747266722589377,0.6834331819015746,2.6790045622160146,1.9821584089162938,2.2298616298494056,3.1903997503432078,-0.5626750236585885,-5.2737673440699115,0
0.28612301964765297,0.29015992246914446,0.2837215536617844,0.30208804648201804,0.2942027489613466,0.29161719776356476,0.2903569185092335,0.3018096100125037,0.29741641271502334,0.2900483845560873,0.27962914618244966,0.29069607054806645,0.2964635662879149,0.15554223806180634,0.29383126685950167,1.1912694298773083,1.1938243635361403,1.1931661010341081,1.1671780502347924,1.191245304211318,1.1870714129919508,1.1945201053252477,1.2289682346834025,1.2415730424110303,1.2760794139258693,1.2540419137984256,1.201283833801696,1.181479065626197,1.1696459158345336,1.2000434221424106,-22.229248822812536,-21.837609210191403,-20.92564104663566,-18.575734551943924,-21.473063424421127,-18.674593689306107,-18.560294354380858,-19.034143728680476,-17.405602810263304,-17.570968654516975,-17.87551676867372,-18.656230691935576,-18.37095502272271,-18.918859612972255,-17.63119555060237,-4.185003033740147,-3.500595324270675,-2.532882808612237,-6.033207982659686,-5.371518293369877,-4.317789731587854,-3.5577418512039727,-4.068560145952522,-2.5755358842519835,-1.0726664371241927,-0.560210478612465,-2.9033739300767043,-3.147296737988472,-3.67763539217402,-3.791296787820937,0
0.30147693233373873,0.3176545720958781,0.31103362350001185,0.2915400253939042,0.30055995621205267,0.2957182708758842,0.3354761972065224,0.3099618997197444,0.30527529077753374,0.2947975670310897,0.2903518418299672,0.2832132464152415,0.3086334920609942,0.3076625937622207,0.31290148294304226,1.1545523497861379,1.0542887249773587,1.1463457702288973,1.1832603178242282,1.1923642779039905,1.2190366498940608,1.1910717955750632,1.299317181421191,1.312816349095354,1.3368596514196383,1.3120046540419918,1.33608853618024,1.3086534946214636,1.2790264351485214,1.1945941018726536,-19.811432785130876,-19.376379071821503,-19.076626222666107,-20.044829479278263,-19.073018237287044,-18.010220560237144,-17.549821482593558,-18.97298595311537,-18.662816695033825,-18.11263836813862,-18.401866872741834,-18.45385261468269,-18.884123567953935,-21.789753004202908,-21.24488404567228,-4.164141284703006,-11.336243201523493,-5.956081600818459,-3.833645625664661,-4.040475407514421,-3.6961974993134787,-2.8834755512354233,3.2398351389512126,3.8444592547201135,4.136840729337701,4.104696829776595,3.919241266237151,2.2150191433357262,1.4017267091316956,-3.9594316607853086,0
0.32860867670423727,0.3166955675950198,0.31981281042330495,0.23507352918716906,0.3047244937428323,0.29241598692547544,0.31701809495380995,0.3110771602627459,0.3206636737279265,0.24666604111255314,0.251131394415112,0.29799832601026066,0.29884182701386075,0.3096626309847038,0.1372134098269688,1.203678921381826,1.2106129286506462,1.2121638008683275,1.2180437086170586,1.1944766380722394,1.2514869956395196,1.2198937805410468,1.2430872388606133,1.2447881590919343,1.2457255266250924,1.2029518794603766,1.2158504050206858,1.2636127846618033,1.5158678485637507,1.4661389173275186,-20.982492691014812,-20.128361025270152,-20.95303254536924,-21.93249474703086,-20.472237217237677,-22.52112609106055,-22.59933004524632,-21.789478283782387,-19.958128465895555,-22.8759443953777,-21.00269848701558,-21.765594056317667,-22.23928979934874,-12.0827413899828,-16.519136191731775,-2.657376564456881,-2.657376147046704,-2.4103962649113533,-2.26075620517994,-2.670153307784829,-1.0917272902968518,-1.2012797609400117,-0.5766718721441841,0.027689673747609386,-0.15816026155079665,-1.4215303055795951,-1.39439218729744,1.5214376716212423,12.09526138007057,11.09236010689761,0
0.25568748091107346,0.2588666170793266,0.23644945980137733,0.23144197105442976,0.24148288488229835,0.22897268728056963,0.2859075648084253,0.25795525809790965,0.2926953648725203,0.2707339671420941,0.30467532972495026,0.3285947136845107,0.29822548056662507,0.3337868522382369,0.3168906845442441,1.6441515471136576,1.82829402214703,1.8694707336544314,1.9542081226296517,1.9291420451577828,1.9603785645033998,1.5394758005555322,1.2990382234355171,1.2135207861980872,1.2208621287741386,1.2504442837547063,1.3521395399105973,1.3400378061591747,1.297928608274886,1.360084986916077,-19.856486608864344,-16.115962748228924,-11.600061512986883,-10.918540698093892,-9.312082483379498,-10.021008272494441,-10.371614839334853,-21.035203439608352,-21.146890627232807,-19.108952857026082,-19.705524848867924,-24.547112100447634,-25.468070454724597,-22.82115418892539,-20.79746065547951,20.93961436915305,24.668090150500483,23.835309844102063,24.40881876726142,24.438442252151486,24.536628860792742,12.28226001535777,3.094297337805645,-4.355876459808082,-3.390616231355485,-0.41674480495866756,7.159726667723678,2.8705312359389947,4.730423624588246,3.9239620469994207,0
0.3438950807431808,0.18787109464866994,0.31108852803776993,0.4013380518380597,0.28968764418998083,0.3024820401560356,0.30074168362585074,0.31944020802208206,0.2872715708169441,0.3133855784607791,0.3096058712085758,0.2970428589188293,0.325141538472927,0.27387274194945693,0.31228811055195815,1.3844203162844744,1.3854785335146202,1.3871164977679797,1.785351452704897,1.3120173328490994,1.3214952844660977,1.315361619354308,1.3422920378299086,1.3163014145174177,1.31180639134045,1.3519881628458796,1.3229553695319503,1.3085438077832598,1.3484989275652084,1.2980214774587653,-12.857640021259073,-16.51243227797815,-15.235470440881414,-25.06396758835777,-18.633182872011133,-20.351362965418986,-20.110519590102257,-18.797740940113727,-21.639160791659947,-18.962963590592068,-19.93597386598313,-19.82188475536671,-18.657616695346633,-20.747466553295425,-15.497875979584393,7.886099369015153,7.681264951076104,7.23813994251074,26.032250981454208,4.45247317246289,5.387156630456513,5.371751217136404,6.160171033262789,5.3467424510416235,5.470125601063574,5.651392857284461,4.860990847685318,4.98945558971334,5.089896110031348,2.8086546301335225,0
0.2945733998287262,0.3046123038338313,0.30315564911901005,0.30144589225666085,0.30566004093435517,0.28281601726198197,0.16368372179438279,0.2911395815852922,0.2582111091523131,0.29046800646103,0.30251369167405273,0.32911955505514406,0.2971032184033722,0.3081147234257058,0.309744496388481,1.1843353286156337,1.206561201214172,1.2264438442546366,1.2797180711743348,1.286643716419095,1.2915844919734172,1.2825712808483822,1.2378752822509214,1.316173166066016,1.3322493704562408,1.3349867991270248,1.2177528207960917,1.2229078836649796,1.2255444161433229,1.290628169852663,-31.784738292562253,-32.44194377070332,-35.18746432523338,-39.92376758210048,-40.25775396658591,-38.06776258590901,-34.65836605070808,-27.228674260790825,-19.97282708667612,-10.81423777157886,-13.004102727970377,-19.278739653090184,-20.102399350359605,-21.057456222604145,-19.226229481309332,-9.501401268902017,-4.689786921439682,-4.275618203532619,-5.5545723187401315,-1.719376942366218,-0.5700541418187691,-2.353455637244779,1.5999174299124508,1.9755288697572408,2.464957643453051,1.5993494256826701,-3.359244467768861,-2.5571594478994473,-2.5376371964244404,0.22996069812322978,0
0.2990974955101848,0.23384428494898807,0.23815961502847624,0.2322856621082095,0.2418116414064208,0.2937435819830254,0.31594259860868834,0.257706413565724,0.2922665043501643,0.30572015162227195,0.31154131039437505,0.32822454300170545,0.31947805035444354,0.33214058668732205,0.3252947348855014,1.24531862561446,1.2963754832313097,1.3209333890738777,1.315297651159327,1.3117926672122218,1.3389160302729337,1.3956732118461086,1.4130197831668014,1.3756473296197647,1.347781456838371,1.3670835806977584,1.2097654412661707,1.195426744552398,1.2486069610006247,1.2853642996047907,-24.648284590552436,-19.659620334861046,-18.982084521941488,-18.06879267313022,-21.942224914568413,-19.832047566496072,-17.11186771273674,-19.207921104594135,-17.213706028460223,-17.182686486979918,-15.313252985390903,-22.581530243258157,-22.968282048876574,-20.480490446535384,-19.437552024979965,-2.218817636802518,4.179276736041749,4.699108548241619,4.14265221594293,4.761620174859523,5.094959509038973,6.027851038022135,7.364608909010922,5.44264468199096,5.364301147222301,5.949583266742473,-1.2599257628293399,-3.2064046107138258,-0.6268934161789386,0.14854684925196593,0
0.2856015420671085,0.2536545791539634,0.16614952666323057,0.33186069648254835,0.23667321026864568,0.23803394896135815,0.2306605480056727,0.3180283610778255,0.20896957692671947,0.3181368290295232,0.22795116928043402,0.24431034963889198,0.3124160942198839,0.22490359468852766,0.3024605771776633,1.3249858749000978,1.3830349979186416,1.31418412624996,1.3640408984903465,1.2911166683529012,1.3027203878710976,1.3082570847413342,1.2568552608762291,1.3063879322439826,1.2695889195956573,1.2920975951560563,1.2986092166729537,1.2875080535124312,1.3373320340705106,1.3342739458578947,-15.891173850337026,-21.751981328383806,-18.20572712303911,-15.428967267242939,-19.80223016588164,-19.259408287498417,-23.490861598555796,-20.35413117698468,-23.743924689696,-20.587212607401653,-22.259358323275706,-20.95882872160459,-21.75998397943937,-22.569955958291416,-18.373724929098984,0.9125448643223921,4.66978923997444,3.0133634146455828,2.7420566411941665,2.9538461215293896,2.245934108171644,4.903219964160535,1.1985261391212183,5.5005111988568665,2.827969484335183,2.61501177878921,2.427728151287563,0.33454943474223214,5.985281645336742,4.168265654686614,0
0.3055109720270818,0.2644888316304431,0.2555582133915275,0.24460024293286248,0.26091425256212103,0.2566520888454209,0.2644356578987753,0.26278825162304614,0.3175872957192508,0.2531662146803384,0.26179709302287524,0.2564437443784537,0.2465675993983158,0.30640690507475765,0.33541288142044434,1.2942575304091126,1.3403347413130138,1.3274262556506276,1.3467241532446879,1.6485797750938502,1.573926467663884,1.6253625397853986,1.5852107469498182,1.3923105226950947,1.7675354346138519,1.775363998871746,1.6965952594025975,1.3782946045102662,1.3986158652619043,1.4401986042181065,-19.176917868632387,-20.89868068320459,-20.768331947315062,-17.717397946370312,-18.932457782397165,-18.917897115577546,-19.02907350755609,-17.960464268332373,-14.470407527038532,-19.049871862273818,-18.493187236458,-19.63696474486602,-15.339433556444817,-12.57489885231206,-12.963679322453942,3.712087413568231,3.8320316984832643,5.25668780110005,3.4318360760674387,17.441170470758024,15.185227217037996,15.917299805819319,15.070792997906477,6.6133690365969535,20.919452519747065,21.255680423497793,18.494188212323724,3.8944085061081375,5.986420891212509,6.359795182235321,0
0.30374636788879605,0.24717635273380315,0.24411433003621497,0.3097604361680585,0.22928720062130228,0.3263601255123135,0.2380210946472155,0.23679550503624083,0.3241042474528827,0.252055187712252,0.32268247800951744,0.24826343971357975,0.3326555851670189,0.2538144845218968,0.27807225644974576,1.3529460362731047,1.3690672863354525,1.352192656589474,1.395168989379954,1.3341393988491197,1.3623441905506708,1.3507767874971885,1.3418397847282604,1.4081503878596369,1.4180889185596905,1.3799978405935245,1.4476081643656498,1.3950964394572332,1.4083422722140309,1.3954983192860086,-14.288474551550934,-16.895282562032065,-16.251644959326228,-15.89439797403071,-18.54680019113337,-16.31105526108874,-17.43088130927771,-16.50559071100139,-13.875333000052024,-18.160059297387676,-15.723382744786107,-18.818316651502187,-15.42038290918336,-17.11628201977294,-15.599899846348876,4.416320939190736,4.347461597891865,3.922353152934655,6.32685010727072,3.0614481859617846,4.185851895624647,3.423493280606623,3.7849531777104324,5.095355149138398,6.180516760786992,3.1701819389749937,7.337614331267323,5.919006897793064,5.762358530503631,5.404851603580244,0
0.33756078827941255,0.2378488137971,0.3304961356465092,0.3250992315695367,0.3293766501474338,0.3270614364680606,0.34986627120439007,0.319358020782639,0.2733913293297199,0.2712780123020979,0.2706130943305882,0.2795988873885299,0.2542956065787896,0.24827701774983152,0.3229497344802259,1.3939142366209705,1.346850757857078,1.3549682906858123,1.3336212915109544,1.3923745936983865,1.4017701407828091,1.3883433085131809,1.390123969439169,1.6943357223426592,1.7334127349878783,1.801466162174351,1.7317150011823041,1.6746064823901172,1.3861525344912535,1.3378391431082444,-15.14709924176438,-16.72944121165915,-14.635177131890913,-14.669279345214761,-15.654321201677021,-14.978772556324657,-14.783884863603134,0.19408907450815605,-16.019732541335173,-15.069501286321042,-16.73976123210042,-16.21091732858349,-15.504355846241793,-12.548141086436829,-13.758940527898062,5.173271358963378,2.0937341912898857,3.9207684083062153,3.5425053659456487,6.110927717257249,6.0956446698071485,4.7713610004704865,4.221524418919481,18.30068015130203,18.898496286665548,20.027600728017145,19.679197030230945,13.920718028312121,4.082971279134528,4.211190113564533,0
0.321645287534284,0.23707825145187855,0.2297813819649122,0.24734432272600218,0.2288482474351392,0.2692524737990559,0.10004453577828265,0.2356867466611957,0.32687897987484327,0.2335187565667926,0.2298363638136861,0.24218846302148134,0.23696117727478191,0.3105095874898997,0.3100036688158184,1.3788238628855145,1.361558783411004,1.3583011403484,1.3665248333890676,1.7227033148364126,1.868142814647515,1.7421960599987356,1.382018333384299,1.3971221560958649,1.3735735179462873,1.3056733012042194,1.3748510418876025,1.385010037474626,1.392281664007593,1.3518644506659865,-13.639782159402642,-17.11867264875275,-16.187964142678993,-15.604465194800753,-17.906740766943386,-15.206718269417138,-17.25042102465352,-16.444218491051373,-12.861687383655607,-15.180153634399232,-16.099675555802207,-18.656698079502632,-17.84282581106669,-14.086090724004208,-12.934871496331965,3.771998081524351,3.5233390850924717,3.623963715129178,5.1399877608846944,18.871694340464614,22.01547819601813,15.538250728108448,4.803977254361548,6.243160610477207,3.656961434252447,0.8556784532367963,5.87395657407489,5.916491757397805,5.398496975537151,2.399338106816853,0
0.23901894730258844,0.33266300440872126,0.3241538771403413,0.3162728383561239,0.3113529111401362,0.31342238865449257,0.32442663153019685,0.31888589488576413,0.31934405885629635,0.31194775556082766,0.23004692980397662,0.32138025406986237,0.2952101259716293,0.3044502841749247,0.30146892105185596,1.3641667405252638,1.2520237124743232,1.3357124207817905,1.2964625974478488,1.2992024466219954,1.3034114791308156,1.2915337486298026,1.2918409434416342,1.3121554876416983,1.306401326131767,1.3349654275803602,1.2588684214573849,1.2852017307841723,1.3011006420128162,1.4025326926546624,-19.70774714684987,-19.127452906334355,-16.832024536168205,-19.341296168744464,-22.655982669532932,-20.70396422135167,-20.390518677887258,-20.195122577016946,-20.302010240290826,-19.132779007965553,-19.92833338001853,-21.290679494250014,-29.166801848880908,-26.751416557909437,-23.73576783851516,4.920984672335837,-5.039078556444926,2.5601797559970776,2.3029276217617434,1.8902311064428716,1.9932949174640673,0.4545333510412726,1.3604471936906504,1.2120489194938862,1.5051601180126721,2.6718760335702822,1.8983271670251247,5.279400828952349,4.7756764660839615,8.054756220723277,0
0.31664899145200265,0.31569407312691156,0.31205818094919435,0.330162496563397,0.2831780249035917,0.2894221494669781,0.34710915701314327,0.24824988977357654,0.2655125027973064,0.2473562045759689,0.25372535693972353,0.30239008382086396,0.24888232565476504,0.2502692427976171,0.3348683712095596,1.3055596579534592,1.3251813554613838,1.3595053557373238,1.2947082273858845,1.3201067077162307,1.360623724029769,1.3252211755640768,1.66699649387607,1.7284686652912002,1.3920830411074827,1.3467266520048817,1.354917619706752,1.3708286393986622,1.7469974541255333,1.3788418947166365,-22.908330311547303,-20.975133369229155,-21.183893526652014,-22.51935103280357,-21.738490081800535,-14.209875590539696,-12.759527410906458,-15.57564212416068,-14.271816454391512,-16.13534503621443,-16.768655426775467,-14.860277449110555,-17.692795572053342,-19.59247535534729,-16.44080552983681,4.263349995708935,4.5332075078945975,5.1749209232089095,3.794799698916516,3.5001365143715524,3.0179970593652277,3.545559480735475,15.945389519401834,17.304743147435858,4.166366998734114,2.4469984134047595,3.5754380572620903,3.617139972933619,17.50243903401976,5.271577102444128,0
0.31543232464782733,0.3148098964104056,0.31263927978223827,0.29800679812216435,0.27427906180627615,0.29254978512588914,0.30805686116979253,0.29078558205369653,0.3066339064881227,0.3019201760853406,0.26913702494301384,0.2638207730843456,0.16789926048705556,0.25446016134167093,0.34738683443492974,1.28515198226374,1.3692188929537434,1.3590114103542723,1.3266880278323736,1.3323328238209133,1.3400372774198477,1.3393043665072253,1.3093753520253606,1.3407119152284257,1.285049657212281,1.3658187751154156,1.558817180872512,1.6826254291248093,1.6081836786322874,1.4299963714408823,-18.46280196886434,-4.21681938710023,-18.31207384834221,-27.89193591354754,-25.976508552143912,-22.063514677505225,-19.768974189901797,-21.289718273023595,-19.20853320859885,-21.120201650143855,-23.54621085549391,-20.2830862235721,-16.873558453821943,-20.76359157329614,-16.56385184409649,3.491431750116548,5.523801513765511,6.25248519456177,5.899530468143766,5.862336816681367,3.7533896259229964,4.782886128329031,3.3683987483021745,3.4504896991235925,2.02403470743945,10.902527875326024,20.26295204533772,24.247376708685,21.876004192700183,11.973031662891627,0
0.3276689580360711,0.21199533926870484,0.33300662947671644,0.32258535171370156,0.2032887706403479,0.2009584892209795,0.30256676833438184,0.42812032237949116,0.22198730773199815,0.42605651834513053,0.2654784573906509,0.2613822691207165,0.28315567549334186,0.2825112033128032,0.2821510574661271,1.3461385720251928,1.422397139269265,1.358188611978709,1.3539125466853155,1.318867852706475,1.2816690308937342,1.346385949145145,1.7808367133358274,1.5061407603009453,1.824746497370145,1.5768092019951823,1.4554653134864228,1.3908666560392917,1.448319360035733,1.4537070883661949,-16.60736602612903,-20.027537854094817,-17.326053186791427,-17.989564702227426,-20.180323502827264,-22.924142671139947,-19.71609852945585,-27.03228597980805,-25.016376635842732,-27.421221759252603,-32.65518021590461,-25.886818866497435,-23.71506095458986,-23.194614122903943,-22.605905625915767,4.788663748110219,6.13368775925157,3.6944672752075647,4.474865821302931,2.9164278870615545,2.3124731381566987,4.841441286977747,27.639296153769568,12.159450868385516,30.581165412922985,19.67625945923686,10.374036410742322,8.143973382355938,9.081908101492894,9.891991808715865,0
0.23167671280078336,0.2475322891592855,0.23936427328598664,0.2257647620715283,0.22445131724245934,0.2450881778806182,0.22682651125891734,0.26474211851267715,0.2773965470647214,0.2637010491878351,0.27072739780096183,0.23427898430753039,0.27560207466141334,0.2754789276811793,0.2659464280955631,1.8362709063696292,1.7971962457386212,1.834041307267224,1.8216261180864388,1.8090170611635155,1.8081090981784482,1.7404077853812305,2.0054926768071843,1.544846472093181,1.4893787741620816,1.4971824827561295,1.4994988246970105,1.4889696661330445,1.5060985992550247,1.4683544893952656,-15.742869370377065,-15.725612916859063,-15.218792808030969,-16.15877438635266,-17.038532568693796,-17.314432272108576,-26.198990147480117,-15.371082827140867,-10.384125072911814,-8.941423046968595,-9.600621975117832,-7.990621973117129,-11.22763284728822,-11.018190047018521,-6.081372077071251,22.97383219482243,23.54458604461904,23.636593979997542,23.612096840399243,23.338250587145343,22.950176925161546,24.152157543697683,24.697836083238403,8.398796487041706,6.97887030026558,7.178228311280642,6.548526269954277,7.02885095631607,7.0796303655795505,8.306597617078145,0
0.27910884625781024,0.2740589842457517,0.28313911029978955,0.2648091075478758,0.2824405271340714,0.27224558859650605,0.26879120251753985,0.27494015367685354,0.2755876116896224,0.27334526391622954,0.2601966210666153,0.2622129429707163,0.25713399389376945,0.2781198561183236,0.2710008269346258,1.2991226594041145,1.2955256411041853,1.294138414513911,1.286912968561637,1.2977835375925169,1.3189735374800766,1.3040629629845422,1.3172170006508186,1.3074479854986227,1.3200929184435624,1.3034439547623367,1.302129911718828,1.3225377237258231,1.3124435545246451,1.3053829720635928,0.9186971648308031,-1.7396418583610114,-2.188355012683303,-2.2331034338716904,-3.580885650021628,-3.326662635664576,-2.8290867106545647,-4.013217248348667,-4.905996609232801,-4.374854026020529,-4.966677639014534,-6.158335945066881,-8.064075993099209,-4.723458003690581,-5.608020444424454,0.2909203243554367,-0.1605029424082577,-0.2796736174844776,-0.5545956859059462,-0.27558353343166275,-0.019306340946469398,0.0028341537978835932,-0.08713042860332712,-0.16387855091134915,-0.1670065092538595,-0.11414700085146204,-0.0049412904168220214,-0.1614865505025771,0.08480703888906616,-0.22561535905341232,0
0.3314983307663475,0.3305790793667982,0.3419094821915758,0.34225164646515477,0.34682434307405274,0.34785103437331955,0.35168578603830436,0.36508078276094735,0.3553245655908843,0.10187825596574243,0.27920090690070276,0.3037519160595644,0.3014103766305063,0.2768185160130834,0.26063317543095366,1.3205151968839275,1.317053214925107,1.3149435761179729,1.3263035464064794,1.325284919741403,1.3158311804077178,1.2907843797103993,1.3039790725993445,1.2875087357836579,1.3061919703706453,1.3036707419294955,1.297752897988849,1.3075052793937993,1.3082386865624782,1.3015826993204007,1.4279975874645743,1.3933579818168766,1.4044895515640405,2.0660953228408516,1.2003171646373971,1.1869170489181329,2.4477767094571163,1.1452281859453137,2.2358378616362984,-1.663588793419791,-3.049413067691347,-1.443031777271358,-1.9299163174893295,-4.277989398040347,-3.023740505704609,-0.39663319887920095,-0.3106917135795197,-0.5041895431295795,-0.2757736894464326,-0.20023319185656657,-0.06828887443143626,-0.8201959624373077,-0.8416347967603189,-0.7444004088073056,-0.9527798449127989,-0.6648725466784241,-0.36185474842647036,-0.39342106752081324,-0.745871515464168,-0.9324223439573093,0
0.26541411580096685,0.2657039811835151,0.24891544090402024,0.2545737525181596,0.24654630614202708,0.26423871836883933,0.2441661830987271,0.247418992967056,0.2390142136427748,0.2388473593625498,0.24118147355209713,0.27857801396165077,0.25337704363784186,0.27385474400164633,0.26780309543198133,1.2988239306481666,1.3051720817077381,1.3158804372277004,1.3276561411900696,1.3077461065034406,1.3295533575703868,1.3354525703670082,1.3270526668985305,1.300413296561074,1.3000438583396852,1.3167989550931354,1.3131222465141676,1.3014677839415143,1.3060559255665152,1.3126255146148333,11.14252072597506,10.456128902627142,9.609256051201982,9.40477710527361,7.50474061643817,2.3994402547880043,0.790743371047995,-1.2703813888957427,-1.6730435141910789,-1.9254674030528918,-2.4200783324788517,-2.099830174954832,-1.8028777198474586,-1.872042164079005,-3.0853279903411135,0.19419806545510393,0.2777317564371634,0.4673198418716307,0.7002957831051925,0.683289004684997,0.8876235707265576,0.9600058956771061,0.3691071161123262,-0.37491728414982756,-0.17350929796100037,-0.10705968054170657,0.2668320814251029,-0.5047065057154797,-0.18776967138121864,-0.09974461402459613,0
0.2851229748577043,0.2670720717867433,0.05359401388959077,0.2736068659297671,0.26763116222435673,0.26976131799579117,0.28071737902324256,0.27254935844372796,0.27751203654027,0.293510444230042,0.27694367496504446,0.2843051471678468,0.281912386676506,0.28431767453062307,0.2803856542688352,1.3164195860758645,1.3132066663956445,1.3109584982148643,1.318788374745229,1.3137205237366627,1.3104854982562744,1.297690780304446,1.3105374117644428,1.303739678936548,1.285648768475162,1.299063692888648,1.3165962263422994,1.3164789460109914,1.2981856500480777,1.303095170264858,-4.6817921958680415,-4.8109210424516675,-4.509210194289409,-3.588857193413247,-4.65377414293792,-4.749737608034195,-4.694986086509488,-3.6155020730106173,-4.779141062596949,-4.188150427408431,-4.5054361769827835,-5.087649431520958,-5.10269869868651,-4.420052571379983,-3.662606931981287,-0.08303475502368834,-0.30761465388453924,-0.7995360222638183,-0.19564587243876128,-0.38477751905675944,-0.34290980512460634,-0.4215202330417144,-0.3074641523735316,-0.379668370891869,-0.5824311083077087,-0.33570301302313377,-0.20687492995541296,-0.625471359814086,-0.5493198915545114,-0.2815384506745722,0
0.2809743712629732,0.2880188901376973,0.30787762541294267,0.2559902277498846,0.27935778963691293,0.2747868296046757,0.28296889442436657,0.28070175752932836,0.2876322710269382,0.29074531297492096,0.2965475466816875,0.2905069494328773,0.28336109968649303,0.2807105988909791,0.25451969970206256,1.3159849101321155,1.3165933542416686,1.3144068437488698,1.2994260166875458,1.2988286568521625,1.305966221535021,1.3093450546745908,1.30023171065738,1.3044456168937018,1.31576742192072,1.3050253988459015,1.3047305355568861,1.315181612781752,1.3092549457750136,1.2970867771271866,-4.277018054659095,-5.109355630981867,-4.163342672367918,-5.5240140820997965,-5.293583720194533,-5.3024811313167675,-4.878176503440557,-4.169585075279201,-4.28442323868174,-3.942976570530675,-3.2313940883950067,-4.6258759300994825,-4.805703664264456,-4.110933164752112,-2.2793683922468517,-0.30272979111214765,-0.3023828032842983,-0.21466865602600824,-0.3228668152575115,-0.4893966133757468,-0.30393028928946936,-0.3109599856170339,-0.41730578581666866,-0.28501702369400406,-0.28176724859482366,-0.1943559368625035,-0.40846760770268015,-0.2110960169645973,-0.49902793048518684,-0.30582562559331966,0
0.2748520209932378,0.26145376240335894,0.2736680119188125,0.26859608496882165,0.2591375553582567,0.2793179099924975,0.2801848968259465,0.2861312433251102,0.2678011769237055,0.2616393798091606,0.27747500806885383,0.28380944042463907,0.32325271210374784,0.31236910006567487,0.31670011131250253,1.3017578298989385,1.2965116749842422,1.3178360367218545,1.3120527772333666,1.3271993754640594,1.3354670913275204,1.352753135899217,1.3767828587929491,1.3370741772988968,1.3234840924485014,1.3154268950449257,1.345113626473384,1.322648077714921,1.3607517677284042,1.3408061012174932,-3.766412597599924,-2.9480723520492518,-2.362778903412419,-2.49702381450021,5.499054107640575,17.366488954923398,7.557294492939008,6.291091373212822,2.4834985153019034,1.6433009052628904,3.0915863937502763,21.640017816444328,27.566891083944057,23.368816056755747,20.736918436547626,-0.5040359308582725,-0.3437509441821505,0.31705518614727074,0.13448080039287694,0.20483768735143118,0.2669128018070306,0.9277216301519454,1.03073968247687,0.6586316966508072,0.7585152702168803,0.6390014561320291,0.9049172291553622,0.28611458066422746,1.199172354358396,0.5230076862854698,0
0.28228291178551634,0.2728744514678567,0.26115948006739603,0.27032603354657636,0.2874163407126415,0.2788033066543202,0.25139231993392724,0.27465014261262466,0.26048321438402977,0.25442768640873004,0.2564676143344861,0.2546469719262502,0.16712602440254887,0.2660035291148136,0.2536041802669983,1.3240810518303234,1.3510356520943605,1.3303199696635575,1.3160552743779732,1.3091052057510129,1.3233109175760756,1.2818409606081178,1.3240599593324902,1.3084762280552271,1.3150548406804299,1.3034038361116203,1.3118830518569933,1.313109451761227,1.3329395833408881,1.3110668819891846,-5.549854475467555,-7.879629847090399,-6.627506853740613,14.646431420794983,12.11748910125948,10.316487190230731,3.7865005745207156,1.3622657159154983,-1.3840375374360292,-1.9414752480424227,-1.62261889440029,-2.5258601163441483,-3.6729059607485794,-2.051942175355805,-2.4596641158387342,-0.10297144359844446,-0.3346647662902701,0.0448625790141981,0.27376726602009055,0.0355653980281108,0.3606359225743523,-0.471433987956831,0.23224046532031145,-0.3496169550465708,-0.28519133471661723,-0.7565753421430395,0.2514223523911768,-0.11953075919483222,-0.3567121058976591,-0.26397300981896754,0
0.3501609850286475,0.3697008316165104,0.32226648651905854,0.2865156495239052,0.2816502413149438,0.087973929305454,0.28206021481214416,0.2842754932305237,0.28390469882995517,0.23402973235154834,0.25201209724472684,0.24108014963054553,0.2520291055159767,0.26854475812966017,0.2684609575187067,1.3693138230900683,1.3081043246296002,1.2650915970646712,1.3185690547116595,1.300011369287476,1.3199359176296357,1.2920520117275296,1.306113158388413,1.2880481016534928,1.292010645181092,1.302600157844411,1.3132283285104114,1.3053589747216454,1.3251835144456054,1.3141165330936628,32.98435900363637,23.94018747525149,14.609755026452262,5.781599200978832,1.72164875959308,-6.844572838550647,-1.9672077577878895,-2.260201643856675,-3.741587671987162,-2.0962979089290457,-3.5599524039422192,-2.9912796791644496,-3.1567343576782037,-2.442712511298822,-2.9632977908554494,-2.761326271640174,-2.5569764209308787,-2.2187768093870313,-0.34876630886334875,-0.7222706720113687,-0.4823350594582232,-0.6515805361188376,-0.5544919921855709,-1.570733477638936,-0.7515585306191308,-0.7693712231942387,-0.5986235117339607,-0.5209662013379153,-0.23942525076974772,-0.5776556207566594,0
0.28188308853765953,0.26891835265702235,0.28469299740098364,0.30277124023879864,0.2823022672621065,0.26033480819580446,0.049629873377789305,0.2692680822040451,0.263038263899396,0.06514135590520265,0.2824254647988962,0.28156995648147887,0.28520893444152007,0.283486252641625,0.2649489273870721,1.3028830984412512,1.2942211678192426,1.2803810555033726,1.293060122527189,1.309270163066479,1.3001911722823645,1.3099711800468736,1.2865358988188031,1.2843752758936278,1.3032580069735131,1.302763973521971,1.2889551452547559,1.2936263022388794,1.314749795206122,1.3091124849835114,1.8631902163078848,-2.344798617548122,-0.4211606539451225,-0.45075834178558694,-1.8491072104564523,-2.4909298112081046,-2.2341485656243663,-1.5998218833145188,-4.001501774383087,-4.251856934735656,-2.3627393877657994,-3.094294405784808,-2.6140118797626712,-3.8744317788182627,-7.177350034092115,-1.356438574505041,-1.2778583913724697,-1.1368965803805569,-1.154103586877871,-1.497303149115181,-0.8565032172290427,-1.1222596165547845,-1.0619508489222012,-1.40238169990603,-1.5137036444603071,-0.7566005855786604,-0.8802196581374657,-0.734244610620308,-0.843765734839095,-0.9782945945087241,0
0.2543020188404904,0.24729282944886227,0.24768750887629637,0.2669787295756407,0.26667332994440573,0.2701480553097325,0.2735741805259162,0.2656277294626003,0.2645552928193333,0.2447420650000458,0.28775982793764576,0.2624227480178798,0.2659683863537961,0.2826241998838679,0.27604634194904953,1.3237896496440644,1.3278018513246905,1.3151420687652098,1.2897701656711311,1.3080849805715873,1.2963275372021545,1.3075488430518896,1.2999388305555188,1.3144025858425885,1.3455811696203994,1.2948298320830651,1.3154379889750518,1.3208787731729597,1.3960048372321319,1.3706480114183837,-6.919544564932693,-9.292517210026602,-7.272690993519973,-5.238987066916508,5.012436249743217,0.8180712885162507,-1.661470124719699,-6.534031906842102,-7.682431118406782,-8.619808598710222,-6.921322258579494,-7.780365270921749,-8.247988528180372,19.827764162530173,18.530931612984602,-0.7397390382907114,0.1866173673272476,-1.151511262096096,-1.3273556149587813,-0.2653041524146138,-0.8585709173633292,-0.680258751106043,-0.2518629074112358,-0.5768209916749379,0.17906967664836962,-1.0204249178758655,-0.6105112718813662,-0.5670733145001075,1.1793618708436355,0.44365353260913704,0
0.2770321768972891,0.28385136846035675,0.2626112815492472,0.268305220587288,0.2736708119460484,0.2794944865091983,0.2659581868630962,0.280068908347246,0.27416934734211484,0.2557282889807955,0.26062391421690667,0.27305795448266545,0.2649673402028154,0.2670622979524271,0.2669256586832537,1.3905894741327247,1.3365828860259297,1.328706888723388,1.3225258835736302,1.3183701850922656,1.3128093590896035,1.329851255207044,1.349894291963311,1.3655192584664873,1.3463265984132657,1.3404442503291547,1.330352797332385,1.35282719148731,1.3408905476625113,1.2753597218650166,4.456492927026062,-0.9381596747726633,1.1124843348864033,0.1760028411866017,-1.1656802138971614,-1.870529320165332,-1.858240178373137,-1.1674337151200689,-1.538636634258296,-3.4283443128159945,-3.7624441578083463,-2.673483112942023,-3.787989008615625,-4.408949749461414,2.234338361762326,0.5921235831484158,0.28059494165996696,0.571362193310141,-0.1763895073043655,0.1693770181832645,-0.014212313361937286,0.5438836245405096,1.1088175906978022,0.6644043741985889,0.7636202436521559,0.8367221464393153,0.8253026727534319,0.3815925010258843,0.44929437133297656,-1.8163355624811417,0
0.27854725835824423,0.27399167743389835,0.26800916410516185,0.2834944270018238,0.057426338014288376,0.2685870586615723,0.284105770704417,0.05172677819365048,0.2708990123512128,0.2678596639129722,0.2597332006332491,0.25879600593491636,0.28243229991380864,0.26311883255451374,0.26675057667383356,1.2872876983150685,1.293646270506022,1.286832600072206,1.2895858051830635,1.3309110320493276,1.2846873934207403,1.2941717673767552,1.301150152929025,1.2771462814053274,1.279385004790321,1.2858590348911902,1.281998704093126,1.2865818914078648,1.2962311685850907,1.2963790033603284,-3.988087741325785,-5.510100000021225,-4.72631407438044,22.44528621503406,22.891012786949318,19.07957472912892,17.52439375013796,12.502153925956833,13.381214411798595,13.083372013858252,10.006759591003572,7.979822412338962,7.965216246148714,7.183814868538747,7.536163531588073,-1.1839659060120131,-1.0255245660872887,-1.0683129285385187,-1.0355706374591451,0.03554635550958145,-1.531923842094743,-1.3244567623457715,-0.8979545508386334,-1.4240376252755007,-1.4407066080726758,-1.2103747083273757,-1.0446582000791076,-0.9761910949674342,-0.9408051131107965,-0.8995202404889294,0
0.25683124523339096,0.27225417341407826,0.27659732596753595,0.26810889997931875,0.2600704747691278,0.280377248556855,0.27141886197685827,0.2776183612146249,0.2724867085880666,0.26722076700054026,0.2744814013352805,0.25384950237960546,0.28815490300623126,0.26969790512905745,0.28039670767803837,1.300884969639807,1.310700831471458,1.3088723167351937,1.2966521671957618,1.2912702282320399,1.305280104047712,1.3022891454021757,1.3107495582835358,1.3140216141392795,1.315719273727357,1.315947084147329,1.3156398103768292,1.3164173779105635,1.2990632855391773,1.3082017734029912,-1.3385921119299837,-4.861775946037312,-5.179060659948362,-6.572500776335602,-5.463552707700046,-5.836816687911863,-5.2699050315806915,-3.3806312565977805,-4.198190898262823,-5.077362667948421,-3.982138019813789,-4.913228663168411,-3.6866038477902805,-5.818832795372202,-4.693085830418937,0.7649657097791255,1.4556661053698692,1.4207904158258153,1.466151992968332,1.2226759295295269,1.4665134868106608,1.0571261672491732,0.8889270416968307,1.392812499086861,1.3385735763790572,1.3416006868029084,1.179146866228794,1.3541766431900437,1.4415634807495266,1.2895536126736504,0
0.23515169648707998,0.292387790908347,0.27991648976260697,0.0697247581896197,0.27045146997364405,0.2923136849614819,0.28663053644493963,0.25475894122588866,0.2671779436757037,0.2781946962583626,0.26057896479954745,0.2658449171319719,0.2672524236133691,0.23623095409379047,0.26615987035359134,1.3317271976193454,1.329389518151428,1.3350120714713611,1.3133536385412745,1.319146930821925,1.407432728994233,1.3798952307935177,1.3331203846609418,1.3186875189419525,1.333242815391581,1.3214495878269243,1.3154540673086497,1.3230035900808768,1.3231743731115753,1.329482766171079,11.803044153101382,10.953845016761221,9.046248141922376,8.462842293749787,-2.366450538498526,21.002832471693722,20.122237984898135,15.427203968047877,13.717915166126858,13.696199065167463,10.231183416473613,11.962502982632287,10.558252776827032,7.033052464725898,8.128731312825266,2.0126630768980083,2.020608609482309,2.2881836635965422,1.2293261152197033,1.4983020196841517,1.5613169247528378,0.8246130047714767,0.06031002070194244,-0.1031144194709697,0.07908194369771927,-0.11868563224447647,-0.2608308047158769,0.09264536112667195,0.14596002027564164,0.24661319308528312,0
0.2708504447791504,0.26595623151539904,0.26317555725146263,0.2632863916683702,0.2653564356816656,0.278298473446287,0.12146546601854882,0.27530435643682155,0.272752451836748,0.2698791913614569,0.27589823344897857,0.301082297488274,0.30595435613821176,0.2983349916985264,0.2872390442595144,1.3345566167459424,1.33112768712701,1.3402926234016188,1.3386334277114498,1.339282803203736,1.3362118370575222,1.347331433276978,1.3429672208622876,1.3345836844364853,1.33875737470837,1.3312400343642037,1.3126767326397892,1.325437221455126,1.319255410606635,1.3351176584378952,5.622889510121041,5.563679051354882,5.321141567167217,5.4065839754804585,5.6342892771003505,5.4909076641245065,4.953922683074978,4.939352597265554,3.875863951457262,4.753241409769402,4.923304965844636,24.095837124426623,22.355861820094447,18.952165302838807,7.662105652675706,0.28659929512640964,0.49549102271877643,0.5840932355203067,0.2589654218973233,0.5013440465322664,0.5656743208915467,0.24690302418983748,0.5074826498888029,0.569887309904734,0.46708428140012737,0.43431123157724194,-0.4761024209291927,0.5483881840888054,-0.0683774435841127,0.7734792629561605,0
0.261271744067055,0.2738124159214521,0.2718881868129546,0.16513700315856417,0.25324060804973214,0.24300326371750863,0.09094757119424535,0.24869284284409582,0.23950215415691578,0.22814351547424236,0.23412860711936986,0.2414541233188156,0.27404234063147426,0.26116113181814704,0.26900693323979774,1.3133442805679356,1.338740738099576,1.3356672284677986,1.333983275365745,1.3414282454927489,1.3452878928968341,1.3248390567618982,1.3392109580031033,1.345216079143323,1.3519245396627195,1.3457166229650028,1.3384337935595723,1.3244941575603368,1.3343568855069383,1.3271557579297257,16.790873814281326,12.037146943085219,6.654711875770431,5.224379540253665,4.101369763578077,3.929571414824153,2.376096557492133,3.1473985543179026,2.995572211412423,3.3762478231189164,2.8105877217931834,1.609993294496121,2.2275062998817816,0.8488396961850242,-1.561538522561932,-0.3698541120708045,0.49423590747148993,0.5832582628918099,0.5369901684177554,0.8358780623871349,0.5501384516800154,-0.1178435265610591,0.7349329330136766,0.5437209219752296,0.5021718669013178,0.603687675585012,0.49438572633594413,0.46982970220841425,0.5394603451998696,-0.10166536320895352,0
0.2843017951151521,0.2622812442322484,0.27438422770127574,0.29677498346096487,0.25351204381449743,0.29522384556189046,0.2809654922388009,0.28726770072367513,0.2540210455210876,0.2920600465447156,0.2674983545804013,0.2837902010924198,0.30920780787168756,0.09846286866038324,0.30220032977464256,1.3318729172932364,1.3403872819181184,1.336956857914448,1.3552322478082846,1.322836694980768,1.3281803794862035,1.3144272513836213,1.311749392136594,1.3035725724604799,1.3379846910204973,1.3081191169122297,1.3129198267387179,1.2681044612803605,1.310641070601496,1.2854540969861155,19.067001338235173,17.589497182466005,16.14074357407614,16.22591586891778,12.6368834029617,9.875424261056423,6.52267248175454,-5.050780979080201,-5.933807458905051,18.260516363837638,14.350876699235158,10.331189134436329,27.875764752014447,25.158880393620535,19.728397582733635,0.20818616070194823,0.018284210516041146,0.16207754008414912,0.5358042924340078,0.09191684000878939,0.5166485652181428,0.6187024092961022,-0.30390651298849036,-0.00959219886744462,0.15817688857594162,0.42689711277541653,0.3181279970042272,-0.14047459594061806,0.12110235975165212,-0.16743794932423817,0
0.25150904415474207,0.25861090502522965,0.2507791490394869,0.2554843102429259,0.23005421654391078,0.23949871682231022,0.24407123653318857,0.24074473531987617,0.27035364028752207,0.2693509171075097,0.23793870561940886,0.26662036876438044,0.2675557497139915,0.2582472257650823,0.26327071055930945,1.2988829485200333,1.313735293836085,1.3054800943312732,1.3379559885624202,1.406712316680987,1.29362859086234,1.3562373409417594,1.3230334174227183,1.3391407109760673,1.3025210675894419,1.304159170996916,1.3136530012267718,1.3168299703298731,1.2964089336005757,1.3042895191372812,-3.5105892702340213,-5.978092164950652,-5.896620134425206,-6.471008309709191,-7.368128613860193,-5.356338789122503,-8.577130960202823,-6.398254736889015,-1.5454335980755616,-4.609337229769892,-5.959590317396362,-6.313877455348262,-6.859016166881389,-7.846827561300216,-5.373306144584205,-1.762656085421735,-0.27632565619298016,0.03980390778207054,-1.5418867598857804,-0.27064657284208204,-4.059677003885113,-2.2996920835792736,-1.2960225792016913,-0.30129853069178575,-0.4591253991182527,-1.0215418996738055,-1.1219529013458742,-1.147292897370005,-1.1800790330460265,-0.9028603813068443,0
0.26620812866596677,0.2630491594024684,0.2753155061575485,0.3089160063557782,0.321578835084643,0.2940001786072711,0.27613888844279866,0.2668362869979926,0.26407730560506715,0.2608745970020623,0.2559218385307236,0.25370204646766154,0.2373091025554599,0.2601730284543461,0.25972093616826,1.3018411702610735,1.3146078583106153,1.3227532999107945,1.3297329416889454,1.3205789270747803,1.3640722848620543,1.3307511777049816,1.333500051058546,1.3181405670178783,1.3286532385549914,1.3349294647243442,1.3257541869675171,1.3344513221747458,1.3459659020816332,1.3338220040125095,9.95412871758262,8.623610133545782,8.920841476316838,25.100714926861883,26.31031080948975,23.651102354446323,21.209563622216137,18.836279437714325,17.766673650307638,16.03665424763156,12.849110168709728,12.445950710480332,11.74633076199018,11.88448363723586,-8.480435057362342,-0.25684724592812047,0.019446067811232703,0.3208550128845398,0.5162428374500174,0.7212282133729856,1.3867182804424432,0.45275391825583433,0.10995976538010067,-0.0857037186606072,0.11425119780451784,0.6721624885526996,0.5884905878111645,0.40388380995673895,0.8415967753051555,-0.20842947835482606,0
0.30152743890292283,0.25770251556304735,0.26740826697852316,0.2561948124233593,0.2686731523766205,0.20962355428412366,0.2765929885303374,0.28206544432052405,0.26778863996705315,0.264467131703701,0.26755521814829075,0.27463402258332903,0.27012003191976497,0.2589728659164983,0.25787622736141985,1.3296436903206534,1.3233904612202751,1.3335236033385676,1.3174658810910789,1.3092910364571266,1.3290837133717028,1.327253874295045,1.3274462256660717,1.3183335295810088,1.3191249946176637,1.322084424314662,1.3235249658636676,1.3367603718877314,1.3147251411055598,1.308356707482231,19.111269082535387,17.320745838559475,15.0745925764665,11.910287804007709,9.588118709656811,7.853079113101529,8.446609666588728,7.9363302049998765,6.810202438082513,6.190560951266235,6.1421847404640175,6.092382735514349,6.401952738199043,5.145050067894118,4.676933544884406,-0.053689694229661446,-0.14675194195605448,0.1466512625730573,0.46619239582855515,0.15719653599211877,0.2047254001483557,0.46187173552644417,0.47357484198560473,0.1115734135605843,0.03715020383562596,0.45518272595497217,0.06426840252659004,0.3513783622628758,0.28046577365300535,0.11053990531355863,0
0.2665201050314653,0.10371018062919328,0.2793175468230594,0.26669663147632233,0.3068815236001202,0.28801141673221187,0.2884580627237392,0.05992085326722801,0.2587655387292349,0.2677959349964586,0.2699333682114735,0.27254042098049336,0.29984147612654055,0.286382940427522,0.2712964085220318,1.3353725749609642,1.328083807978629,1.2981692012156871,1.3192001739025165,1.3790272985360543,1.3426724393649354,1.3347839405869397,1.3385758194173625,1.3351240719930946,1.3280415225934337,1.323468869326567,1.3311991103832657,1.3284114144665027,1.3290587129809774,1.3062286529200495,3.345375081659455,3.817591758722216,4.639901231533429,4.05233687934836,21.45964835156883,18.83186285616503,16.292840194122164,12.246632042802105,10.218440496559538,9.223056859645084,8.201525897906436,7.366809858444611,4.888367308416321,6.016675497786167,16.37775087130757,0.5881340555338548,0.2758833367180464,-0.022830313900635224,0.08679829796806242,1.0315451238224467,0.4308409087777277,0.5064571945063557,0.3328173967499536,0.3090164281198218,0.5397954852560731,0.2590116974234582,0.682643180530298,0.8580055453071528,0.6170510408501858,-0.10546122368965768,0
0.27973129243732087,0.2674516379559819,0.2697273327901073,0.26286962577679895,0.2573736835188219,0.2610900102681508,0.26888726083588105,0.2752524510145319,0.273480046787845,0.05568701975709855,0.2727166651078585,0.17947008096447065,0.2703488615550661,0.2737710403786834,0.2663227151777279,1.33042517749499,1.3475617847248564,1.3163468830545293,1.292068791575573,1.28760739118188,1.3075472149518845,1.2904205631067938,1.2962035263526317,1.2883347218705001,1.2976661081990797,1.2992492359803112,1.3212227347432328,1.30811479885966,1.3070649806072818,1.3161071079372069,20.18309472475704,17.372997344577612,15.82188694760842,14.655753819932698,14.672717995922682,13.99913826929162,12.863703088694365,12.240280749073975,10.47752405373339,9.883474000979334,8.172677733344756,5.872595578333687,6.989768570112886,6.26700022411481,8.017634358160507,0.22355876602987976,0.14089719752803695,-0.263751703095974,-0.5687041394838143,-0.8370170418444326,-0.650834772827996,-0.3097625880055284,-0.7327651110597783,-0.8367730805012928,-0.5529616962304365,-0.4327376130871737,-0.20401120905047662,-0.17677405927536763,-0.2295002082171384,-0.19760079260194938,0
0.2721905448380807,0.27026563764075673,0.26922183713137127,0.28047472961702635,0.27356077368750514,0.06503261522302495,0.2621688091200107,0.25677687157964046,0.26563323558303564,0.2692462355802635,0.25888847790350633,0.27156757259959563,0.2808979555814717,0.27684802375919615,0.06102309964256761,1.3100385139057296,1.3135822533685872,1.3185396465099115,1.3198463315389084,1.310436759701131,1.3119540582350102,1.33386608821732,1.3171216136503925,1.3232802295144273,1.3349879012751922,1.315204449114357,1.3265762755108579,1.3186078567071131,1.3157333232728088,1.3424716338995049,7.047018772086176,6.863340153419983,6.800964022746655,6.221334333641806,7.050380582332878,6.889300029254997,5.592664641633519,6.230288316788545,6.600044324803434,6.635828437681056,6.076923058456515,6.733840856229904,6.791008308999579,6.792808923051325,5.695379843287043,-0.13688057789884053,-0.1675621112438143,0.05715250763588959,0.04045771024939842,-0.22919039417289983,-0.28830478957244027,0.18793245528149885,0.004138004030875455,-0.016528478763094885,0.6008253406169365,0.25742518455958857,0.14028089444368175,-0.24223645837504718,-0.0708736326413379,-0.6532964384298612,0
0.24313541288756524,0.2560132726034046,0.2469375387087201,0.26390744426581325,0.25911432780627774,0.24631105969194456,0.23724093534872698,0.23481143111082142,0.23131428949064925,0.08844096726521233,0.24493614768179856,0.23139722907225593,0.22896599037232662,0.23330960661598085,0.23224618482333365,1.3283667441104732,1.3380766850037105,1.3425180944423,1.3318760002856034,1.336650185252921,1.3444825416825414,1.332789192056921,1.3484219801008228,1.3533977377712905,1.345651847947581,1.3298298902372667,1.3181059081994686,1.336614209589805,1.3296933956750359,1.326285311449348,2.5347191391307433,4.931979856188718,4.541330091118624,5.053752751256809,3.679292698568503,2.721633513142308,2.2482114316274533,1.8659180469020669,2.3641130716445673,2.6630714269340956,0.22953534899701822,-0.06372055857053738,-0.35768501735933,-2.4037136586555334,-1.8918636149099086,0.23458365749502022,0.009359699747210692,0.2854582689005648,-0.03405764254168734,-0.05375060680817329,-0.06122282200569878,0.052776352360314825,0.1022461944069629,0.09657593691734104,-0.40774198135114187,-0.05134608662255184,0.15499848599161328,-0.039684797441555196,0.17097251905479702,0.11520868489737605,0
0.2418030522331137,0.2648733883805583,0.2862428040380621,0.262483286254965,0.2692337130483716,0.2816807286144791,0.27507956704351244,0.27292781346437617,0.26206184826983225,0.2648016679512755,0.20290931310228286,0.25078927966630377,0.25780812070458814,0.25134075321765936,0.25125193555819264,1.3195861137787241,1.3234968707177202,1.303191573670745,1.2821439546981515,1.3165595076487404,1.3342746335378335,1.3163532688601345,1.3191378846603392,1.3040534752841422,1.3086457092750658,1.3152084572647964,1.3254227883979606,1.3068487607342587,1.3255214407797609,1.3104444972809566,0.7492010633745281,0.7940393954341687,-3.7056351899131243,-4.386811318047705,-7.908504503368988,18.340352607529013,17.660606810703968,13.614958529220871,10.546077309941154,7.056157328337235,3.7273023925063455,3.795927036848468,2.3211355152665476,2.3177172842765117,1.3637570977907103,0.38638621643733795,0.025610752848876504,-0.37574152919271314,-0.9807771869797963,-0.9354779344590005,-0.09847141358468088,-0.30365297739153807,-0.13611303952242215,-0.5538535041721724,-0.26989102691197664,-0.002150693775258123,-0.16579437922806545,-0.4823769219419118,-0.24540709647629436,-0.5624047044735666,0
0.23747788771343353,0.26208739057394126,0.273210509860795,0.2457424399247462,0.26155528591757937,0.23655624935752856,0.24220886667718702,0.2507060747217045,0.26024112419732526,0.2555396389248796,0.2637009454424658,0.2686486795429113,0.2636119864081664,0.26161509985536935,0.26363986811709916,1.307642776415853,1.3066762498619167,1.3144836263407296,1.3070966358297755,1.3094584657442145,1.292578964487118,1.2964222751879888,1.3039014834424838,1.3136432878761815,1.3069055761081119,1.2929698277146784,1.289902259342863,1.2802493142437044,1.2928143085396497,1.288949241040216,-0.590545230238007,1.5263225327263683,2.486632581051424,-0.24102263727147033,0.20148382233074358,-1.0076434654738193,-1.2531884435487939,-1.3363280761346914,-2.3714427984853614,-2.232103977395383,-2.7908014958769627,-2.250288765963404,-2.874332281130563,-2.980431333652689,-4.028050996239159,-0.45560843050578353,-0.6310771512104828,-0.6554586802065133,-0.7913859733472925,-0.8643435195438537,-0.8594715146005207,-0.6301187514298252,-0.777278483562426,-0.7833494012192438,-0.9695868855520322,-1.1202172233631837,-0.9218576190518382,-0.9582860896055946,-0.9993798259111173,-1.107617225956105,0
0.2444623862769516,0.273044069297407,0.2742984576667077,0.27476095479623097,0.2586553756831442,0.25626328990212843,0.2528876794696146,0.2562988360240793,0.2574192983582701,0.2485550338063271,0.23734302946559052,0.24102650552995308,0.23398001045479044,0.24041616080745448,0.2382968528299618,1.282489732709093,1.2847986248318815,1.3098793008442258,1.3030064021244345,1.29504278911424,1.3016911610568724,1.2933880809805989,1.2901760860724483,1.2755378067097367,1.2835791004189718,1.291501880788305,1.3151059175656934,1.30515068498549,1.2947088567052618,1.298575603103216,-5.272786274024412,-3.653972714494273,18.424460416139198,15.173385609439805,11.817619821066785,7.132950070818737,4.505306657647822,3.236958452658996,0.794566808511945,1.9164132438015145,0.08880636321288193,0.5575107806143933,-0.5039100912283061,0.060264982425394464,-0.3562624147116935,-1.304799370800648,-1.5716563453143213,-0.3743855399007201,-0.19925875618230215,-0.6511815891201949,-0.46049534705265566,-0.9296403022831015,-0.5940535247401132,-0.7698693221611098,-0.8068251220751126,-0.5544478386104899,-0.5856175279877648,-1.0371839425846892,-0.9639192524586457,-0.9460506277054995,0
0.25080713201914345,0.23189958470428948,0.25821355099859444,0.26087440492998026,0.24641738051147938,0.2570915868419411,0.2517999475204049,0.23314178576863676,0.22135414720327432,0.2648873307379762,0.23423414281417076,0.24830594255527902,0.26019692019543905,0.2363119890716412,0.22622399552336475,1.2741139130550407,1.2894620765654212,1.281035036967305,1.2863728190418553,1.2827520233902427,1.2851085785249883,1.2799689021219234,1.2793374822711414,1.2823268892063096,1.2996867803092569,1.2974408687869916,1.2914658501602736,1.2883359971211577,1.2987569179157386,1.2807760818719325,-3.447428336874509,-3.314757288068023,-1.8808172745566765,-2.8572867095431036,-2.1546228431151633,-2.758802193042783,-3.677850329733303,-3.5096961497265227,-3.5537603723768996,-2.0328879919153167,-2.390245338843158,-3.8845767063564836,-3.8260973374174796,-4.37913751484038,-7.60436047224556,-0.9944763666299846,-0.6764757017056439,-1.0035914927015248,-0.9734140052076781,-1.0880642038018882,-0.7960231389489552,-1.023891608909651,-0.8329793831096468,-0.9108260407409574,-0.8990102546409959,-0.9013408191114449,-0.9194089566940413,-0.9853675274083639,-0.9633418830248807,-1.1661948644626565,0
0.3066152312782134,0.2799168330302349,0.273204597721071,0.2518501195374059,0.2715237577334435,0.18803112184668458,0.29881433750636294,0.2859434054783483,0.26767743771554703,0.2700122324699866,0.2773541684200676,0.2754865878717601,0.27290367275820127,0.241392490249167,0.2815809645885672,1.3091569036816149,1.3061026090575567,1.3019151095036938,1.3098727653315663,1.3004996805290125,1.3198705793423309,1.3176662676343904,1.3041843981130172,1.3019889298879561,1.276943906691172,1.2988792602671109,1.300315296499031,1.292942646052139,1.3020917322649705,1.278078786383919,-5.615338360471071,-7.618241111546723,-7.303746498830776,-8.450045313158768,0.49720163136777273,13.047150499193748,10.203052131121325,8.557300749221753,7.138967056479686,6.602088460950739,5.501838857665348,4.062992108045847,2.208533076140583,0.2469044704536998,-0.14865742375769742,-0.7165165843530673,-1.214284414486251,-1.1884479507387338,-1.5209748299138655,-0.6897923673108266,0.23308560472671908,0.13052291032330526,-0.06316901238852775,0.030945740583067746,-0.4064735703604129,-0.23194569008189403,-0.7611554550599996,-0.7220818227085148,-0.15747209223116976,-0.5955484832868791,0
0.28456571061546687,0.28832188985702234,0.2738261717386583,0.283879779034267,0.26959896490301094,0.26791220894040346,0.2732308134601772,0.2762304649847312,0.2631148390355419,0.2736845606502316,0.2716936846014078,0.2874919807926901,0.29456757600045236,0.29738179921122565,0.3018975909069176,1.29253933261317,1.29182887309131,1.2977543849426985,1.3017514115377942,1.3155782598881713,1.3024929402470582,1.2848224788778777,1.3066619643893536,1.3141388137710392,1.3107139241573271,1.3198462163042883,1.313820356931861,1.3042440069450092,1.315305996002433,1.3089224087861502,0.5530645230247728,-0.2440425052874673,-1.0840465618610722,-0.774947450411247,-1.3448717130353032,-0.9798403000516771,-0.2997284494776409,-0.5577314260837625,-0.9136159840543883,-0.642900322541152,-0.6016796805274396,-0.4157323419689192,-0.4426162191127503,0.5190443902584718,1.7499323901521961,-0.47893721705403247,-0.4586223065894318,-0.7704015063543526,-0.510261908440489,-0.3623654403334349,-0.23990781638799621,-0.39028688875534373,-0.280360293624905,-0.1347487566710373,-0.4203027561093656,-0.07515408781509453,-0.18062007979183572,-0.3962734618151075,-0.20818715174231656,-0.8202702150219542,0
0.3057491504424107,0.3438510180819625,0.32328467751296097,0.30848594346887787,0.3085964975287857,0.3157395800235748,0.3338750641621633,0.3105286418537484,0.32710001579669223,0.31870475639336837,0.3259890031706999,0.31698885303095997,0.3026349793276716,0.25828134916462053,0.302286059471716,1.4133412140860564,1.3873915741760998,1.4744695579592355,1.4794100545656506,1.4902362211373337,1.4902362211373337,1.5411236262295902,1.573951468607494,1.6434697375532126,1.5882686092226708,1.6044610236765133,1.5978064723035976,1.5390620506186055,1.5535610455067688,1.5203938058790005,-0.8851413313684589,6.9278604770291,-2.300053780971126,-4.400715687425134,-7.819565319550918,-5.757135470394246,-3.556230075181844,-3.337517558211914,-3.1008011446293153,-2.5671785069191344,-5.496452074595453,-3.7322696575393763,-6.435345916470993,-4.995153729084592,-2.627453821739948,-2.991763722383307,-0.7367565845834314,-0.4034344505083844,-1.643327997062727,-0.7836042118099048,-0.015474001188845279,1.5886553627033755,4.1381754323779365,4.77359099285964,5.842286422912778,4.640916138645689,8.791027217710381,5.048689998330537,3.2754477719226696,4.6717326785390565,0
0.3412565140626148,0.3262690707263409,0.3125453452654333,0.33774518634527995,0.3367817668107995,0.31414783030016985,0.30580089130248983,0.32609694805755585,0.3229031659021215,0.3005212872450198,0.28851627696805743,0.3179111933092911,0.27163964942261665,0.2988149474363254,0.2877766290381918,1.6628266278876302,1.6463186185154846,1.6443488013337266,1.5985153928374103,1.6085427590569241,1.6757870788612883,1.6150515464670707,1.5916351477100938,1.557651672020559,1.5614034867304474,1.5665105028924258,1.5809048101174066,1.5586933569128711,1.5120108654338857,1.5614183739866094,-3.613591538591095,-4.233875606196477,-4.951092940771076,-4.7930703334655504,-3.845377951663096,-3.811985382070702,-2.509995677849247,-4.355896074275762,-4.391509317809749,-5.892490530919957,-2.3094595510339104,-3.5205861492923987,-4.202519993385295,-3.640738422930525,-3.3017864496275138,9.416636635398993,9.709455125849605,8.237035920210706,7.809862963106765,8.426769271250063,8.116183509161795,8.03571744463971,7.161448143820863,5.2642166620044035,5.658724592767207,5.138762893110886,6.231273503410738,5.753601228286412,5.711261663082397,7.169786282466048,0
0.2988149474363254,0.32720002689147193,0.30268217589604945,0.31347984510192184,0.3205155287574034,0.26724933472093537,0.32015887225320583,0.2940214524081127,0.2715222530705393,0.31658775959167507,0.3204216149724687,0.27747102261944506,0.3038248979856124,0.29422608352986424,0.26197597919701227,1.5557326462424326,1.5730255219974587,1.5798414438547206,1.5798414438547206,1.5822231184770512,1.5822231184770512,1.6308492803352717,1.5872037290431373,1.629891368548144,1.629891368548144,1.5601482475690296,1.613124014442641,1.5115357576055193,1.562981711442768,1.6202379170163146,-4.804795747951175,-3.9302691411862725,-4.019768478533706,-4.631854382998313,-3.5437955821841456,-3.960598498972047,-3.5660080435233112,-4.750564412079115,-5.219757528893666,-3.5086045964167454,-2.0635963688023935,-4.767305789517309,-3.749724000016954,-5.338750300760864,-4.909441758848203,6.793772859996469,7.3272289669901225,6.1591791138995635,7.66197374713721,6.96489143262372,6.761398154745779,7.300812157774679,6.134359642431451,5.951241836558687,6.385932078886107,7.227550726286006,7.122900263763748,7.577723000768864,7.001885317467447,8.027442645911155,0
0.31230757114257424,0.3478602761262658,0.3095683916965387,0.3130802466520715,0.3218299981493391,0.31200126711582976,0.2819573870078941,0.30494873423789837,0.30303273867499614,0.2712553235837043,0.31963466763799064,0.28032726558792576,0.2656997436976104,0.2983256897954579,0.26020779746275347,1.6569258687271924,1.649816365253716,1.620233575698317,1.5803385242807277,1.6323923162752692,1.5686390839087514,1.6153382682495097,1.644910724945772,1.6279146141252103,1.6001779542007193,1.5980180673927549,1.5865233725316363,1.5689381379706693,1.5798414438547206,1.5852050666028912,-2.0012375586651956,-3.0291079837916186,-3.4722709686534188,-4.028806415346878,-3.144306143819449,-3.6073312023760593,-5.032283614842697,-4.1585955039358,-2.815993422634733,-4.204972594750643,-3.382921480807994,-5.3441134336063385,-4.678189633322802,-2.9996650004050593,-3.935578624378593,10.431025039541078,8.293082042524814,5.787792154698086,7.050647634460969,8.233666729681998,8.621580688554097,7.149755153789461,8.855907608883452,8.066102153131922,8.411184974303229,7.949679605174284,7.971009702201597,6.529816432600299,7.291710653856966,7.549833980635266,0
0.30989631745361723,0.2722755158448126,0.2915844239621318,0.3088069570235433,0.32096562802906037,0.30103293326582387,0.3398389103330709,0.31845661479122234,0.32178780105618565,0.3200032195018772,0.31192744142864015,0.0629593452923593,0.3224860677341769,0.33299876381863547,0.3101375424909931,1.562981711442768,1.5508217442437313,1.6202379170163146,1.6202379170163146,1.6092306023839484,1.4984346004382167,1.7755340117984624,1.3787710955843253,1.604358037714188,1.5194542609456911,1.6318987841421126,1.5585956072089417,1.6299105664113624,1.653015309502245,1.6766124203236774,-2.2547542887765815,-3.3821271837979907,-3.4567253847708344,-1.5726967385032822,-2.6262452819996156,11.508656807403327,9.40176671885476,12.690465962677308,-4.775404433087175,-5.0144668104805135,-1.9196543998538687,-2.2665787397993142,-1.2718424532630763,-1.6889202332237119,-1.0297587343719101,7.712470961070071,7.317755895200339,7.433743490371303,10.632069041452475,9.916164639638719,1.577385996997559,9.323623465106,-3.119962543466537,7.2188998661104264,5.703222185366921,7.48133305055493,5.258912576064584,6.827905944518288,9.599406652767879,10.67408413929321,0
0.3133904330379359,0.2523452700652142,0.2891903098646498,0.35718337129347966,0.3305232135703786,0.3421039891165889,0.3336669723271687,0.3291160149427951,0.35269112834587635,0.32528172039179826,0.3023918442194253,0.2845311601474736,0.3141440663158813,0.3198335767821796,0.3332152607343111,1.6224925990965429,1.5166647016138204,1.4852873411035026,1.520654112359031,1.5374418985401548,1.5305857227891508,1.5374832330259969,1.651872141596922,1.5943613522504752,1.647234849985317,1.587537288021992,1.649070960781124,1.6433551077698916,1.7042882689013665,1.6433551077698916,-4.136274269014223,-4.316742313203832,-2.5361828095773262,-3.0083151529775023,-5.149469064404684,-4.165720448572472,-2.9542799769032797,-3.305330661664698,-2.9363048484595424,-3.3174192900753496,-2.1593303808529356,-3.7686381889836866,-2.618306130990476,-2.061354361701291,-2.9233255837196737,8.908132132657999,5.495721382581687,6.8511329037799475,7.157806429444345,6.728934237632607,6.781510521308347,7.010363136520184,10.978445805234651,10.446974126778553,10.761315113210184,10.20659608215564,10.45034724701569,10.76230902486698,10.374495101425149,11.432843119276784,0
0.3223769413924291,0.34185744176883637,0.3168523514852028,0.29920043463446827,0.28373553060472007,0.3133182150702627,0.3331683194810885,0.3088069570235433,0.30436857666789896,0.3042564029593199,0.3037671453184524,0.30263865557318054,0.29530803484056367,0.2874630322066629,0.25104275187173775,1.6333292518501834,1.6395239800754722,1.6190807658960746,1.529211269684587,1.5657266617913363,1.5252054714705874,1.6656354364232548,1.625877841233424,1.616317931401908,1.627618627837263,1.6327766888124018,1.6045860386876478,1.6116956368571076,1.644947052902968,1.629891368548144,-0.4326868792638834,-0.5001410627519931,-1.75544166039856,-4.129943349315141,-3.4371949392273677,-3.0106768977551326,-1.4915926728375837,-1.8072507494090928,-1.8452567770836197,-3.0008944345916575,-3.586275603920029,-1.858127358618674,-3.036021050210536,-1.3805110166906331,-0.9297420801753162,7.556435826009391,7.4993638352286425,5.248078448422564,1.4326923311731607,3.369659960544778,4.38941763067349,5.080143358414361,5.873823228349952,5.9124240609673,6.773316734442574,7.717959676490383,6.437949325213721,5.098395936397082,5.839542589461381,6.519286042188764,0
0.31389908370612324,0.3332152607343111,0.32367966352509625,0.32566405099551315,0.31180761269811785,0.2719605754373765,0.27196584717938976,0.2508282499008154,0.364188855518147,0.35971979668450066,0.3142210956606868,0.3149521024710261,0.27110288937836713,0.2726759574368922,0.32448202684264105,1.6034651982142831,1.6433551077698916,1.649070960781124,1.5773689607977586,1.612010070294339,1.572232320489319,1.6034873952429882,1.5218101958721137,1.6582066082789428,1.6084232095516409,1.5777581950585589,1.5865233725316363,1.623421400864472,1.5461773374313046,1.5445101322888044,-2.5881801527948483,-0.2739240417788267,-0.14748183026949846,-1.2042919248833073,-0.7101257438196455,-5.4595963885575145,-1.7507162484726564,-1.5096781660043916,-1.0699471126669664,-2.6905588388262345,-3.0695769801278914,-2.0284174576247267,-3.1035641780738956,-4.370758924430447,-6.981094741772637,11.024972667907695,11.087255322231337,11.509864062941046,10.329501900934686,10.155915929884786,6.36986734103962,7.4078399368664325,6.862273305782995,7.990457853174173,8.074631960538792,8.18129262126121,8.101226599776542,6.793831661478556,7.261274314756328,9.419652886845238,0
0.2902733729298535,0.3057318680939508,0.28474633879147787,0.28980409676928875,0.3120113347828952,0.2777463450824821,0.28548179960871234,0.3031457866157319,0.3066170205672849,0.30837292071790046,0.3208968899350633,0.2898559146275729,0.2564261831055161,0.32404838808157566,0.3348173176010132,1.6591304438014547,1.567603563586217,1.52737750450946,1.480271431387949,1.5002844951843994,1.5647896077190175,1.4954260004850926,1.56439789880164,1.6003904580265575,1.5044956501385753,1.5523490426924529,1.544786359659686,1.5797172942743556,1.647234849985317,1.577656931976675,-0.0941257164584215,1.6213530140903742,-2.7435450808805513,-2.4935994473142955,-4.139811192890647,-6.304409768998283,-5.099520900451893,-4.274599213392349,-3.060460293420249,-2.981886458182487,-1.2366339990607003,-2.1254704760858942,-1.9469455820048154,-3.7173028931014187,-2.6714655981961357,8.63452529597115,7.750460693356225,4.827583048169541,3.966996513785936,5.130573066757426,6.886549107826665,4.729307933635742,5.9778375106979595,8.08903725698231,6.992138790784481,5.332601791043559,7.838657840184372,9.419464009899226,9.621248728866679,9.455575940482987,0
0.31162281859162666,0.34608434588063847,0.32834644278307074,0.30450487788576786,0.3082592407135897,0.3042564029593199,0.2911871102299811,0.27381535327596696,0.27661824213633546,0.3037671453184524,0.2675573580852784,0.26069525320032183,0.26743339923243037,0.3225881513721327,0.31609601834580936,1.6000092362264744,1.621948528833876,1.6000092362264744,1.6087652305600004,1.5859866836681924,1.630283247106461,1.5998332959396637,1.6876508532898111,1.655856432113601,1.6215809417778198,1.5916351477100938,1.5634496687608375,1.5831662181458983,1.57030695075328,1.6242452681013955,-2.25466448119073,-2.578529594091208,-2.2268683913360974,-2.9670396143196456,-1.2163559485883013,1.2448247215707795,-0.14385236847965643,-1.17605670241403,-5.666114374575955,-4.805047646212273,-6.15591239853137,-6.1235212853808605,-2.8626696079944622,-3.3198914301185027,-2.140623076886186,8.41344719713054,9.47650010560037,7.975015558926732,9.226172693229335,8.84821913960012,8.057999869172136,8.273590222802952,7.807506604252128,6.0717628654083455,8.465308201235217,5.700978771581079,5.73357988565296,8.464749980767452,6.812273077512143,8.231706721807072,0
0.3606515901041607,0.2775065850184565,0.26079640268617665,0.2828853736853927,0.28893030982796997,0.29999612279298327,0.28798982652912664,0.2879357927565244,0.27874970963167833,0.2715287122284006,0.27939084465615094,0.30499413552663535,0.2929543954103913,0.31494239665728807,0.2778880871150917,1.7559801386423708,1.8228345085577997,1.6427418189300045,1.6380688850472864,1.576380263930445,1.5945930175638467,1.6014081996146976,1.6196209532480994,1.5988861724037864,1.6204673387204507,1.5603667322508876,1.5945930175638467,1.7005863119710527,1.7031236037092603,1.7946342198481753,16.807557477019287,18.18450840634239,1.781012340876515,1.6212865188238652,1.7987457459834673,1.3407420805228583,1.2766713439482658,0.24401037424937044,3.560760124105741,2.346143431633209,3.951870828105882,3.1826591809783054,-2.2171385955634264,-0.5120879513733598,-0.8305304432704759,7.788363714392313,10.799564980481582,6.078910932390079,6.594611929096613,6.104733527097189,6.932163295606032,6.630546108850179,6.901151111193087,6.568778675692156,6.861507586082266,7.750557590961937,6.836979271649112,12.463041636615676,12.228464925886872,11.575930430398454,0
0.2976844927794928,0.3517261867415975,0.31565172855464996,0.27635733478030566,0.26197597919701227,0.27810039742344644,0.290807546235536,0.27305091397455294,0.30598208821960793,0.32131452068228544,0.2667508499233066,0.305487863368744,0.28786423780623244,0.2940330760640103,0.26352936074815103,1.7679906280331716,1.6497562987806722,1.5977368368389178,1.5977368368389178,1.638160515979427,1.6193225360881744,1.6590923423490336,1.600607718956408,1.6077533453671957,1.6754352083025619,1.6156033879742664,1.624581139991435,1.605739730285304,1.6718834710167272,1.6855267223893053,1.6681841905231352,0.887024510599332,-0.5964521188955132,0.2587333005935193,-0.8578947276033375,0.4157703851982717,0.1340405754690437,0.4025996505435785,3.308075020899736,4.247702988994263,4.696878493982922,4.154142553259476,3.5949771789244096,4.666866386638816,0.34631212645379605,11.326698129631403,8.67902422362361,9.375892385926582,8.175648098833294,7.647740378886556,6.911090130803434,6.801544100880431,6.615283198409952,7.174889487799101,8.025888267192018,8.545421014030362,8.256507668157425,8.123011660983895,7.45669793013707,7.3155088574379015,0
0.2885127994249712,0.27305091397455294,0.176364699948843,0.291418070816019,0.09730605391148593,0.31095320962123707,0.3434261714782897,0.3168469972420904,0.3315708588857872,0.29848095221033244,0.3273087360550911,0.2733278944266747,0.29593741610656266,0.29585395837848205,0.27843098613230394,1.6193225360881744,1.619724480349789,1.6333622294346342,1.5156213596963024,1.6356109266807954,1.4984346004382167,1.7966284426136603,1.683767545671415,1.6813886500803699,1.7204648302360188,1.6391702905829437,1.6203879228202402,1.6051629465766735,1.6620219309070636,1.6205216974854557,1.0112638362654423,0.42585828938007353,0.512867596092832,-6.225952647469541,0.024737107309420026,14.947519929112644,17.790936709579142,5.765574512210122,0.9423719216331108,2.0686814680773864,0.6431707044821735,2.368507173739033,2.3584273390352166,2.3754739625565833,1.2066094363887032,7.806830407438977,7.307328023518263,7.725237201675049,3.2952428293513463,7.99100390247895,-0.4843325410040648,7.312523262595249,6.1892764285567665,5.2828345253081075,7.349052637587272,5.889878630362969,4.891214724184059,5.302651269362675,6.0132951820186396,6.139000391347433,0
0.3020174430526197,0.302272015488903,0.29379459503863314,0.29576772141210494,0.3346161425457407,0.32862428104438746,0.29508744583438257,0.28865049496922,0.2724025546080913,0.2467262076934921,0.2835498387160023,0.2914870161491838,0.2837661909717277,0.2966338495401027,0.2456021465691044,1.6385044782536955,1.601496789346819,1.6855267223893053,1.6097098335990632,1.6150692958252753,1.6251745040565313,1.6812315119824226,1.6818458411638586,1.6613671325938304,1.6659603550331858,1.6637599807445922,1.6385044782536955,1.7010738882761705,1.6802478766008642,1.7198275281303597,0.5415140489102725,0.7945194983192323,1.7187530771560375,-0.7127625493012886,-1.816152638499915,-0.22161671647569392,1.8009735209558073,1.2113672606527643,0.6208874889279343,0.9900393494341415,0.43593736580558584,0.9114347823494597,-0.5226305445688126,0.37389748857714267,1.2513068729396082,6.982319854970031,7.67472531567477,7.59981900754508,6.094369517985586,6.455957699655135,7.818454813107862,8.301652481337939,7.798401106059162,8.714372642631552,8.568871162755457,7.674295226284181,7.573893836006078,8.048932188713428,9.336366734088415,8.90974995276074,0
0.32342832319171233,0.28469181787207,0.29379459503863314,0.28832551720582567,0.31369609828506706,0.3016382109414798,0.27762339736110536,0.28302654304186203,0.31690109987704573,0.28963872463476636,0.29538848930096506,0.30608721936146827,0.29379459503863314,0.2723836153750576,0.29508744583438257,1.6714996381134275,1.6686727713820646,1.6776683584402041,1.7053905254812174,1.6343863739010103,1.6501006937442992,1.6575912604178156,1.6994609423634837,1.710892739404755,1.6437485011355084,1.6522017299025211,1.6646789619821671,1.6393178306462604,1.6277058768145924,1.6575912604178156,3.605627503774315,2.240006812945694,0.5790618813089736,1.510038860939943,1.510038860939943,2.616356266217906,3.954462540934486,3.2921781282228153,3.0914606752786824,2.413593341944818,1.8205338879416217,5.442312915986548,1.8433212212507044,4.207608863127916,4.332419868803811,8.588166858321282,6.583473462708164,8.444389670569846,8.389654568111972,8.389654568111972,8.626613297070984,8.437930546993266,8.56325856637656,7.527022918536397,9.346078188338897,7.802466468322411,8.857619091181402,8.260179911462684,8.213536256528933,8.449469981152149,0
0.2598199722886149,0.28536008523405965,0.30921800849040304,0.3052796305902697,0.30673349743422657,0.2729270291767546,0.291084523815094,0.2771267981133696,0.2874630322066629,0.30120685259816304,0.2913745833179865,0.30652089756311746,0.323285845023106,0.33993478555681117,0.3423982469631516,1.63378095735355,1.6343863739010103,1.62505253615943,1.6385044782536955,1.6159656013520391,1.718170973667033,1.733926090951856,1.678259511345869,1.7115176071364167,1.8158504221604062,1.5870412491304633,1.3747020296921333,1.9003509746081633,2.161962533802357,2.167602894899645,1.232337714237815,2.563086281037357,2.775656864029031,4.667149356113072,2.420274123054753,1.6321122851281018,-5.50845668245185,-4.111677200676581,-2.461974212541122,3.488289900308615,13.975233039024118,6.93774511722637,15.231913720864782,18.24621424390557,-7.105902448619531,8.605104568373832,7.147112427631438,8.4502811552384,8.859602824191786,9.37675017955001,8.36216480251027,9.977494878385551,8.487015311948165,7.96233204818138,8.150382810818616,-0.5622870647293849,-7.524417297121337,7.978451601480517,13.473157296726912,39.44392696331154,0
0.30462579093871595,0.29041636765187634,0.28649441086151983,0.302286059471716,0.2742878579395336,0.26653465558487077,0.2845737797429263,0.28373553060472007,0.275074163430667,0.28388790534638036,0.31928352138542493,0.3062771114432751,0.29080082300635973,0.30566453213117445,0.2901785714285714,1.628766003518254,1.620606040349884,1.5543235222752974,1.6140732475063087,1.5982205465653272,1.6157253694032472,1.6066511263681253,1.5653562344586096,1.6435502026691755,1.6157253694032472,1.584798869371671,1.6128561228196,1.5608900386497357,1.648647258438483,1.571221344861771,-3.344055027470432,-2.6028893697192927,-0.5753682410461067,-1.2041091675727102,-0.7422726558173167,-0.6527185539340792,0.24479358741274382,0.5623177875667409,-0.24060604301146782,-0.008172081544813636,-0.6449434694887657,-1.365345734438506,-0.6410666649432812,-0.7045235259946878,-1.340760510246298,5.654884450014085,5.897325927778326,7.1258091681562545,6.201493383231585,5.273209353171129,6.263950555792395,6.0011616919250095,6.137825648676782,5.694720964429855,6.308793659428621,7.414836610494707,6.686599332779061,6.550247797044015,7.363561640161724,6.1449836014280015,0
0.2913696570906169,0.27246653212215644,0.28302654304186203,0.26219575379902377,0.2722619010004049,0.28965172202762846,0.3241597916921113,0.2870112543187216,0.28775090224858724,0.2870112543187216,0.26692397533905987,0.26197383759217185,0.28924423535962046,0.2934342707480478,0.2988684911175428,1.6199739251102683,1.55414662854903,1.566210691553367,1.6055552120801928,1.5942387089622956,1.502118034835,1.4714444629137948,1.5485388687572306,1.5316585415202806,1.536867143409849,1.4827027130541182,1.5182513595258638,1.597367552444082,1.7096114589059677,1.6567431582101977,-3.246737213212924,-3.808452041010298,-0.9757774312029426,-1.6345429939500207,-1.147100910718848,-0.6225059288579473,0.5788443060775421,-0.5778098470020154,-1.7194167375621419,-2.999070836111855,-4.322538061256637,-4.661805204585164,-0.10683262626969281,-4.025578431444927,-1.727182552538352,5.5780155278166905,4.719477447105268,5.294263911494829,5.596533602432562,5.504155570103,2.7490431172080134,3.018566018379302,3.1002302027597217,3.065041774328508,1.8747734109383365,1.734517699433728,5.328108844136771,7.081497785403178,8.983714671370803,11.70721052794142,0
0.28979699527282987,0.29091886113550347,0.2987971589058114,0.294173827149773,0.31311322108916695,0.29080082300635973,0.29104644329433005,0.30103329002271084,0.3084099822290367,0.28874587688361,0.28234621480015387,0.2620145773689663,0.2904485420915477,0.2684484446874105,0.29080082300635973,1.5986292430232236,1.655786950705089,1.6158894366454133,1.598991765653674,1.6167546323848716,1.6606723732315074,1.6295454652369699,1.617875819029329,1.6557792896380628,1.6481510459484223,1.641019014748842,1.5749118656427488,1.62505253615943,1.6454718217908317,1.6074171095745131,1.4059117502780225,0.15860060798462428,-1.1408815606060898,0.9435053840259968,0.39276748326506095,-0.3486046772097211,-0.48949082692720935,0.5179292678314766,0.47679561412417115,0.029092306715483573,0.1900606800957405,2.6032438826686075,1.7633631126749094,0.9057271699373644,3.5719285915382954,7.420392218936984,7.959934858439227,7.943877044643179,7.8645738652159425,8.948962975868763,9.285674215871502,8.599225733826165,9.36961214291296,9.509122602859357,8.200826068855191,8.424204557936042,8.369332609684003,8.597801306124717,8.565285254976548,8.884166878071385,0
0.27075252382610526,0.28187094137513824,0.29576772141210494,0.32012514281435656,0.28388790534638036,0.27320141422854266,0.30499413552663535,0.30499413552663535,0.27214311776622235,0.2742674076548125,0.30131345135985216,0.3008292270732652,0.2931389874440502,0.28082011122594813,0.2965294616189149,1.712471119385857,1.6510177801052586,1.600607718956408,1.6304958772641247,1.626740115429031,1.6218167788898765,1.6717827214891747,1.6401921896193612,1.7129729734429373,1.6668914073922199,1.5911990215142287,1.6040022322502676,1.6881644548470405,1.5953778262472584,1.5186023291848356,-0.7844892580662872,-2.796076563323737,0.1989400047911829,0.3192742250942331,-0.5020744213095725,0.6134350637601926,3.032801027565597,1.3395516593568004,1.5002222177758142,3.0160039404881047,3.064724707890093,-0.0059417262862666576,1.914334439607785,-9.636570275725745,-3.3231857067900705,7.638471260311658,7.595160657426614,7.69823543233685,6.787604227715883,6.6789211133888715,6.480120340861594,7.812118821899237,6.81082564874228,6.991511336019104,7.727881131561087,7.787493560355626,7.718493490903282,7.30318319309802,7.897957727999812,6.200348689302553,0
0.29282749381172724,0.29364222029697284,0.28361381623006743,0.2606791040439306,0.2796126590684934,0.30260469790198263,0.3042564029593199,0.29092253738101237,0.3136875037249278,0.3008292270732652,0.3259890031706999,0.2953013119747982,0.29137892514776254,0.3129245773765732,0.2881372116989723,1.6807610576759342,1.5728092331649466,1.5836567778221973,1.6542010282520787,1.6772929754070567,1.638160515979427,1.6526143515357685,1.559656418516002,1.5885182912014466,1.6455035638998776,1.6127007831597484,1.6708661941954395,1.6196209532480994,1.6612816351387396,1.7147961456750787,-1.4179229635283264,-0.38247764233796033,-0.6526072980682898,-0.1822532627919884,-1.8610443259253486,-0.3156869050130524,-1.0321243640055968,3.263802614270759,-0.09275912383367313,0.06993085621465411,0.8903718248504049,-1.7896358955308358,0.8689287413255897,-0.9301504893407184,1.2925244865563172,8.505772821490769,7.188657615129184,7.522733236432265,7.712851221085294,9.800230097448885,8.32881691554943,8.702403985867658,7.342170829991225,8.139272287079892,7.730619777164043,10.150679649626737,7.621708567899089,9.008685026776037,8.441836639895579,10.394237215148744,0
0.29950653897311663,0.2961243496344229,0.2771608841953087,0.31093125815190237,0.31145939463913264,0.311483681119482,0.34472675421934484,0.31901001962396835,0.3226437990250083,0.2888824893963625,0.32303338545233795,0.3068755958504936,0.2443820828857779,0.3700242097935178,0.3406626289167505,1.6762293674237239,1.6508280437587108,1.675220977720981,1.643066535343771,1.6529265980751047,1.7253436949486947,1.7028564426157828,1.7528593841931115,1.7501634708976896,1.7561729008305618,1.7398203155397716,1.6804644153585164,1.6813886500803699,1.8116999345563842,1.715853233613721,1.1172762294194456,3.7452281142911943,0.7856714153209623,1.0183183750989997,1.273706276150108,0.2733950672237597,0.8988140626647123,2.6570130238604293,2.692704483298769,0.9485781146291572,-0.2828738836137461,0.14020888451426572,8.417518006075056,13.93914140380457,3.9307889274687113,10.726730853507602,10.812626488192356,8.713372173886954,10.666962094522045,10.89511846231509,11.77857113443002,11.408768407547793,12.950555049193929,11.839814754537041,11.820346418474438,11.39840690887268,10.278218901200711,6.551896140523771,7.817369593622968,8.672896539885334,0
0.26197597919701227,0.2951143104486164,0.26111461689249393,0.2934082313189458,0.2988149474363254,0.31676866151344985,0.29496573145972993,0.3059150919710846,0.3059150919710846,0.2969484448286782,0.3175618200001019,0.2785462615139285,0.27168880709970256,0.3145302849670743,0.30248329871398244,1.632069290721838,1.6389792799264515,1.650896718585633,1.5731620321986273,1.62505253615943,1.6617659297935294,1.6471608906689392,1.7427445737047316,1.6590841733448904,1.6952567942890564,1.6698839209389056,1.7125346528783778,1.5255328740550633,1.6562318385285895,1.6589559184233618,0.5469302265993576,-0.31469108783608135,-0.834893793725314,-0.4998832725233342,0.7867808745136244,-4.029612911605568,-3.8260003468174375,-0.021263610797518595,1.4648790058387817,1.231802151872671,1.2829905048238288,0.7183455562827987,-1.6637285094278411,0.01855525183083273,-0.9995420784743203,6.537375042398615,6.982079777667192,6.712215737872781,5.706358225931054,7.2546751268618435,13.729036363274219,5.593287099805914,8.589736309953791,8.757892950418233,9.983329698269948,8.592568363118508,8.68914844539658,6.228144908617037,9.030559838332783,7.656203233287402,0
0.25268763831987523,0.29952505769382787,0.2940214524081127,0.31690109987704573,0.1582169598016792,0.2952515417100167,0.2967139827878268,0.30983180403758576,0.31615229181405513,0.3158160378607415,0.30527319083819726,0.30311710326140556,0.29549748033412926,0.2922310193951352,0.26861013929820515,1.632069290721838,1.5629401966382364,1.6135482680496986,1.6381443712607955,1.6972005895590248,1.5974547892672049,1.4984346004382167,1.4716528827902187,1.5489255219428755,1.582376096729014,1.5171223586877425,1.6819749851034707,1.6338895263583233,1.6215374605910067,1.6198859771589567,0.1713797964326318,-0.5199272863264071,-0.020547310978798805,2.2494592508464564,-0.1260949009669332,0.8648927814139142,16.687599107318107,20.06841918830753,18.650109703408845,8.62430205070288,-3.3075297222596873,-0.2002718571504829,-1.0031178947017736,0.784987849894037,1.5360466184739323,6.808691027044517,6.854822375520303,8.094226649910434,8.15619597434864,8.361345104269217,7.379143390424067,2.0395145029002775,-0.23999568364354248,0.0747044872489279,6.725394306845671,6.569368815684011,8.347971812201925,7.321568471211893,7.621486965173984,8.533166701887971,0
0.31925457389412243,0.3019481071142707,0.32515151996439284,0.3250148586401188,0.31016699756757937,0.321231577521354,0.3020758175091022,0.284627553276246,0.2787343664908032,0.30946603845507714,0.2985473053927683,0.26903146523460164,0.3020174430526197,0.3011486771941002,0.3214128982376925,1.6370695165446665,1.607969319831393,1.600828970025896,1.5886757157681672,1.607969319831393,1.633800211988407,1.6198859771589567,1.5777538091029024,1.6262517689191978,1.6066902155760445,1.59529647217952,1.59529647217952,1.6735102001984403,1.6384191016932803,1.5933707912907171,0.055622986016913956,-0.7056680655017828,-0.2705958065261882,-0.44955837884384664,0.05702225193633126,0.4683186287215335,-0.35838549004915876,-0.3670826541006704,-1.1421481479842726,1.3536086859651846,-0.35838549004915876,0.6848224139389174,2.2584469558398155,2.3468833703214784,3.0521624732895702,8.01316070225485,8.087080913592956,7.848625310717581,8.187647768423838,7.687041903969898,8.645249142745367,7.848998024300296,7.415181911600168,8.09402357630998,7.208657433807075,7.848998024300296,6.857041473175369,7.654318481915969,7.885247687002753,8.339784578010162,0
0.2679714470165861,0.27614510671443027,0.2742858361675921,0.31690109987704573,0.29025322431652245,0.27356782097579757,0.3055374635134094,0.26699129919683595,0.3140547843209973,0.284627553276246,0.273480269168335,0.2724025546080913,0.2949134750796387,0.2919078055988483,0.3019481071142707,1.6206891222521844,1.6439227072245375,1.6591746242865226,1.6623029008909394,1.59529647217952,1.5949847463076996,1.613517870842023,1.6385044782536955,1.6865604598933437,1.65698335192634,1.627467303230258,1.6501006937442992,1.6827791273590347,1.6727467041152002,1.6590923423490336,1.495285604663394,1.4617718260071513,0.6040882826318636,0.8278948955156977,-0.3747319320226552,0.4664508818279387,0.4183685657866647,0.42590251399630574,2.7321993177978072,0.3120758176323477,0.346833041531454,0.2959124429430915,1.9041343214416884,3.7261863142767595,2.434957300688211,9.599564614560235,7.667602167334606,8.069379399962395,8.723853335523147,7.764929196193005,7.824513563705802,7.431815643637665,8.298842590915534,8.33827599532787,8.288370161789764,7.515892363554744,6.907088497948489,8.399863808562657,8.791838505540811,7.644456079444215,0
0.3063065639444914,0.31909931886270804,0.3309487788679094,0.33616678284219503,0.3307507295524197,0.2845737797429263,0.28373553060472007,0.2630878557448493,0.2838842291008714,0.28400604908454585,0.2752590808796842,0.3095270512732953,0.28699587281186606,0.2591686099287742,0.3592831186004121,1.6527003647180791,1.6253584569914779,1.6189683300862137,1.602437326382006,1.605145876534914,1.5491931092327038,1.5930954853260906,1.6329709995504342,1.6004572261402206,1.5426996731820795,1.6020729158155607,1.6315675692099758,1.67300899785511,1.5960056049730809,1.614288054060886,-0.2784865934486902,2.726338109127056,0.577065178163565,1.388008767843246,-1.1346264962352564,-0.5125317154734716,0.35640689843430096,-0.37397147183364154,0.3521788911511692,-1.4499277774438326,-1.4976053653072654,-0.10661007837134662,-0.36929944192362996,-0.4692921887897228,2.692165168009325,7.325348494360274,8.462826077081145,7.556911913139922,7.155116131981623,7.8822252110830515,6.772835656375153,6.2873103858461015,6.26059220133612,7.126533333942873,7.834855909660448,7.081091482150229,6.612457378331348,7.4150744818117404,7.112032828521645,8.171039259738638,0
0.2630571161035421,0.2828101907861367,0.2953696854481822,0.29166218531087806,0.29782399702175677,0.2813762635074854,0.28326153531525533,0.30121742965943676,0.3313683013428812,0.30132960336801584,0.3087873772008199,0.32053959929727593,0.3239461898341362,0.2872566117310248,0.3047532902701965,1.6569911793310454,1.6218167788898765,1.5820833036563111,1.6206891222521844,1.6130033189769162,1.6494542916143946,1.5702252256560258,1.6654230848832388,1.6522036391407653,1.700377738760229,1.704529390938943,1.6465570541376071,1.6718834710167272,1.6393421865985434,1.748563364289142,-0.6488802138673861,0.5437827368285184,0.14047437269698548,0.33212627172679277,1.488243592005631,1.1717720549043804,0.6911002047928321,0.8531336843445843,2.362374209391845,2.078874336313959,2.5673391219708037,2.301881799613767,2.0208558422012572,1.9014389321359033,3.8063421934631094,6.344911693304794,7.194446424412915,7.006043849625625,7.222535557146075,6.876984339446996,9.172728102228387,9.277188359398902,9.85462773962258,10.430880300881471,9.771325022777939,10.221250997500302,9.955112490842097,10.357116293130543,9.765222536739815,10.505863149780994,0
0.27664777108224126,0.292011688040202,0.28882781395495993,0.3129299705325427,0.3359384421195232,0.34017577584479786,0.34472675421934484,0.35647348153124736,0.35247038405466025,0.34102108818511034,0.3300403486065546,0.3075495423944681,0.32630678319823114,0.3175618200001019,0.26874351882289593,1.7085888468989359,1.7056220731351457,1.6812291111260136,1.6043625270312236,1.7240596609745171,1.626539480479339,1.7299197347049267,1.6639604025473473,1.6773145560289393,1.6648224016586388,1.6517050041500498,1.6885576821471961,1.7307627833869592,1.6970605007834747,1.6773145560289393,-3.4148317971049664,-2.6894691737458345,-2.3678111197786222,-2.7172232839806725,-0.6621865919286449,-0.899541831124651,-1.5709432932958975,-0.8697539741823732,-1.6621356640036424,-3.1880318609775316,-2.4403807550010015,-2.6084246316416113,-0.25195847174188657,0.17509573608234064,-0.16355348835924133,10.467397702574326,10.232140364112395,11.51459837633184,9.147849458420875,11.389334688601767,9.53770713454245,11.62664439493505,10.499837062734066,10.772396314925059,10.077966840205843,10.580273885334629,9.077652006166904,10.317811161062128,10.479094536759565,10.081741969689284,0
0.3073887676879916,0.31274203051593746,0.3066170205672849,0.336203920448794,0.32218829767983537,0.3066810797044315,0.32315729533874127,0.3354392804913266,0.3257715015328072,0.2606132837389593,0.2601732881381059,0.2888778075968711,0.2719258279457127,0.26856912725502313,0.2719071615492234,1.6012620572402532,1.58756714437547,1.6792857987741912,1.605618693095692,1.6815240248766687,1.63446139558007,1.6302119418632084,1.6436994603281982,1.6076492751935154,1.626476341368363,1.6532178127297992,1.5983480659505835,1.573219833053595,1.5998237578811463,1.5997961941987753,-1.0249325436006984,-2.515071478039687,-3.4964615352097894,-4.240958553477526,-4.052825296162865,-5.498569031594712,-4.436652024660617,-5.81074883063161,-4.993640609980048,-4.494635397115729,-3.495490838579883,-2.7765951955592243,-5.147671648384971,-3.3216919558158224,-3.7011162932032846,8.353473553987875,7.9163001325745945,9.110582411829684,9.353337453407226,9.50395718714439,10.482985393311573,10.339282720793378,10.557174914196512,9.73197957974123,7.171882784922016,4.842920665479895,3.9709225735200686,4.929569500475368,2.6075627128587704,1.9058243920913085,0
0.2915744772450347,0.2922240129202651,0.3061460677750244,0.292102613732265,0.3952833745577002,0.34472675421934484,0.31180761269811785,0.29939436526453755,0.30983753587308616,0.3080207217066655,0.31906391324480754,0.3075312730366131,0.32834644278307074,0.3423852535395391,0.2839675955850078,1.675220977720981,1.667097617508734,1.6914158621024742,1.6445268507785067,1.6338895263583233,1.6377598116301024,1.6719146305418258,1.6719146305418258,1.6853931577898973,1.6465570541376071,1.704529390938943,1.7014997597653556,1.6395943275833977,1.696481719738878,1.6254580460610468,0.3145890447791828,0.03354561559891067,0.7449387266865131,1.6581098834460875,1.625984818581884,1.3829311031367695,-0.2724093506320173,-0.19291508113556688,0.39901262741031474,-0.31351697292987524,-0.5710836758267419,-0.7847296010361333,0.037872338621866675,-1.8939812356244943,-1.9226080090117819,10.006790967409914,9.804178454647312,9.515021496375088,9.302566506328276,9.813072675961488,9.628818470758093,9.567262294982047,9.958293080569435,10.182292404960712,11.00884671929951,11.185093349126538,11.121877872854187,10.776759538492868,10.059159127656045,10.530329544943848,0
0.320014379956862,0.3370740550100939,0.34068292204378225,0.3277829222201681,0.32032386451819733,0.3240131324123475,0.35245411091845935,0.3414432021543936,0.32683464919600336,0.29891835108235554,0.35006817697600423,0.33344003866318334,0.32948065953715655,0.3245164703310774,0.3144018929392077,1.4813392983964655,1.459757837493979,1.47044570321448,1.4481895612188733,1.4096715686833907,1.40285848756973,1.395239646301692,1.3975371617463113,1.3783511094477248,1.3685918529509729,1.434697320919611,1.5605824364070782,1.5037142518841413,1.5473509029063048,1.5148110460355118,0.9652935142706838,-2.4012685946323984,-2.668403260341904,-0.2134188839840192,0.5110664799992151,-1.7240644717756197,-0.7286086151271718,0.22943855024198,-0.34952189657829535,1.2272254617451779,0.09801824205155185,0.010635747346015023,-1.4468017486885003,0.19203106139272563,2.747795965070651,6.9543983429047165,7.021743276227888,6.064535045486661,5.554744973646075,3.527688041098748,3.9277928151669306,2.8140122384012,1.8625951960660942,1.5211640300377542,0.597628171877513,5.4279062076746385,8.199603715046942,8.723970533609087,8.612653585225653,7.360565581053702,0
0.32516518835328717,0.3271082572949869,0.2818950158323967,0.3061386267810031,0.3361552580815831,0.32907136132745685,0.36132713265989236,0.29593129902001725,0.3107185082853673,0.3072173442042574,0.3321206272294087,0.3361320066435352,0.3273839983191067,0.3095747709122393,0.2882562234353667,1.4027680520550632,1.4860617300192234,1.437090929514334,1.4217811117091896,1.4247829943365686,1.4398049470171104,1.3749655659567788,1.4372246168427558,1.3762065974337785,1.3838936666623978,1.5104948532644051,1.5129938918954033,1.5255492564409834,1.529064177354746,1.3310033465526816,-5.666238970158247,-11.173631132549787,-5.354664731064986,-8.186976476870171,-7.426846616033799,-6.711229873843536,-5.370481985275802,-8.282985139645433,-0.45541689679058095,1.5704772087400443,-6.120149098626797,-4.527668141651645,-4.219558944917594,-5.726848279527985,1.708966030746069,3.125401652762513,3.6554885181756718,4.535183429706848,3.138377367249134,3.6112148353604576,3.5754576699860716,3.9791016843015177,4.5034024869791764,1.1934758171502733,0.48787552341241336,7.804680713723501,7.4730016982739,7.499265839556251,7.895796971702254,-1.0692398325498593,0
0.3305546670899646,0.13980272942677896,0.33491636766352473,0.34249458017716017,0.3467523466992106,0.3161593184424674,0.30592051562359823,0.3117170485430406,0.30956676263252225,0.29032093814940163,0.3265790193133349,0.34458394761641425,0.3339055230562599,0.32599842234109366,0.34367784975749166,1.4450517244702652,1.4576423488080046,1.4550848192174455,1.4486040229046964,1.446732947076707,1.4142323047134706,1.3531793337384104,1.4019788309865993,1.4356019957311337,1.4057662644309177,1.416370234170926,1.4092643829971974,1.4062886072580205,1.4141347348762132,1.4167627996075416,-2.643957970572842,-4.925635008350895,-3.1889910312659993,-2.8485405114861635,-1.9900374956033318,-3.1445685661078357,-0.6251498105384883,-0.49237244171627026,-0.7557516858092583,-1.953249316917578,0.6468170821743797,-1.0452815009790868,-0.40536220807265977,-0.8756019823333929,-1.4176532923679588,4.366190993111849,4.036507049731793,4.626789680929474,4.6332149900385735,4.635321105117543,2.989431207212008,0.6028064502337717,2.875955091448156,4.102008957562224,4.148162077222492,3.5525108045949048,3.233795854762729,3.878391162680336,4.224031821992173,3.073229429468835,0
0.023729167033448035,0.327440418799553,0.3507836273222288,0.3504212521386002,0.3415912600353944,0.33175884805837186,0.3202880546312762,0.31803747654881004,0.3193756362488842,0.31015445824547394,0.3330885496832579,0.33611909455903455,0.34105259143809447,0.32557508895218445,0.3298285298103891,1.4363541805398266,1.4921401398543674,1.47907406035389,1.4724689240792834,1.5196103013321323,1.5171739827446662,1.504244433045392,1.5624539201923204,1.4897436546313998,1.5206382602082038,1.505019975361575,1.5049213176937164,1.5072717727275127,1.5029376215895829,1.5000559761500094,-3.972430035177098,-2.8023649263672326,-3.4639843938605566,-3.5850524628475284,-2.29105339978301,-2.930936637309543,-1.7000767217765542,-2.4009974313129305,0.13406053962603437,-3.9558316848767845,-3.588955052251208,-4.4657854034942375,-3.8034089644448272,-3.5109414259308096,-3.43549850606135,3.7612732937554685,7.969900366461902,7.716552888999452,7.320003675555195,9.280620754781438,8.85321124570791,8.570270778088478,10.26466602390071,7.077697371542094,8.024145613776389,7.580509258654774,7.636721884836868,7.815158236055785,8.318023310269979,7.941484228435099,0
0.31106607087535365,0.3321798259416815,0.32938359263353834,0.3214396939741483,0.3162297565142069,0.3237519197014031,0.3263132501117003,0.31171137075118416,0.3319942447831617,0.3281503169893107,0.33376161275782695,0.3062643345905641,0.31628453124546035,0.33623853851646696,0.3253399723864225,1.4721614004114478,1.4732526824810486,1.4548603231259372,1.4823990290641809,1.495076918485197,1.4869792223250358,1.3534319775071069,1.340881048346349,1.3330576088778971,1.3453635814847038,1.3716689025169817,1.3614541943158305,1.3387930814170748,1.3663279144496596,1.452858326924475,0.21968530534144293,0.9116545107016805,-3.7237007578797545,-1.3684454472140146,-1.0914046608921524,-1.3521081679756435,-4.044601981389633,-0.6683187651389915,-3.84829447022301,-3.118959752151426,-3.055283232941406,-2.638694421575252,-2.883156680214711,-2.406218581557141,0.6810634688992536,5.763057071058148,7.26768301533251,6.070367138872239,6.909815043951449,7.082300689518037,7.005666664126612,-0.35673931454862473,-1.641544711547272,-0.25928747849243916,-0.862256072808977,-0.34669233553694023,-0.2186518954790088,-0.22342180724918134,0.6885463030930362,5.15874534182771,0
0.35495763906117533,0.334568505861319,0.3201695590226466,0.3028574399615317,0.3272120849318895,0.32690572535055606,0.16378212879765064,0.31216851763332804,0.3170727461044852,0.3150565391749237,0.30399430911079406,0.2976929418960581,0.2986889759847163,0.28703551440980335,0.33046196472315936,1.4769069485599873,1.4907886355767075,1.4904249638826763,1.4210301988963527,1.5013316365187017,1.4888683948639883,1.535030485279902,1.4640371420304579,1.4181620208354093,1.448655086880409,1.477464657126231,1.384284801094715,1.3958090284268454,1.4296060864627078,1.392504147330895,-4.347355140327608,-4.127104618980525,-3.443533379992516,-2.337012423726975,-4.388470887930026,-3.810320806808676,-6.452528852634202,-1.6721374490787468,0.20867185466863702,-1.847798358291982,-2.695262190802765,-2.2846883060865366,-1.7891974579801513,-3.0967610589073615,-4.7779623170165735,8.197949535788986,7.601581726479549,7.454967087883017,3.3901096129121573,7.844450735394513,7.978751609452026,8.848890727605319,6.1361370251215135,4.132988188035641,5.848113616220072,5.9290162673782,2.042473104305983,2.206593254147297,4.305839088557424,4.1307314677953535,0
0.3291999369537807,0.3438690475508608,0.31561551382112607,0.3263962421846754,0.3375786171966017,0.33064960093891516,0.3443376537341354,0.3198370892660269,0.342067280991616,0.3312032546584516,0.3528923505867957,0.334200768115663,0.34108626894359706,0.33582084109897514,0.3362549335920514,1.4784531809679964,1.4653078552025807,1.494772400997709,1.4781058131744214,1.477807517007073,1.4492809306176793,1.4739584545804576,1.523556816057048,1.4922750085222813,1.4559372736571685,1.474660086615921,1.4642337139114916,1.4620702297359869,1.481177126875458,1.512539149278628,-0.3611752644560511,-0.40112545039571046,1.9565017104510503,2.229112226956147,1.261374688847468,0.12614970187948416,-0.898133985738184,3.418894184274535,9.856406490547926,-2.711659798326309,-2.001599569790784,-6.202989058031022,-7.67929703988753,-7.71077898752381,-6.517091060024995,6.524696985924044,6.682302801904139,6.531009932167261,5.517889246049609,6.299615159080505,6.107762247325646,6.580120503186533,5.6948453055113175,4.127380490271546,3.871566451941198,3.6653658729813965,5.492608512875935,5.705942227621064,5.344289274542147,6.413365882221452,0
0.3470982511724473,0.33925794722611985,0.3235773385886461,0.33207616948640134,0.33026940130577254,0.3383013669205849,0.3089130371701249,0.3477209793070201,0.3249117966948216,0.3162568161501082,0.3275421749979408,0.31428326464413153,0.30337688561351306,0.2949560697459207,0.32255727190307293,1.3968374640733665,1.4550672388345103,1.444542292779491,1.4775377519989852,1.5007121743735907,1.4847606168314955,1.4266342685878717,1.4862452165444775,1.487471140857578,1.4465802236717638,1.4572294378067858,1.5368330211205123,1.6525438302039777,1.6139881935518279,1.4575057515123961,-4.037615704356369,-4.742662166023393,-3.929847021954515,3.6789847456674067,-0.8401240556170819,-3.173824547340587,-3.939214084291933,-4.8909455095121075,-6.136990846481126,-3.6273797565577013,-5.57319756091394,-4.712113532744638,0.32916214036103497,3.2910360892573465,-4.8598864010908756,4.953741128026076,5.4662235707814215,5.30416983385577,6.671046700625786,8.229329889754904,8.265380986449221,6.984659295912171,8.11121481725933,6.403403764085828,5.715221330229011,7.752591537176711,7.753284300465086,7.422219970013464,10.18201216589442,6.729047110895334,0
0.24262261239198343,0.2925638602387712,0.30837641847948344,0.3254832839953299,0.31520256669443375,0.31819385583937876,0.31940799602109793,0.32031477946513176,0.341183851567921,0.3307676892291361,0.3274634356623558,0.2742163302086199,0.30586842319578356,0.2968380253421452,0.32169949672532194,1.4805191389270056,1.4761632322074414,1.491986129232421,1.468459917429505,1.5118359256453697,1.5072061914619777,1.4583312614488695,1.4776507384079394,1.3707281947759768,1.4490236768463458,1.4754666854264626,1.2935928451642835,1.3784725964047622,1.3784396870879145,1.3823906397086267,-7.326536222081813,-5.96211082788318,-4.065939194918968,-3.6754295553436123,-5.3885691529093265,-4.5231678505225545,-4.479547349581793,-5.473758954423374,-10.280008103043514,-5.728436986561917,-6.2336451487286695,-2.6030436409136826,2.300208824959668,-4.513351800499436,-9.423266674643855,5.827760988815627,5.753770935773095,6.456119014731175,6.81819042062445,6.600018798431694,6.67346504831729,7.273322431997509,5.984093405024587,2.080769129425122,5.565598043539674,6.621967251670434,1.054597482245054,1.3031630164487322,2.1976455163171216,4.992840284863554,0
0.3404898165959285,0.3243933936272008,0.3295571544446324,0.32083937729217626,0.32127679816739496,0.23682038130478728,0.3117210242701279,0.30773938912673826,0.30545558404332235,0.3055697167632141,0.2964434553158872,0.3010806554108707,0.3043594509129827,0.3028505386420485,0.3039697748018205,1.4508487904005833,1.3217518145767615,1.332214136125214,1.3887384025667933,1.409449725484084,1.4090205401186902,1.3927081325996402,1.411898448812493,1.4032165616347732,1.4105455329244945,1.4050087966472895,1.4208249929596475,1.4058654211857484,1.3977860345054764,1.414276998241008,-9.93514773177742,-5.187602873025298,-5.110108463301344,-5.98831103469999,-6.175089999986852,-7.481765071014735,-5.605435224763255,-6.837419653762055,-5.728708663568852,-5.776063324525921,-5.751461200623822,-4.620637007990609,-4.929499604221576,-4.610888775358404,-4.778043915568105,7.967285616814779,0.6534831696812773,0.24734291397784924,3.7745926371737535,3.724673298501377,3.2925836689754053,3.442115755229406,3.855443629038988,3.5878764427211327,3.4283050369188905,4.385663527075173,3.842567963020391,4.027279236540654,4.256526997643956,4.338288789837071,0
0.3218431337665768,0.29845559468260796,0.35263377911204025,0.3248920913181609,0.3108364173259076,0.33177842758316073,0.3337699909427362,0.2911220211483071,0.29457914831455734,0.29229532639459954,0.33962717618353155,0.307764202460052,0.34563759440773956,0.346973841692675,0.34707076983259044,1.3332562573396654,1.3386674504518241,1.3568405676420532,1.396755066798889,1.415503045927321,1.4242613501911632,1.4216666277449195,1.430534284475338,1.4194346977132568,1.4280753311668322,1.4547299328603935,1.4712966897966129,1.4664632866862053,1.5099329946304954,1.527111273378779,-9.03846568525367,-5.5354933493399585,-9.990301667125436,-5.867763731542084,-5.987083718573302,-6.252623066542668,-6.601345086453165,-7.8244333150993555,-8.12266631541516,-8.087474946377455,-8.280416292666814,-8.737697434211668,-9.219299901065966,-9.471117150704998,-9.58949609263587,-1.8742316333489801,0.4179848059305188,0.6211047774534233,4.223617121576382,4.092425883939975,4.526238177112018,4.5688878708092595,4.140369096987254,4.318932973554396,4.828078597979529,6.580918440075776,7.454367475242389,6.719040405244685,10.00365529551426,10.249981388312875,0
0.32019979233625695,0.32434799294097694,0.3059344397247366,0.3427568747034288,0.3240296389299271,0.3371269763065273,0.3487047122468899,0.3298026990657812,0.3345414117316017,0.30668995311583214,0.3238880761250933,0.3236508435619111,0.3285535945305491,0.3100486098126382,0.2893860031325113,1.4752269010794377,1.4762407461029508,1.4494387569125053,1.4279733987632912,1.4318964244548364,1.4382033069792708,1.4312742292197327,1.4661987909323873,1.4389927980096568,1.4562691927893858,1.4318554388348488,1.4159090040090707,1.4493787801873754,1.4482176493509507,1.442026904571121,-4.918130194697454,-4.430421445339363,-4.407998200095733,-6.428087616376246,-5.367382911238849,-4.600492468108712,-4.724155619576294,-5.262694785936617,-5.272915432209771,-5.931485372073297,-4.069671364012976,-4.109128101052278,-5.527854410594614,-4.623413051533447,4.353917978093875,8.682909638682021,8.916804504497062,5.824484841153811,5.231616921801204,5.071748511608685,5.507284931080038,6.112025886410542,7.49771224329163,6.414916218031508,6.646044039948481,6.391322568766674,5.365897450991887,6.131260692861368,6.232797136192504,3.7652703952934967,0
0.319774147496474,0.3165602231678223,0.3192285984544446,0.3344070760721235,0.352788655644626,0.33323533985079845,0.32290431663506924,0.3369053662206365,0.32429310918980025,0.34092349523288756,0.33267867403952867,0.3565970554651978,0.31874594000444134,0.31682640479480145,0.3124716474777469,1.4572651341757135,1.5479520293905114,1.549775861054262,1.5380104963991506,1.651368401024098,1.6308165498881162,1.5982526921254532,1.5812886689065857,1.5792753822465957,1.5057849063608721,1.4113708727930478,1.4142487432016102,1.4431584787767597,1.458793161142377,1.4248358518959796,1.450985469037363,-1.7866323360681235,-2.6159242059861185,-0.7505937797669162,-1.476933392064467,-2.5752616183871737,1.461385407807711,-0.7874463951553139,-1.4412602164267128,-1.9910241421706871,-3.104759030678764,-4.7810358020495585,-3.9569949578832677,-3.56716062401307,-3.214531408482628,6.051898434268899,11.62436588566266,10.964262864641503,12.182118671532143,14.186828054268856,13.156378278844452,11.622112529504907,11.048723240336514,10.892742242677441,10.364090429461287,4.140161506777999,5.297229509315018,5.891964215297576,6.223394575603996,5.662055604525874,0
0.309149490143659,0.32718759643395845,0.33483926424021393,0.33487778042738814,0.32289097464362765,0.3340155030192775,0.3427871756021973,0.24544419088524771,0.3295885300779504,0.3141360044029604,0.33276368706815573,0.2290578982116349,0.3424656757782656,0.35042947711079264,0.285045687413948,1.4548466730748293,1.4608820263012736,1.4728098738075892,1.4650452785726014,1.4752149334790483,1.4854161846796599,1.494182955457531,1.484620588401709,1.4850247580029585,1.6441736603586683,1.5001515044664309,1.3733463132536936,1.4111997382151642,1.4162665436809454,1.4116170298647568,-3.347646518097349,-5.671567438345704,-4.391847634828764,-6.429555753418583,-7.1025547345358575,-6.727760939681929,-6.0235017148862084,-8.73227233746556,-5.8947569078597155,-7.422387922649705,-5.715036498432767,-0.9818071721109334,-6.804466884431463,-4.596561232823547,-9.237556826307838,6.144790606887617,6.2057149829226725,6.7678504450925985,6.929169970838321,7.487221217615053,7.4915908254816,8.042224144676869,7.50212494380259,7.423604021101108,11.43807410699875,8.587340979529172,5.186783314482749,5.588143260948184,5.745122582225574,4.690074726331902,0
0.3573841340840537,0.36257132277745585,0.30916601855193454,0.3284019723899862,0.3047380022370005,0.33158533936759266,0.3288610803588561,0.3392539455545296,0.33685900236588295,0.3130404160160315,0.3265299414261168,0.30574074233154425,0.3705748640219889,0.31721381171943175,0.31935197694099016,1.4182865320816882,1.454787319045711,1.461030913198442,1.4466643778243242,1.4559242983585174,1.4858383182205355,1.4662054326348297,1.4839798720909698,1.4979002239548258,1.4749317447681463,1.469952456352704,1.4847189595582768,1.4617664131740906,1.4670545265338306,1.5249838503809092,-5.7503750073584,-2.3296825445422087,-5.69280767082526,1.074689343018406,-1.1739737281819487,-1.4660150167343886,-2.8574423183389968,-2.8105712770857565,-3.0882733495975856,-4.23203056588676,-3.8797378633495043,2.41393712795238,3.996806255526451,2.045770325252221,9.64100009165864,5.811997375784013,6.410376100644818,5.735038978086794,5.012421704356903,5.172142904016825,7.684257070472178,7.387866411554835,7.253440311566158,8.232695731543405,6.990202442960776,6.89514027114196,6.476752352427606,5.587621202428004,5.941015282852983,6.678167587810319,0
0.3349322383640924,0.32343054809491045,0.3364392378083315,0.31892879888326425,0.3234120888012319,0.3084059633667678,0.32164392356779486,0.32696330209266505,0.3251313165738128,0.22184966745483004,0.32094222713950327,0.3105204437329115,0.32104144014860275,0.3294287350910545,0.31625443911424855,1.3958500519833357,1.4425649912791905,1.4716513580385981,1.482090223678459,1.5174192271676632,1.4991452545089639,1.479894065264684,1.4360713655502966,1.4950929455354174,1.5019491476344247,1.4545745383368618,1.512883646906862,1.4877316988632223,1.4628515345018238,1.5390921460106382,-1.9500152295282192,-3.0382972294192996,-1.1145091010338888,2.2670562939867693,2.903870137334735,1.4718324037318666,1.7307778369391826,3.3292155241420858,3.544057459890297,1.8565414779936873,3.5475487083134283,2.6795028884515943,1.950050870239238,1.737126004489994,2.893383389372161,7.283425094668116,5.806851733296553,6.2640526202815145,6.29989996909448,5.020559414661083,5.832668474270329,5.63827912331975,5.789875654550116,5.758654658377909,5.7479301903664055,5.199278499362899,6.260204369759365,6.454832628516543,6.118127697806358,6.627459221944275,0
0.31481626686623154,0.31059198496283064,0.3128723040837971,0.3088938908578044,0.31333763666387726,0.30010906633949963,0.32313884277364957,0.32029531761728947,0.3268128225569682,0.32290710913294723,0.32975957379744314,0.312811424419819,0.3189557451731803,0.31083024068394727,0.3155191052649231,1.4901925721127243,1.500561133696627,1.5123165079820557,1.4910249964185545,1.4876415642268088,1.5093071120461614,1.5017314944314575,1.5116857315229486,1.5091183163627377,1.509002032528521,1.4623112792471553,1.5102567285020922,1.475151662924758,1.476972623062712,1.5860718249948542,2.2862711107032965,2.5970319750205135,2.097310873115134,2.5923069124770564,3.100982835529777,3.9370158425526256,4.14329149356206,6.838396396602235,5.622278813258134,5.209314822927183,3.646830446304449,3.3964766421445063,3.564771927290707,4.276957959190213,1.5825114181834863,6.052621650396153,5.953135274318321,6.058559236977845,5.784562958659319,5.714434251402811,6.117687819579133,6.446234370735973,6.068531991906087,6.214559100528108,6.520524226510653,5.868599413283897,5.874037592164559,6.154606620840576,5.975587112453656,5.113523569600139,0
0.3530723285870353,0.32065173877241193,0.3556794513318676,0.34497384610116427,0.3424147448239299,0.31882198552993,0.33084334092122414,0.33413219497271546,0.3338742158910916,0.3292724815204009,0.3187707967763991,0.3224709999823605,0.3209889508813405,0.3345985990981054,0.27582327251533223,1.466666599684436,1.4569313072152632,1.4698808915726735,1.4635050732834285,1.4736620125314308,1.4718081383523856,1.421027695681522,1.4486836234070852,1.4390734617830543,1.4006114548539197,1.4705847748858383,1.4672435564427235,1.4274314332298272,1.4372911184992374,1.4042090001756242,-5.137636642055014,-10.542436630066675,-11.187887830867254,-9.922213601417752,-7.652372099546227,-8.658058314027954,-5.949840511645419,-6.467102736651071,-6.48260144903071,-11.15653723868843,-11.801899591422426,-13.493463668169198,-14.43782821899299,-13.90277576461827,-10.850490499011272,5.062357046853403,6.086715018156306,4.985988316135075,5.039236508048126,4.422005593204447,3.919914411929327,4.3477039339339925,3.9226225059845787,3.6986695806878576,4.9841287484394945,5.385924931949278,4.6079500001446085,4.495453645484292,4.479507189162814,1.754467784982728,0
0.31442369780987944,0.3243381437242655,0.31871653198860606,0.30974611641908156,0.31813685722142704,0.3026832387023032,0.29169930473523276,0.30104463894099,0.32446766826153284,0.3169708241986946,0.3030589223647834,0.3030716153384986,0.3097516096576347,0.3162292024274792,0.3109046394474191,1.458617257758752,1.473126786071994,1.4745060083070705,1.455758837882768,1.4865665654164282,1.471134255792667,1.507747102058382,1.4748697229820147,1.4759219379267658,1.483295272073859,1.5055479938472203,1.5349004799883232,1.4897803121789879,1.5076581009478391,1.5158598736114852,2.7814721672782525,2.249130431182749,0.6943992589663708,1.9072142120711533,3.1973977547952757,1.9786512426313152,1.1409358771621214,1.684910660685233,1.6207883357074309,2.540002109898893,4.143237227619409,5.498742909786586,4.068144452585017,5.1216947466069485,5.460654203257008,6.425275817048475,5.527130267226327,5.783951437981126,5.882696848110689,5.96814058461593,5.848251221472389,6.072754206848116,5.772880242001523,5.848056332769158,6.066773520526069,6.388764635803499,6.60553997611213,5.729515706660314,5.747585741447139,6.267144405641527,0
0.3175457112524922,0.324135565804751,0.3233214400293425,0.29752394418081207,0.31776793436501916,0.31746985943185296,0.3045974446498066,0.31410376318683264,0.32179515662928404,0.31554526555225293,0.31903366728994914,0.3200586341442805,0.31770889209632314,0.3151496360779144,0.31067691374986994,1.5290666588730666,1.5048354711134062,1.4979944844308475,1.5019586672125333,1.512277036636303,1.5127420285601414,1.533300704593134,1.5151969940999668,1.5225674383982144,1.550796063985383,1.54857183812206,1.5403723428006535,1.5217633274090379,1.483868454237502,1.4978079367769506,5.847350973780834,6.0304113171980305,7.418987347941055,6.105020951054001,5.908254748104127,6.781894428443479,8.200329671385674,6.971688444852191,7.278839696919448,7.110406152604526,7.750733864764044,7.197632804986597,7.911850653112737,7.099108150649187,7.67350782972315,6.356720043594622,5.884084841456506,5.8819780916725835,5.8968906238542935,6.163786888634077,6.530592547516286,6.243579566846261,6.185253551143026,6.609598836373294,6.534225464750225,6.571232714086767,6.590936970451675,6.393913872215835,5.899284876361504,5.385717687069674,0
0.3109512599763731,0.3095429238406855,0.29608971091573205,0.3162870737575664,0.32934830655944314,0.32150270079449084,0.32453749628166045,0.2297976769088107,0.3421993347181382,0.326264236404226,0.3225896397466707,0.343985044988785,0.3063407823659384,0.3218151174306696,0.31608980974011386,1.5189933992754499,1.539153323052086,1.5577518716509438,1.550360277876124,1.5394257827005908,1.5433303914854575,1.5197796446480982,1.514064536450842,1.6815685068382207,1.7938394447532673,1.8083251548665762,1.5833743632548598,1.517603644347805,1.5501485310027563,1.5423120208414425,7.954205312936011,7.614581891622436,7.154071435211904,9.232168737172259,9.006567458969613,8.910164368445635,8.203273604533962,6.925243088512218,1.7783949389944667,5.387991145832359,6.029238574051021,5.777239125194683,9.90433486251979,9.789297917163736,9.006996555077308,6.394757305504663,5.990252269200819,6.208381800763932,6.730154383184183,6.6395741398569,6.212443505588751,5.699066387005658,6.1152018957316665,10.983955821967356,11.55830487232597,12.41852120590959,6.755403718095754,5.930665046385855,5.922455719275612,5.984507880301986,0
0.3016966089127723,0.30620126088312155,0.3128606499980211,0.3076518934101583,0.31627925016161273,0.3455436125600159,0.30143737743586696,0.31102624130773737,0.31114412165307476,0.31311241257494216,0.30185299988120756,0.31463505565274297,0.3539682860196609,0.34195560846324535,0.34809909372313186,1.5473991588935172,1.5215052040407202,1.5560011726972178,1.5630337050808603,1.4467175923039928,1.422079629427311,1.5475024487721414,1.5795226785124417,1.579228909042665,1.5415063325809715,1.5420200379507982,1.4372052359672862,1.5127052787628976,1.3909604132093576,1.3893434384907273,10.177263402742966,10.769633554703915,11.370989134529083,11.677167535510478,2.766988143671597,-1.8815096045368023,10.848248456890389,8.899774339404132,8.466408970157971,7.872940099634093,7.213532149389266,-5.391618368644544,-4.213392066972148,-6.223243121461763,-3.8375719402949926,6.036009174605095,5.753556798803758,6.3879085355548755,6.217541300796694,5.627105453062048,3.1385006710817436,6.190509209520914,6.611696206099571,6.7835658321859755,6.002480377581991,6.152529456403619,6.516456149595908,8.65342753221877,5.987197307305016,5.601616730592584,0
0.319550700955886,0.3376853334307744,0.34199483464848446,0.30969742431949265,0.3140282178918071,0.3030599477855488,0.33684684871175413,0.3184182498947399,0.3057862050985214,0.31485775651222364,0.28630738728889993,0.3021493227897023,0.3177211787381673,0.3101879499991742,0.31091716727602237,1.4229335163456094,1.4294184630154758,1.434034917532096,1.444925622339377,1.4599485792757565,1.5101932994228817,1.6017382267217977,1.576444584854294,1.5271030261489058,1.5604833178753261,1.5511370852503403,1.5703545279785913,1.522627908248814,1.5500448589423421,1.5432989203480978,-3.746190102911214,-2.6383463312750166,-2.8311956642450298,-2.663641382615623,-0.887466367617094,0.7963722411538754,1.2737394061156238,3.8982351691516612,2.4565349025700414,3.3043050779529324,3.274414415725687,2.543448374375913,2.5772482095564158,2.164929118147029,2.3444652956385994,5.8970247392837924,5.900987646905904,5.581863588942892,6.474883303913578,6.7561946968771736,7.560706969109507,11.625649413456836,8.028761731110265,7.6177346508602986,7.461373366797743,6.858790894578,7.128543992300298,7.272102333999831,7.151187055547166,7.007748017368763,0
0.3109720476788336,0.1209141632630363,0.3203893796276626,0.32081687658557184,0.3140030307968441,0.33155412542136364,0.31655897806690714,0.3179099127766069,0.3417632202560247,0.3208939979016227,0.34470541701368995,0.33742145462257933,0.10505570760477408,0.2835349215411031,0.28193272211562004,1.543955721802643,1.4782878558462633,1.3712816926721891,1.4232582670115321,1.4067479410373926,1.4327080157537353,1.4282321024564222,1.4578252140844394,1.4250649740134944,1.5383319757594738,1.4680080032443672,1.4519887209922313,1.4407140081781828,1.4019201657747213,1.3919350396216001,3.4806491764306315,-3.7363333455028283,-6.265288228160472,-2.424324955959321,-2.640600250165761,-1.9100883293415336,-3.1510693174305686,-1.9715780476411453,-1.6780783083944186,-3.16908849071919,-2.2980766753057935,-4.338604276384672,-2.8810562535761335,-1.7643494351958395,-3.2424761931895887,7.077496949591182,6.380871612534801,1.9817273574565573,3.9674722634215334,3.067198566409609,4.719614656673574,4.194753462903341,4.734245461796728,4.257620993469243,10.39071941095543,6.6354392451167294,6.484818476529849,5.868597333897773,2.8232632590448756,2.5369154025465415,0
0.30732353554572545,0.32619663111542224,0.33604942951623284,0.23797291118177655,0.33029551489076503,0.26817833058951107,0.3296637860427103,0.16082542731371985,0.35171029616584404,0.3463103007199184,0.3298633703709478,0.3108049207665061,0.2777824631092004,0.33486541503165074,0.3590343544515996,1.439908234482999,1.4375792528075821,1.445572597122983,1.457985214161718,1.4214171791871157,1.3673178122648153,1.3968992213409355,1.4217581296305497,1.3942721303368537,1.4772968363561294,1.4871727137904445,1.4660086886106176,1.368231306487764,1.3902962078570051,1.5621629271859998,-5.157734672118494,-4.180807433464793,-3.7530990460000737,-7.751946748009516,-4.403240719662733,-5.013668588899208,-5.718881881255953,-6.749415105229474,-4.125378373009937,-2.971273248901497,-7.20430090884966,-5.148571771421274,-8.041714988028502,-6.2219752003947235,-4.383283052859241,5.910595058043198,6.235691635956324,5.907805257786397,4.993407885339218,5.479953059570648,1.8298677776353258,4.248402334874202,3.3578348977028893,3.9113359274331727,8.654594811131723,7.00290186039695,6.292094675629197,3.1837002230288824,3.287262382310917,11.814116541404974,0
0.2986965487714809,0.2949946790845247,0.3115338173229951,0.2847554398004497,0.30280527296170057,0.3148219333260516,0.3115801466224848,0.3205538880277009,0.32406205247221226,0.3152059646003445,0.3004632224060392,0.3099104842035529,0.29053526346969705,0.29469585701484674,0.30502758473609215,1.5292067196905663,1.4806678555099917,1.4825778542826762,1.47971076503269,1.5125762855933131,1.4890981056303876,1.5082953866689586,1.5160094811232956,1.509910236501684,1.5210140894970108,1.502158307836174,1.5178476382722592,1.5075325643212476,1.4884857517917818,1.5038226644605088,-3.314079571367415,-3.4999733594158045,-3.3666269015544685,-4.394610437856727,-4.65140195580355,-5.125553697885209,-2.5380878737819046,-1.9529458590666593,-1.9630720379607283,-1.1314355943844703,-2.307043068774618,-1.9758680183796002,0.5284400171151162,1.6209126258575282,1.0725706718924357,9.449852868747351,7.810148251348209,7.970116942314891,7.810055277852997,8.326793825213054,9.220858742198493,8.944020470659803,9.0348079218154,8.964347541708795,9.231300682047856,8.308480477190727,8.49145386293964,8.024805151268444,7.473010642930158,7.431000937464672,0
0.3104725440756615,0.29745120381316176,0.3101503460241588,0.3276143930581834,0.3280342124103274,0.33225439036372184,0.33023164355881884,0.3172588576115246,0.32338058265116587,0.3136317959312784,0.3162832897888445,0.3102317992290331,0.322107922669419,0.3325721049158975,0.32488605932319503,1.4906089134124374,1.5001335367600683,1.5055589187935543,1.47048172143961,1.455056685589949,1.4435609869792543,1.465923302235075,1.4439686662619258,1.454416219686068,1.4662927956679557,1.4609305175216771,1.4652106279741175,1.4644250366230473,1.4481026717700982,1.4756312920455392,-0.5304277729408398,-1.174166320401497,-1.0717921871110718,-7.56302978551571,-6.030873708866039,-5.843072897988094,-6.915005266625656,-4.564988629665322,0.15888169900713933,-0.3271685612588726,-0.786971251754295,0.41587700705693464,0.0175004980533231,-1.2345153104713518,-0.9156080347817976,7.144471490360083,7.178611666872788,7.158838198313744,6.069143552644999,5.324359778865914,5.632644027528667,5.998625790907651,5.728689773168491,5.83193368125069,5.390745535689352,5.617081685579911,6.176759478205975,6.216363346151142,5.981334568214303,6.191894792597505,0
0.31229712189790515,0.32490866636805127,0.3235042480721442,0.29871956193271815,0.3163383031982411,0.2984754269972694,0.29485869166694206,0.3127322757006732,0.2982921334894555,0.3461715113295134,0.3534559141918774,0.07148044589154705,0.33423543876171014,0.31338765319192674,0.3226108603759337,1.4759219519444429,1.4847074106152411,1.473996328007034,1.4826442687812158,1.4765430819741145,1.4772762711395062,1.4784288456765564,1.4623996724529096,1.4688396494739395,1.4535524492186955,1.4536958580731114,1.4340691001273522,1.565012076295133,1.5279919394871202,1.4164332654732985,0.5997627327036525,0.5293691470536999,0.7126761302229738,0.4225248502812633,-0.8340805121582662,0.7231251054222696,0.38360404157998573,-1.1974352401344674,-0.2096424366744145,-3.888925367752506,-3.6685714790286,-1.8868118360431083,-0.8607488554982581,-0.5839041865908143,-0.31363082047661806,6.155863313962341,6.202393981995806,6.108893894173638,6.086744845379282,6.20618735021031,6.278376283779503,6.200123237604365,5.385665280965376,5.999479938591033,8.137579419777124,6.565119266462822,7.612316236042289,10.569489971389514,9.681140069940337,6.444948474917965,0
0.31878171196154054,0.3230755364051394,0.32431013633965244,0.3318030104263501,0.3036816665114985,0.22585483959221167,0.3388159648271905,0.3180835064557036,0.3378184917867008,0.31662435065569444,0.33023771148383996,0.32990903404293215,0.3260060898317506,0.32253891351664454,0.32398309365006717,1.473057950970078,1.4316875703400318,1.451233710590738,1.4194222980817939,1.468258949997193,1.4533595878616663,1.446106184626377,1.463992068205876,1.4446940456939588,1.4483092640593391,1.43372861232377,1.4791408170804543,1.4490213062077346,1.4398971002591578,1.4704226144816155,-9.203622236163568,-10.044860104269304,-9.689318323151696,-9.881842861105469,-7.892234740045666,-10.564628237976223,-8.894256548088663,-7.818440786626013,-8.41865200332424,-6.329789454907569,-8.65463420742796,-6.577484719311883,-9.199137279105798,-8.289222667015991,-7.62565594458701,4.891989722018669,3.856330316701138,3.3390736943248016,3.484457047300409,4.18599030986485,3.3778478568796344,3.6521450047025557,4.289243763293461,3.7143871881412895,4.501336746176626,3.3895940434401433,4.6130197585187664,3.281034910092569,3.5617085111838382,3.941791398027067,0
0.3013573394117535,0.31967773717458725,0.30364610389005664,0.2805632812156663,0.2995246540391624,0.3096726082080583,0.27074362981048705,0.28595022675442305,0.30915617198153555,0.299069132882662,0.31494705238628906,0.31487672607651196,0.23392894138780101,0.28158273021329294,0.29462116681659195,1.4513505835336233,1.425588712654122,1.4367196076656246,1.4431348729873636,1.4358136539518764,1.4481511306711947,1.4563355276166157,1.4122290374441353,1.3959353282577927,1.3991216764148446,1.3713339570076701,1.3501700259537974,1.2573847193358978,1.4362471749202255,1.4085368577439132,0.5367372057807529,-0.07799194485116345,0.3622550347186859,-0.46510178319371676,0.3174025566745513,0.8304667413136428,0.6913588457286153,1.4060484272283134,2.6132716713155446,2.8977493934011704,2.630985594478659,0.5655018036214017,-4.648933068378199,-59.955667011669945,-3.7354226095594063,6.1582690379252,5.795435932083273,5.800060681977826,5.929283087816391,5.607174313958347,5.784357673842498,6.086897451831178,3.785033306806394,3.034006565822892,3.1950152755220964,2.0353242350078324,1.9551096743557623,-12.588658149235956,-16.246341310195767,1.880783412679855,0
0.3251086812718146,0.33005024267593364,0.32573479383762294,0.32317026586054676,0.337903889253494,0.3312319213028957,0.3267010074555748,0.33341262148973505,0.32226736214469054,0.3278741426536479,0.33133550409196916,0.3520085559178706,0.33414807904975824,0.3168844797920972,0.3492226207037076,1.433975983732676,1.4514359892559687,1.465315400635171,1.473306834742811,1.4720103186001978,1.4431463474575004,1.4752999365845503,1.457417178689124,1.465360104605631,1.4733605555848976,1.4524856032638114,1.4223842449840127,1.4607887092426008,1.3813715705336191,1.3929479350905671,-7.8035029820499915,-7.350923160185943,-7.411474671283429,-6.39488512774858,-6.830159768670654,-7.509136459216364,-7.074103123094943,-6.083117191718799,-6.64389660356818,-6.805845299034132,-8.306435835148534,-10.230594536552758,-7.265505222952044,-8.817742385726376,-3.2925551621565035,3.151261750403544,3.9674178359243397,4.111386124579719,4.044019224383994,3.964745186466706,3.717950383726907,4.101718799882139,5.006513373160939,4.361514640859055,4.84104660728499,3.6252447063802435,3.9080427755938043,3.9615122725053107,1.4326611660303017,3.368788932713269,0
0.30883590645603437,0.2705137979713085,0.26654528650324605,0.2669722458607245,0.2505244305346066,0.2534779763911309,0.24544392462316245,0.23407902536226516,0.18287768230999404,0.2225891247158135,0.21009245058457798,0.23325338265010975,0.21491158605224736,0.2320577655469123,0.22776992073706154,1.3825954877889002,1.3853319246889682,1.4045927770243294,1.3813081195431323,1.3732026695344066,1.3642667298318853,1.3850888200597953,1.3752990051239433,1.3584515468937148,1.3626036356655657,1.3652657015300977,1.383045982824395,1.407621925160636,1.3714336246921528,1.3998622149397122,-11.411853470281471,-14.6466208640162,-14.806783687325492,-14.508293379193361,-14.294989204781217,-13.787085758807535,-19.268550656041782,-19.222815114977323,-21.39254377580849,-19.2531354226347,-19.905005959704397,-19.414749136718,-17.338135168213,-19.714720739825196,-19.000713261648258,1.8789061145702792,1.8585752162771842,2.3434667666112614,2.1398107747106168,1.942781725078713,0.2824009812025283,1.2862183439584367,0.9855649690563716,0.687411000153019,0.6918795255012088,0.7278316203276957,0.7419694174343153,1.7910677862964726,1.5569651213224311,0.7827352262305463,1
0.2557703937649727,0.24286964498647068,0.2555791482984725,0.25865304297727454,0.24261335391110117,0.24621519857562138,0.2657832155850509,0.2349696312588327,0.26288227769239103,0.23796371784736933,0.24573368934755072,0.2489775019203458,0.22662969573269254,0.24752459574484925,0.28257094350782563,1.3490444742360226,1.3737850458157261,1.3504888280545098,1.3345333132466923,1.363499416755149,1.3547694165727002,1.3781077795730095,1.364102519680599,1.3700507471353551,1.3707684734391614,1.362334467835209,1.3866454565421622,1.3356308286175034,1.3589476541774286,1.3066065178926056,-20.837785091550984,-18.37056307206879,-18.7497246659253,-19.265880329246812,-19.66386538817241,-21.561125146511046,-21.06798446103693,-21.958959639917197,-21.267223717703274,-22.30200165624447,-22.06126866070906,-23.03731025491595,-22.288646021540416,-21.43514021774527,-17.467979822505555,-0.6336641518506456,-1.3234023372491375,-1.7583523046775278,-1.9932359379328888,-0.6892102790153674,-1.5694026791052997,-2.2815471683579953,-1.9613054952117073,-1.64611557253425,-1.2173848379307741,-1.859418548971845,-2.4202048038079598,-1.830593989634911,-2.626638695475125,-3.6869040617966635,1
0.2134869681621605,0.22515540733197015,0.22158632480776916,0.2409460421710688,0.19797707187915986,0.21742498838561775,0.2402836672343993,0.2309697854608951,0.22245041150105077,0.2357326535470249,0.23800225637968025,0.22687222729359122,0.22774249008213088,0.23034865798051038,0.22693433960434128,1.3450866671026267,1.3316408123907209,1.3225128149418248,1.3492126392347814,1.3469858601051918,1.3454163639892285,1.3412137115537262,1.3440146968866555,1.3366705953512268,1.313779522707847,1.3301003910019797,1.3390576353861137,1.3568067540958182,1.3261882572489656,1.3355295274444372,-13.747922689608089,-13.532989683055291,-15.489174013047432,-14.923186426819598,-16.452778667455448,-15.032689446101244,-16.66549255826851,-18.069618718582745,-16.59377866828973,-17.555269542956893,-18.07302093127376,-18.49858374425986,-19.562010587629487,-20.12045023066929,-21.737147146176056,-1.2519867596118173,-2.107404995469403,-1.553397693575252,-1.7120825684260954,-2.113287632698371,-2.6749823321273434,-2.31366516958623,-2.8733621963125335,-2.8440660894075314,-4.602749662945136,-5.001060243513804,-2.7340054080659626,-3.849246698530797,-3.55929605075912,-3.426944870528516,1
0.2227588075049845,0.22084426950520908,0.21507518951806026,0.20744977860386432,0.21800319004247792,0.1789205221240135,0.19642337732992657,0.2338339810753799,0.22356874456653655,0.23829612550064502,0.23654640335566152,0.23977863031805868,0.24004834472011782,0.23353743332303406,0.2244366866224375,1.3393659881744453,1.3394337505507865,1.3121579716663676,1.3164935866061642,1.3640136995706533,1.3163171230742405,1.3375663476679343,1.2937249734996,1.320507005639561,1.2956282179475374,1.3373609302709648,1.3316871474763836,1.3004257278206721,1.327312595619528,1.3898414998003277,-21.532283509089524,-22.38561565157991,-22.0679834648912,-22.971660997529,-22.4792834775063,-23.844056566900036,-22.551240665768518,-19.985860118393475,-18.066748254862034,-17.990382851218413,-19.622479777544385,-20.21491011246937,-20.143378467038247,-19.431524519555495,-20.64211965844376,-2.4377355307993374,-2.2478015625694443,-3.58202213194338,-3.698378276646568,-3.6124902112523185,-2.94865812599471,-3.3431839588329497,-3.854346235255642,-3.934182894476624,-3.918433555976652,-3.8897026910038597,-4.34745932946747,-4.061525761505563,-3.906088759615929,-3.4043273260037643,1
0.2205753282343823,0.2177774015836818,0.2062676241276091,0.23264698641534665,0.22937201785963277,0.228644211431502,0.2208352142560941,0.186425447550252,0.21589416717747367,0.2363883055628244,0.23406808356636086,0.21539527948649118,0.19017429929671525,0.17918812266538642,0.19901866713353428,1.3209080553182933,1.3250531015399512,1.33213078665518,1.3166906130302387,1.3257681997552253,1.3126857534749605,1.3390783285556667,1.3016325956151367,1.3178025646192197,1.3591622375090684,1.3306742512643082,1.3250335064510448,1.3209080553182933,1.3128014059706457,1.3306135236090235,-23.809370034229858,-23.333543754757386,-22.6937490719136,-22.928084908551455,-22.148478611846173,-23.435316658669052,-23.1604769074863,-24.49699014700559,-23.17616441372411,-23.471333097066235,-22.43470359205972,-22.564321825452254,-24.61829487886854,-23.953603226974252,-24.534609915799052,-2.599483670183806,-3.6708488604612737,-3.008675055336765,-2.575954561718314,-2.5758651214862716,-2.6700039045845547,-2.815460397809476,-2.9800182908534554,-3.0355154899342804,-3.125917120209718,-2.546716524467706,-3.627983907962668,-3.7857581287633195,-3.831131203094011,-3.541229423720062,1
0.2050467951865329,0.22413311250608575,0.2016042426252999,0.20546301644812315,0.17995414054719827,0.22680310279956883,0.1426978871639919,0.23444141228506696,0.24415573183911926,0.2302245670688468,0.24462981766649428,0.24440487764593188,0.22592120726045314,0.22546909485545621,0.20886954318837642,1.3226862468435814,1.2997878561860026,1.3018333548036858,1.3372241281808748,1.314505275875974,1.3480557907510624,1.3301050052255947,1.312170644224271,1.3517683162161003,1.338000595265483,1.3156591677395304,1.3213376652905309,1.3278283459052918,1.3088702567966142,1.2765626636735923,-23.885088762320976,-23.963027309205444,-23.399496381331176,-24.15578429069683,-23.750677372790875,-20.920621299282374,-18.716442139389613,-14.323076062985109,-15.463238807807613,-10.513148993824956,-11.736528719084362,-13.444803641342645,-14.964230877521942,-14.642789235533087,-16.644514027115946,-3.2501918669529637,-4.0561826450964595,-3.826333243067891,-3.7701258778524958,-3.8043793623570537,-2.9745060506843153,-4.416249590535241,-4.508494526882885,-4.598671510426991,-4.126311141669931,-4.799951861596187,-4.854390436733039,-4.458494633378348,-4.280193473076938,-4.735221412757442,1
0.23818187384931785,0.23682185818137372,0.23315459956611756,0.22668999009988822,0.22028946604503213,0.1746065252436194,0.23247352363719093,0.22940169118111908,0.22010314828220923,0.182389402574959,0.22702918157291646,0.22622988504253164,0.18986465260461313,0.2214999357041315,0.19890072830503158,1.4074682086870944,1.3942696632809284,1.4022832721841716,1.3870698538650486,1.3766827375059352,1.4029071686172614,1.3481275263872516,1.4011298379393278,1.3901581883667709,1.3793073730879017,1.3798608488346618,1.3626345869002998,1.3595096760956726,1.365643407907474,1.4018584726015495,-18.06818006565817,-19.203894731671653,-16.981922429486275,-19.2083593770123,-19.98225774224474,-18.066217425595738,-19.11653129310352,-18.739799577674944,-18.981129411852237,-21.33223872205744,-20.223896921836,-18.715786887314493,-26.71516975931209,-24.87718444341587,-25.396243822952158,0.36437882589039644,0.4554643302744271,2.0975735937080633,1.9974284652608079,1.5841355967844872,0.9045594179627318,0.8049487582254005,0.6646801610706681,1.0976123759230787,0.7098962833948633,0.40318808452104904,1.039183098096797,0.03722644719752134,-0.5254802796104813,0.13795892165667065,1
0.23610944319074229,0.21642620068269403,0.2266654607262175,0.2025110267744506,0.19046407669486276,0.20389960731006485,0.19765923580613026,0.22603411517820915,0.2234605771447474,0.2295960363535625,0.2176842324101656,0.22201170877425472,0.22828677900326805,0.23842584112259818,0.2061173581597327,1.2941880645263777,1.3126202247536707,1.3106715907530002,1.3122018919954015,1.3304291711442284,1.2932505941307526,1.2648778045735627,1.253993091693549,1.2419309532544036,1.2625584335899205,1.2672112990579576,1.2562616258278887,1.2193418484387875,1.2660778258519718,1.3762017884927051,-13.44383595169478,-15.510505216087523,-14.734982335542213,-15.062983584640534,-16.53741566816521,-15.88817687638769,-16.442509082729146,-18.23783580837201,-17.24497455438774,-16.898208526587155,-16.401739230525095,-17.559820095915796,-17.08773575660544,-16.99009040430701,-18.744748974442302,-5.0627950633482826,-4.0978326732481865,-4.6539158185035525,-4.413750841633979,-4.697948112163746,-3.725865100532825,-7.9359963832304246,-7.738313829762797,-7.976688073019252,-7.21676871037544,-6.739013126331166,-7.433650688744292,-7.232626591492985,-6.432679205340536,-2.7951499482364133,1
0.20178116349454767,0.2235148743405943,0.20166313525727175,0.2126368009489682,0.21981398843865474,0.23047889728695242,0.21981398843865474,0.20986860253477588,0.1777666641926522,0.15606572833423205,0.18886141259124936,0.16435008886805275,0.1910937351993257,0.21152307763705963,0.21597204243358537,1.3105763795171699,1.3346788072883373,1.3415783289336543,1.3461100455572081,1.3315875779465416,1.3142538189150552,1.328471525683948,1.3231347100882747,1.3643022338110726,1.3447140993632107,1.4301050920934861,1.3572454342299043,1.3390414739751326,1.3387393184863818,1.36609180609427,-17.549548804375377,-19.990195086672742,-21.9500941604025,-20.568597697282456,-21.667083544089024,-20.645137003984473,-22.02413762854144,-21.970701106536268,-25.275921325839022,-16.43372091264945,-16.01145130511702,-18.074174703209394,-18.473962979877115,-18.52001623684177,-18.40793429290025,-4.8120359996340705,-3.757738559309927,-4.3405095686036885,-3.675025847876361,-4.108307070095563,-4.159645122978702,-3.426881205713042,-3.5265241688273017,-3.781344995010856,-2.380573493048153,-1.7320534149804219,-2.342859631902007,-1.6651620464453532,-1.5826248322736471,-1.8644973865989993,1
0.22380786201820146,0.10875875449189015,0.20263645016469245,0.2033974631539449,0.20663321241888072,0.21594773571235465,0.1366318365951379,0.2524407611688634,0.2373827757116165,0.22734140938665418,0.23841716923450126,0.25678241976149624,0.22514467745745714,0.22979709402922352,0.24063761673389888,1.3784904704480743,1.3629816394453795,1.4053136884108888,1.372729654747135,1.4002659461129998,1.3625994785658615,1.3639067941806158,1.369283207832595,1.3763667068417649,1.337963189609139,1.3659316556796315,1.376303646680378,1.3937848582654444,1.3620373670040682,1.3519851393830689,-15.54277480221458,-18.381651063960902,-17.979406100399046,-18.408692430141173,-18.299819458957188,-17.44437245048465,-19.88436258677055,-19.91064312268719,-18.222482515437264,-18.19214291751362,-19.576814351952407,-19.147203229988435,-19.85600231247173,-19.932952839197526,-19.147203229988435,-1.8901904693636313,-0.9555825842518986,-0.9171455634084018,-1.438201388768462,-0.8127227472570333,-1.7491594628619993,0.7991828853984925,2.348102049068229,1.981956024448828,1.3012267098229862,1.8208206535162659,1.9145427941801925,2.100702477844508,2.3193803679752985,1.9145427941801925,1
0.24644255967370254,0.24005940792516728,0.23105590077891905,0.22528143340461007,0.22011085501712774,0.23254761598200552,0.2232864835869375,0.24251228752616888,0.21432051107272193,0.21837909858287777,0.23784773213793314,0.23213527141437346,0.2960180261872117,0.2834120136255593,0.2627724414867544,1.3289864961746578,1.3853883782974195,1.335088781980013,1.3375798766985785,1.3716189043905611,1.3443522300720718,1.4053530368695317,1.3404061035665673,1.3293002329351609,1.340569057025902,1.30668748307307,1.3335208733332697,1.3520284526848396,1.3786175996150973,1.3456196306146238,-20.572410610625752,-20.888726877719392,-21.110878737327653,-23.148990890140198,-23.45771247387205,-22.538041775560117,-22.850196759953832,-22.26877255281704,-25.12237346939898,-24.34942475756918,-22.988603568320627,-23.02598868277161,-20.68039981787993,-19.09869141204092,-21.20821419196659,1.816448512026591,1.9823742406460274,1.0559318320475697,0.7036659351691091,1.307891299506529,1.3285105123547498,1.3774847661861187,-0.17321186161522426,0.06569082671447457,0.129911780664802,0.8976318849987126,0.23551898029708376,-0.30739596346056786,-0.4955913031327477,0.47661494344901817,1
0.20937930679167993,0.22793429882846428,0.22187308550912183,0.22447579686292884,0.2059289552896727,0.22613344991469747,0.20211903976821785,0.21879789956760493,0.22793429882846428,0.20690164270684996,0.2196664054462004,0.16842982040399074,0.19562872910608525,0.16639794055790902,0.18986318663856416,1.3065476919175893,1.3311797852278382,1.3279718148617425,1.3115689778569661,1.3363225638233183,1.3354214107541527,1.325495323031769,1.3478962258770797,1.3492196844073272,1.3554888453478193,1.3649486594582065,1.3505528529457598,1.367683588725582,1.380669677976765,1.3349187381299292,-20.007859641159826,-20.115009572950413,-21.60089167375361,-20.735302012705915,-21.4540737232646,-21.745306225480817,-21.144724870633752,-22.586877860395077,-22.055486672181303,-21.128994272057355,-21.413502633623267,-19.955817749341065,-20.19983653043738,-21.11977083675066,-19.31169316053007,-0.4375167600062142,-0.22867779797347398,-0.10101735971431632,-0.1895878209037808,-0.5712935564582982,0.6458232424322871,0.3116466437444493,-0.4507924689258217,0.04190559852856117,-0.38621941225461803,0.18031697945009822,0.41988394840916815,0.34437039372497036,1.0572216032871915,0.33129997011665896,1
0.09524202461733011,0.2652616221305365,0.25885000623477294,0.21990903863728054,0.23174485670535716,0.23787856896215828,0.24844781643314168,0.22454934052317604,0.24248628532991365,0.2295061442263364,0.22846000268183686,0.24725592936496588,0.23007401781215528,0.2538654061883854,0.2153104246342668,1.3320359969125137,1.3416483735865572,1.3528268774496963,1.3658531467566493,1.3539900021406908,1.3672098210672268,1.3176202254817997,1.3543532765403277,1.3603391469361037,1.3536195450204442,1.3534299372864673,1.3617282613901152,1.3353786037995115,1.348350143883539,1.3383295417703027,-22.806101124976692,-17.330155143078656,-18.51389810402793,-19.981226752132272,-19.68683704208067,-19.545714810078948,-22.048742426564132,-21.263293040722687,-21.264120994463838,-21.52254944524759,-21.023769426201113,-20.996479961859023,-20.9752566678535,-19.786631897760344,-20.595097064944127,-0.7298005583697754,0.24798770539991954,0.6150838801064193,0.5975079058939506,0.6544170937839066,0.9993341390911213,0.5610345025478555,0.6891638106173223,0.9767432927043612,0.09728761134527138,0.9785907315083606,0.6956424776682956,0.7728928434521499,1.2237633357537043,0.048865663239765475,1
0.22734081668521225,0.2522630100387856,0.2521040252211572,0.24177007551948115,0.25055265596018916,0.2557962239912686,0.2482676206856131,0.2436389761483875,0.2732585670605415,0.13981985858811125,0.24468670646835233,0.21880015480514423,0.20176543890559773,0.2127250768859773,0.22577474479698129,1.373837989598499,1.3401734161180776,1.3590527701989554,1.3483143809433462,1.3625299822126336,1.322160274808563,1.3538159244217083,1.3553457972774559,1.329085173705142,1.3204177480253656,1.3442927473856872,1.3495472068825438,1.3423590644254293,1.324791261458365,1.322380215567923,-19.72057117174208,-21.97381096895441,-22.15597215270725,-22.508586581512787,-21.367599231142464,-21.71070644499372,-21.08041002914095,-20.4313171279629,-20.95138057888684,-15.989824734592872,-14.153346429857152,-14.060089412881183,-14.770821197599759,-12.909157114375915,-14.22529946303132,0.600074536112049,0.6800757164009159,-0.3050402926514214,0.3760477872342179,-0.21566555933587836,-0.23559043643145022,0.03720955199722485,0.5327036749128266,-0.5936360602380267,-0.4415915712599916,-0.36805768778954734,-0.038818200436473896,-0.010462146839285995,0.06136760310306452,1.112232281122459,1
0.2469076250054406,0.2483354998445453,0.1949664207645648,0.14927754145828798,0.1795016851902349,0.21498311085183713,0.17797984448529236,0.18766231001492573,0.2212171450065935,0.2725353678070287,0.26583757359557436,0.11117757121130711,0.26221145466399504,0.2535579348553487,0.24339205248761603,1.335254841067512,1.3655064850291616,1.367073935397828,1.3331096200661907,1.3039065244646921,1.3364946516665663,1.3324817874765378,1.3455705331343961,1.3315433286852185,1.3037594153437628,1.3323972596071485,1.3153867165820112,1.3023968112223354,1.3438918143424392,1.3537272685714694,-12.214939403972863,-12.640207252564863,-15.399190043561589,-16.456813723762565,-14.023615525886555,-15.525522361171227,-15.051624565108966,-15.797528885080794,-16.541785210463445,-15.634260777893672,-16.090072660872977,-20.963488183340445,-18.286166025687436,-18.692713369960387,-19.25385781953031,1.2027375825558586,-0.45809641735727874,0.7908180169394996,-0.1460758955096295,0.20902732492093032,0.4244591785199923,0.269014959713327,0.3307801806546428,0.2211916931789707,-1.716836969949477,-0.4645799878183829,-0.6652686456090638,-1.4127325160117863,-0.5372697352473361,-0.36945211078164286,1
0.24553811680484672,0.25983974125445003,0.27250716623971893,0.26407549912577866,0.25516822329680167,0.2366433907413823,0.20726607596456864,0.22814008487221699,0.23415751884455568,0.17143188658095138,0.20181313507106546,0.17304178521284938,0.18632752750453252,0.20548618123874232,0.207595656000721,1.3741952518986622,1.3384741608317343,1.3447651655108044,1.3177646129971432,1.3340245611194876,1.3121063828611785,1.299526755589942,1.332686970701679,1.326618785551318,1.305952511059211,1.3543855326284056,1.3234153504912187,1.3734296997227489,1.3835930295608208,1.3318173931070707,-18.272957597281334,-19.75497594889896,-17.433717295296844,-19.789492335611953,-20.591684360742335,-19.25635882061394,-18.581354862404964,-18.623365401895626,-18.827636722722218,-20.880120256114026,-20.61216889190524,-18.501909149816157,-15.011817368361505,-14.634555479662623,-16.288427698532615,1.3890028566928008,-0.26706366090479033,-0.07557847312330307,-0.9243191362064131,-0.19489714454215412,-1.283843885413183,-0.36087710676486284,-0.371824787941223,-0.4820355034908667,-0.03149742660613898,0.06464998220512153,0.4870681755714479,0.4645004415990816,0.3794768523215197,-0.07412051910535174,1
0.1872322415044434,0.18084505137483597,0.20075890714900735,0.2064140656322474,0.21910808261258036,0.2108729629710897,0.19104166180159493,0.18659188829399387,0.17009527255807483,0.19268663526933277,0.18699251192004995,0.2067276754610467,0.19824489699615178,0.19967271787812432,0.08436457199689482,1.337571490600669,1.3254138170089893,1.3037874980834154,1.3168640308480992,1.3293181947518726,1.3414458803357794,1.3513964024849767,1.3562284750005849,1.3635378462883179,1.3354679019998548,1.33842926034583,1.345311473200229,1.3537043795106762,1.3387668181873407,1.3461251191651153,-18.77055049448458,-17.54614055655415,-18.661757393794943,-17.881015364827306,-18.61062357466156,-18.84280054136525,-24.068880843801423,-26.5002664982226,-25.379832801572434,-27.013627468880514,-25.899691402500423,-25.47792571535092,-23.337402413438497,-25.466317245958265,-25.37108296919692,-0.2116674255470694,-0.9481920757199318,-0.8640544841359423,-0.9430182463235498,-1.18467076022693,-0.1848667832612396,1.5060671579685567,0.6217715236988166,1.0647562621665676,1.1204603614976387,1.5252084375575783,0.32490867717337363,0.09692592049989569,0.73459523373783,0.027843102893303287,1
0.20064623454698483,0.21276607491489224,0.23878597587365274,0.22203044780428,0.22601291876762514,0.24857375376480928,0.1671759490076908,0.23803894430996367,0.236099698216648,0.25442975044979704,0.23753272299101738,0.24508421293040664,0.25086558547708665,0.23211441569928942,0.25429601143279223,1.361164811182454,1.3875396097378976,1.373278483069286,1.3417022247052581,1.3345195421089122,1.3615064959043142,1.3630916826953319,1.4006819371993264,1.378446595849068,1.3384402690652164,1.3912550015432514,1.391640317133332,1.3392463744341683,1.3679287408645682,1.3653944214715632,-22.712972473799567,-20.562424433759077,-21.32111057936976,-20.736156289810282,-20.000326711697,-21.433988323925547,-14.586015680831395,-17.248969254049314,-17.33257537365887,-19.769107888967284,-20.056488100474297,-21.12716661586242,-22.43792255672318,-20.946966038743568,-20.62968822755579,-0.46644983664930156,0.4889344933392437,-0.3909343065515672,-0.8329795232580066,-0.834912223768043,-0.5825902558090109,-0.829301187063643,0.38450944191779196,-0.9717987504076891,-0.43646081193847075,0.4636621871742872,-0.20352269401976233,0.04108931059253468,-0.2181708147657045,-0.6332237512234221,1
0.13700672485080362,0.1982017934826499,0.19942885580732544,0.19952283292559514,0.1880843884697383,0.18289679776731074,0.20907911939383364,0.2083569315302766,0.21151369781287066,0.2157644889590294,0.20501684074871973,0.2057400390335618,0.2099081446717887,0.23569446848566986,0.19475431627951373,1.385137360198977,1.3657434433080897,1.3660793908338518,1.343939856350077,1.323658694592288,1.3177567260931324,1.3397393404243294,1.3589768136071143,1.3134823622763347,1.3112462790976465,1.343045959348544,1.3129445243045694,1.3391881725322985,1.3586630584989983,1.3256753737472033,-19.97631117975132,0.3672059617004493,-7.089705138236752,-12.062705005171267,-15.444733427844056,-15.73051277520372,-16.463681819830015,-24.372769256829343,-22.331946784204916,-21.108684054739825,-22.62347907137726,-23.37076111526477,-25.659656530609197,-24.41008458960684,-24.040947108930908,-0.03047111936947617,-0.668799557674786,0.07007257048262061,-0.5742802283651436,-1.146372641378843,-0.6277178891217297,-1.129289389162721,-0.6039020570560978,-1.0921537895725981,-1.4296323017747068,-1.0293472378879964,0.41087627671037785,-0.28597880844105916,-0.15525836363590004,0.43106366590707407,1
0.2329304046211179,0.14423603549774425,0.22920747909035946,0.24329363376533558,0.17158281479348542,0.2384589770962987,0.21316186576656507,0.24561018948085012,0.2243282899000012,0.10594589535728917,0.21575590565603342,0.21517927075654808,0.2302807731605674,0.13337605165162292,0.21661296703604926,1.3222093984870107,1.3524352822244636,1.3431774175463165,1.329859483644855,1.3378183204439635,1.3533577128928065,1.3570669089470315,1.323794386483865,1.305543270802379,1.3243735777247785,1.3454495988046133,1.3834412547915622,1.3677785258266595,1.3616571577487928,1.379781857199031,-24.05760625047597,-18.201029860655296,-21.635887172069317,-20.879384930373675,-20.816259029423406,-21.120423406228525,-20.05119054605322,-21.57111433103077,-22.980448094116554,-24.79598046051126,-23.167175622348594,-22.996282584035214,-23.69876444434422,-23.715228244519153,-23.133545131900092,0.18813524305045362,0.9730825051634785,0.262438157251173,0.03272041808313474,-0.2607164072996198,-0.26149444926728893,0.14404584744574442,0.09876748565939812,-0.1963229876624739,-0.8315654315133594,-0.40751687995735436,-0.05856116040984376,0.34156939318991697,0.3533629457575102,0.5802036793536396,1
0.22748355804014303,0.21585378834871988,0.22193396157023293,0.059411740977074814,0.23690837042773144,0.2221156034495504,0.2208129784453282,0.21919515618506474,0.23885765349973798,0.2216242209549844,0.23714199039916573,0.2188485284454023,0.17454206790911064,0.23308199341021163,0.22822238689077176,1.3748867870486545,1.3554939080016462,1.3678729786843828,1.3487022867875096,1.3545053375232132,1.3606410139239973,1.3442504728518752,1.3499484170764091,1.3135667728259646,1.3315875779465416,1.318851174768958,1.3554909825575907,1.3536569206498945,1.3667186056340492,1.3608708462916583,-24.73926972167115,-22.938449010423,-23.332886100054054,-25.033265108171378,-16.73377320911797,-14.88381429421392,-17.476574254601758,-19.203287048336563,-19.77346667824679,-18.700522991026588,-19.646976880178386,-22.820229303143805,-19.55502903360184,-20.514379524081136,-21.99591073336677,-0.24557253122060207,-0.06612942553049114,-0.09177112415401266,-1.0305741691191979,-0.7205423679568449,0.7594292820953703,0.08293535947421264,0.4640904383810015,0.9720366706646446,1.190604627863383,0.5929470402600682,0.4867473254285073,0.38874063631985584,0.7601650078721319,1.1206882086057115,1
0.19402387733221252,0.1967363821342806,0.2219520467188373,0.20969858719514367,0.20302840580550463,0.22772345872444016,0.17584660120778706,0.21548553176901455,0.13525759092127698,0.20114535009988388,0.21360396716449725,0.22552054773651298,0.21264892310553238,0.20667578185076357,0.20202191817774656,1.3300307942286773,1.3681745074352425,1.342951823934696,1.3289864961746578,1.3220667034130877,1.3503656444617054,1.3373645872191589,1.3248726003559932,1.34725733436916,1.3945572244005402,1.3241810862259982,1.303158592701667,1.3643187836787218,1.3507727136486545,1.3766161250749365,-20.219955625815828,-21.303246456724054,-20.35015687432451,-19.02191429473993,-19.62313106122798,-22.005232252951743,-27.78440339799519,-27.2778526664884,-24.921942574264193,-21.358272678499674,-25.458637112392324,-24.022557233942905,-23.822225778972893,-23.83027390665154,-24.232203090230712,0.24371210959439352,-0.3118383285627608,0.31498874719628656,0.06372125314866142,-0.3534660086772128,-0.5515141642518504,-0.22715472048233037,-0.5725210671244904,0.9569490419752766,0.6211815770140384,0.9118465709123625,0.7912185813413196,-0.16399559790095758,0.5434275835645492,0.14191347347979347,1
0.23575345851267915,0.07556774346718319,0.1954442647062994,0.24848072196970514,0.2474249854554247,0.2469559238013118,0.19405297335458682,0.19303137603261,0.22564457058009035,0.25497640162614144,0.23711652291440324,0.09149393282949245,0.1495508379381653,0.2677069747122386,0.23990189654836905,1.3319442207484784,1.2717149665668643,1.3422733514990575,1.3111536318558756,1.3383608256716912,1.3825834983228285,1.3367151858344988,1.3339465821687222,1.320820937520966,1.3133350617373936,1.3289413429016592,1.3219232336601487,1.352886576205616,1.3743219385344632,1.3815120253034747,-12.918133617186214,-20.39439871345718,-20.45796722818153,-21.806455178107512,-21.636808197401706,-20.390124761486874,-20.52552316726741,-23.29875747713257,-21.76208582657003,-20.267924872796044,-21.594097612486053,-25.526008001173977,-24.706114653992245,-22.812066551248847,-21.680611538582554,-2.247721988478604,-2.978704140500745,0.9070855181299579,-0.9266430980831144,-0.31293578719361653,-0.35937736544822785,-0.6641178035591578,0.07515366070761893,-1.6363988875655133,-0.2908331488382876,-0.7348779313417141,-2.4773637034106537,-1.653458994855768,-1.6953365022345217,-1.7037611428369235,1
0.2378888772978534,0.24999033981069851,0.23046366558289913,0.2160664771613785,0.2198549606628216,0.21992632716191202,0.2159230875730555,0.21168423048060525,0.20689725313177393,0.23083750343639742,0.21176416142868187,0.19548418842918552,0.20914715683585605,0.21879862615427847,0.22309799642554579,1.3354820391808349,1.3007375180938405,1.3282800019479475,1.3292419963665913,1.3248213646809177,1.3680893491841277,1.3705414409957797,1.3630601931631319,1.280706506240335,1.3519711055169228,1.350435717901685,1.3348272557919096,1.3276088749264556,1.31269397449161,1.3731843736623508,-25.420744905266872,-25.807791600237465,-25.902717650075516,-24.73169493186458,-25.25034478608336,-23.008707465084115,-22.678210570555137,-22.36121214456395,-23.12549564756577,-22.35193579774193,-22.53017956122423,-23.63556702522277,-24.796211615782994,-17.908499355488914,-3.7601440456049033,-0.9507397375557727,-0.719893466978467,-0.3592573423960483,-0.11564597133630218,-0.5817527450783985,0.2027479569270494,-0.17155383096270532,0.44909097943238035,-1.31588613577168,-0.05726001774106937,-0.7037432172357531,-0.7302634120219758,-0.6653392659735117,0.03144155276937084,0.9245438510256287,1
0.20544545379700746,0.2039425689381316,0.20210182909462598,0.20552548161702533,0.16909582619974256,0.22541716198037653,0.208633889920599,0.2520179749707811,0.24177650594434125,0.2585693394674707,0.26239647573540703,0.25657393163137565,0.2522504819995314,0.24150214827569333,0.22047143044777323,1.3715794931488543,1.3870004105159355,1.335823775334535,1.3596554825338147,1.3654913849592774,1.3434142367505457,1.3940096251153389,1.337018567399442,1.3123917551348838,1.3236087962878618,1.3515904703119572,1.334530169675395,1.3483143809433462,1.3388682680408823,1.313648530729381,-8.679996997230774,-7.467517829369854,-12.394005572713496,-10.978590288979348,-12.233038049460902,-9.711064060768848,-13.273235544240862,-17.842953891897423,-18.394458039359193,-18.46044806590234,-18.702023933730914,-19.729701385129772,-20.45128417715935,-19.989092319978738,-21.506552694259426,0.943275536345706,0.7857683937762164,0.17753782474927335,-0.510475144165782,0.41347724190161206,-0.030702018380799938,-0.1734040081788427,-0.4915209253928109,0.10272929406571803,-0.5130742571190138,-0.6011208517792903,-0.38336067305419863,-0.3530818186869071,-0.5093025209233855,-0.373481858829384,1
0.1998614730484815,0.2349402441662075,0.23512916640341264,0.24118230851899766,0.236635250221783,0.26431800672742634,0.26847371502210693,0.23876401329937658,0.2522267873516334,0.23820007817245134,0.23276139381934546,0.2290637572514152,0.24253401536104024,0.305732565196,0.3263936144704296,1.3817677275019118,1.3021353179595996,1.3520565826995468,1.3515904703119572,1.3483742900693647,1.331458762242162,1.3482133456442007,1.3402427473379672,1.3171571155363193,1.3476106092903632,1.2952251677947224,1.33166812494676,1.3287698879532845,1.2987571579285229,1.3315842166533887,-21.488307852288244,-20.853603274612738,-21.54959071325581,-21.63951017741627,-22.61906698472538,-23.589513533331882,-22.80851056662783,-23.452081524965052,-23.06103470746916,-25.1114845840834,-24.142273896098374,-17.259065273302383,-22.10187477398324,-17.685989698021274,-7.807188488260209,0.43337087001912905,-1.0270238576086927,-1.0390061391170669,-0.8065196831169348,-1.1740087178188578,-0.4541449282378303,-0.5929665536764319,-0.5052973913926248,-1.3215976827016822,-0.2558492507740799,-0.9157863922585682,2.3668301597956676,1.080353798476923,0.5986249961687911,-1.051321709552396,1
0.2502620311879202,0.23912909641428484,0.2418876866578383,0.24078230250866453,0.2299558604128396,0.22778140432751398,0.23429637495520733,0.23445839924526213,0.23384691582953332,0.22942770995439699,0.22622169698149658,0.22622169698149658,0.2567304877692425,0.2468962659498738,0.23420876773513583,1.3190345441438152,1.3249345642542474,1.3067085417710156,1.3140691534608189,1.3212945734244441,1.3238984708494916,1.3181951701172845,1.336058469619909,1.3140233792233476,1.3227957769392222,1.3208159051107369,1.3518308682516402,1.3083891820379636,1.2887175969998401,1.3268272421183345,-14.25285674629859,-15.563596578613755,-16.12208737813944,-15.960348669454703,-14.29136952651271,-16.454938399862414,-13.764100546676218,-15.584578506881456,-17.08965849105823,-16.53360352677811,-15.847696016740286,-14.834382054018192,-16.01874805674717,-16.82045299890413,-15.665423364376608,-1.558575872313402,-1.6919702336709646,-1.1087148868922905,-1.4456331346293272,-1.234350797188583,-1.6706513437695105,-1.9850572770767896,-1.2377898574165,-1.9096671164564587,-2.1989560564742217,-1.9009682737675522,-1.1988489726844187,-3.07222257612099,-2.520474239744585,-0.5514807876150071,1
0.20966974423575346,0.229694622607954,0.22348851496248012,0.23974887606405143,0.23359413191221395,0.24310239918429247,0.22333467722449113,0.21992939765626687,0.24036450305991347,0.2289818252828289,0.23207129798484522,0.2642056985141075,0.24599242357405932,0.21215421536835966,0.23391456889494194,1.3031603710004207,1.284709971036294,1.3021843837055904,1.3262790845349515,1.3137738939779724,1.2926166742676952,1.3175195923970766,1.2949782044773692,1.307189021217804,1.3008371417655773,1.3254138170089893,1.3061199900998288,1.3037594153437628,1.2802398132728228,1.3109771196891868,-15.920355145124972,-18.337455273177113,-20.077641094006935,-18.524012258216004,-18.640863227516235,-19.488522489040406,-20.90199898937746,-18.809854464809177,-19.776521293997945,-19.630775660758218,-20.087492025906982,-20.508722065057157,-20.449224106049428,-22.011352041058245,-20.88492633240216,-1.985939783933044,-2.5159284970445595,-2.6408144655640218,-1.818819497626881,-2.20559513882835,-2.2521400519195875,-2.264427334084095,-2.09992433075042,-2.69579347278914,-2.8455956639080946,-2.375911906288135,-2.3917908903672513,-2.806773738452348,-2.050360947825734,-2.1442115605516805,1
0.2044927294297929,0.21143070592742783,0.14713877044606596,0.21071253665354922,0.215677472435847,0.18909678614002123,0.220281140876475,0.20071197343374825,0.2033819800450286,0.17809999795500828,0.15335106884317112,0.18768852199140557,0.17870397829272577,0.17061858115981948,0.18741718183008876,1.366090918633637,1.3701485668353277,1.3749195758295647,1.380512441654663,1.4047302839122255,1.3783436748999887,1.3291714126628593,1.3667337898844878,1.3849518359632826,1.346560249614705,1.366758233005211,1.3614885726265356,1.3599079397655565,1.3104336239518846,1.3792043248046222,-17.353695656783003,-18.91012775507386,-19.40667919404177,-17.44650812478551,-19.01550725882663,-20.289082521296166,-24.37152175281608,-24.35893713728973,-24.25653543346067,-24.942766704870422,-25.04458040877185,-24.688093442891557,-25.667300371451574,-25.904618459364173,-26.785948476804435,-1.1740953047389597,-0.6402008440863907,-1.0444588003961472,-0.8602597112371259,-0.4883943664367959,-0.4204992819973735,-0.8146596546128989,-0.017284257585417247,-0.48466169295222666,-0.46711988922305614,-0.1722131857501359,-0.4706756562462498,-0.35500289419280845,-0.5625034257084905,-0.2763215475635845,1
0.2366008593894228,0.21899697942018997,0.23834989819336155,0.22508315556548597,0.22565073410337416,0.20159889750545787,0.22264989622624998,0.22776713031257462,0.232419372924073,0.2232864835869375,0.2137050302793002,0.23115385361221225,0.15428429468845511,0.2026461918701677,0.2112991190307368,1.3170271209935336,1.3084991554527396,1.2954884861025495,1.2907553229376028,1.322226709121441,1.3152993454177755,1.3221554841443763,1.3034100451422885,1.3282971524218317,1.3090344790262183,1.3231955566550824,1.3659362293601296,1.2762060850855437,1.3211948119188361,1.3205513688794595,-20.725783350278704,-19.854444718758145,-21.90302680383735,-22.263729056846984,-21.091429098090913,-21.733466618133747,-23.145897139365246,-22.138482756586455,-21.218672466954132,-22.355231316316463,-22.50783201640604,-20.562135674465168,-12.284255841337341,-14.614970933784292,-16.403702094485567,-2.8290481966411516,-1.5535338508952699,-2.641569799032416,-2.1973496406969715,-1.7674441826235223,-2.0710375595901587,-2.0627261949568934,-1.4635837193010597,-2.9769128596878587,-2.5087397610015545,-1.6657641542000472,-1.875349680879879,-5.600841490759833,-0.708909191610112,-2.0645969638270816,1
0.23160104688045657,0.23256464017405543,0.2393141706968161,0.285206393617804,0.24440589434740695,0.22712490451128556,0.237420497550588,0.24200235563082306,0.2345094104958947,0.2327954900140216,0.23955642705781843,0.2395346152074494,0.2363926005464796,0.23161387411212406,0.23338776867813527,1.3725847074913806,1.351337841267415,1.3639085988930342,1.3922537822069374,1.3364563932199827,1.325604411825801,1.3629089036474147,1.3345133667628408,1.3624724895414035,1.3291583908479903,1.3489787532920794,1.391545574780903,1.3441502010826385,1.3440504176525425,1.3133767691659817,-22.174524197986614,-17.9174182913587,-17.676401494053493,-8.06466639037825,-15.010194752520732,-14.783948033938088,-17.592695947474397,-18.853405162529413,-19.659538916369854,-18.35723396596913,-19.56151651373108,-19.70802030496401,-21.758223259547208,-19.360561319637412,-18.55107963288927,-0.872419226023998,-0.8212185834228809,-1.0174376732305739,-0.4083864072080205,-1.5009637479666313,-1.6948702961028987,-1.857648151497334,-0.5952419893828464,-1.1908980635114186,-1.454347967865045,-0.4655732030782491,-0.7585246403119937,-0.6487596030842342,-1.4813880308390692,-2.212106835010348,1
0.31183249026654847,0.30782558411192884,0.3083624224625221,0.12947015263306377,0.31585959870949976,0.31673328918901816,0.3311314447193886,0.346718660330148,0.3223294584423936,0.34382325451441564,0.3477786884180435,0.33203392724228387,0.3410088310799627,0.3446465193552714,0.326486920729311,1.62061561784677,1.6390842254152445,1.671323655908847,1.6321283394500556,1.6459846047143376,1.6410307944980547,1.6625556119847507,1.7222527200236433,1.6882920680409308,1.6893931000449351,1.7045164720157422,1.6998308405661369,1.6979984263261,1.6978847427981778,1.7088527845914057,-12.489749385155818,-11.867136612559648,-11.637577470454175,-13.84338629982733,-12.839059684103091,-12.508239085184385,-13.769229108212386,-12.614609365575518,-12.463422865241654,-12.818200181963476,-12.348761074698274,-11.716804039812985,-12.441458371033491,-12.441296767167188,-12.400967085570386,9.59386161319371,9.9974603208317,9.850133813966108,9.04876398143242,9.92479294790526,10.057755074745533,11.159781670708488,11.729475217581383,11.327780399996344,11.233628431820822,11.588345741278072,11.619365088694495,11.149347883001843,11.943503091393655,11.815392300808146,1
0.3182467844639014,0.32038916575424814,0.31550297109326825,0.3231496074835858,0.30703904654939773,0.3197451012355968,0.31751104389944534,0.3111457484973337,0.32674637677281465,0.32903146769378366,0.31334070493385724,0.3103436514127964,0.302344016896803,0.3174109766066593,0.3290993345074693,1.640759745916855,1.6480845417173073,1.632154358115274,1.6657326044786067,1.6393332809843677,1.6434231518070672,1.6765452790840667,1.6254152087291829,1.6407653159628535,1.6198020046778798,1.6581301646411086,1.6564123713012473,1.6587467540763408,1.6742945528373991,1.6677324753750906,-13.193171877092965,-13.832545973045598,-12.878213571844242,-12.649433029724179,-12.456104389477304,-12.139325630242581,-12.619941405240041,-12.695459366257865,-12.949081998514629,-13.378086725049485,-14.223722078518989,-12.745855223622925,-13.800540761501878,-12.700604101033264,-12.086700978480849,10.569153147948558,10.429593266999076,10.619474566147034,11.153349340302636,10.87114678265018,10.85906002241542,11.088902343643978,10.881979401056144,10.634188778444313,10.529533182829613,10.883515995548132,11.262059205373477,10.601877996197786,11.607156166973637,10.76233512888557,1
0.3216257659433927,0.31147219645443486,0.29244757283443545,0.28657611841333336,0.2980007442624677,0.2985102838544336,0.2915557022397871,0.30751894332682395,0.3017898922594434,0.29585572659293025,0.26362544579759273,0.24738164385982284,0.2695677621146287,0.27391931886546894,0.2165914743193854,1.661844475159384,1.6530008343948452,1.653461308670299,1.6622052944946053,1.67020645384408,1.6611042558921503,1.6294315147685723,1.6753485255605622,1.6521130727244244,1.6702937013086443,1.6521425890612664,1.6368772484701928,1.6521425890612664,1.6595816819705127,1.656456529301576,-11.8079011126934,-12.775998401530728,-12.07928292605871,-11.693955338590257,-12.275872303864134,-12.804186602791304,-11.60828358021871,-12.155333253667663,-13.31239024585696,-12.085218506144116,-14.09575452535887,-12.774185573528882,-13.444404167178533,-13.073786266120976,-14.028347511507889,11.087389104594317,10.862659568537701,10.43338953692086,10.767661061983135,10.708325814291177,10.60660936493902,10.421304292770868,10.759498271841693,10.603206722977248,10.388610251853784,10.44005704664058,9.964793550653987,10.489866316859809,10.902032103375848,10.526062304205771,1
0.16852553709014376,0.3052127668712402,0.3045192831496575,0.307829431882527,0.3132070761793899,0.21082433188750854,0.2804689304319905,0.2677704438671662,0.23901402721481363,0.2602539161433868,0.2822729238236027,0.2581152294236755,0.3106054634524841,0.28605862310707975,0.2530561869114822,1.6584715310283058,1.6623241864348466,1.667947134027419,1.6553788763267003,1.652233296567602,1.632869210615612,1.6650216642951499,1.645246552512735,1.635484132349536,1.6591386643032247,1.6447637406289595,1.6270707433135212,1.712855470863326,1.6869746345215069,1.4786900271220642,-12.332098720159422,-13.123996733611534,-12.717149962295252,-13.516015881278861,-14.114673997368214,-13.694990998507421,-13.944742198589012,-15.208616385126248,-13.490300278324895,-15.140185165178792,-14.476314146175639,-13.626811343650331,-12.684651421450695,-13.84303638418146,-22.737355710704406,11.234656087743655,11.211710446267153,11.770387893050774,11.213115276539119,11.14721719954928,10.968472235678673,11.277245382974547,11.298522033149055,11.856206621607454,11.270345640223722,11.625525954103175,11.179729017861264,11.495891923544939,11.274031162937971,8.437993608033558,1
0.29280258941190207,0.28075232344442486,0.31568052277856157,0.35495964916240486,0.34726856971954034,0.34078035984321364,0.3567493944414565,0.3125198722439735,0.236238532288176,0.3736894071718532,0.2516144629241005,0.3432875467296629,0.3511808168827002,0.3623325265401238,0.3663097923004667,1.3777155668979297,1.3694380716379988,1.3930711243269134,1.574242740287613,1.5960417343675637,1.636665432128855,1.630051086131079,1.6078622701601468,1.6279430154332046,1.643047246159174,1.6636983845322835,1.7351591637122623,1.6859271759945487,1.6424637335683618,1.6605693803198005,2.1483584356797962,-0.11513400739258373,-1.506664239897674,-9.926260827953683,-8.520275451939028,-9.490944034009914,-11.791506307855599,-14.529080971797129,-15.148358598925654,-13.284551020325608,-15.841445901841155,-14.252619038768131,-15.312165069364227,-14.465501887199167,-14.53849859686332,1.7478530268098862,1.2935067694483822,3.2516672152414987,12.261305436829893,11.475179938716808,13.877262467948208,14.830773176971402,14.337261804431003,15.031978487599453,16.951377193310336,16.29472198790101,18.271117381071743,19.951673968022387,19.96275302970713,19.766197785972075,1
0.3425942674909188,0.3492165015586849,0.32379169514423967,0.34583214640254745,0.31464212980209505,0.33797852115498844,0.27697286345524963,0.33424600700205986,0.31718584736728994,0.18690019424700785,0.3449428122330539,0.3351167299688017,0.3292125441500901,0.3552018219803583,0.34920666121960753,1.681767175893794,1.6612682826736442,1.6694087815437095,1.6499915210079141,1.6534136264900328,1.6187315929491226,1.665092609037629,1.6663718229587792,1.6759858503977354,1.68560349424603,1.6473201626377187,1.696150882663258,1.6636813788605642,1.6437512890202852,1.6046142040931677,-14.06696945915931,-15.522788883089845,-15.714345326327617,-15.304071977076774,-14.74812988582704,-13.878390439663093,-14.799737566199383,-13.995889784667469,-14.549662647566919,-15.413075395724661,-14.846802095108387,-14.833082620497237,-15.18871409816117,-13.864661231609546,-13.819635723496418,19.09878434098242,19.09966391498414,18.016556666762064,18.45274297377965,18.788759122873973,18.727592654372707,18.66950222728284,18.417715379531252,19.266791532373034,18.501195329674065,18.548374694050985,18.856085506113857,18.956806326273067,19.542136904521307,19.380809605781902,1
0.31106696731779215,0.29990867411190747,0.3014648984457682,0.29106297737556697,0.3206354603185639,0.29507482738840696,0.23633927835963808,0.32925016585397715,0.34534006539316353,0.3267385118108353,0.145544844681714,0.328516309965427,0.3246681165473062,0.30137080316901876,0.32525298343373055,1.5084585402280855,1.5358322661769597,1.5106055311239404,1.5080793045547334,1.508734253023229,1.3898720940934177,1.4663511201559154,1.4788489479609044,1.4749931693943144,1.5655245660701604,1.5496876122574694,1.533610721476575,1.5291200999726937,1.502073261366704,1.5331415005462263,-15.603395272474046,-15.085113385557804,-14.400860490572029,-16.893512769502962,-17.635856795040667,-23.550623114794206,-24.488737026654746,-21.135755071487978,-18.766313857412257,-16.351008214134026,-20.81386614989421,-16.780654676528314,-16.18251674355804,-17.40734111367027,-16.840204653059885,13.645493049166634,14.047290638001318,14.258871574958524,14.067534006479146,14.561418091469204,10.154972296777581,13.070569816573409,12.380050565189551,10.99800671790299,11.399353672157583,10.65290170844246,11.97457211136745,11.3151754647621,11.71701597749183,11.69879309061135,1
0.0696648813665138,0.09107639675650989,0.09263011037081773,0.08137051011303705,0.06184811365148724,0.12264149609525538,0.1319020301889587,0.22829150585791808,0.3246113604420373,0.3161409827310051,0.30587805947973773,0.2934164582246883,0.13635671625172702,0.2968293495612305,0.3182105035050022,1.5209700400386201,1.5548910702904994,1.5444985839545122,1.53414664653697,1.5024710098500038,1.5153307394759141,1.520282818682037,1.5468770364170183,1.5253077471218732,1.535989258994841,1.5257469100369299,1.5457215808614293,1.5446518412867074,1.4843584382757915,1.5036141704993427,-19.66374241887118,-19.290795306960064,-18.75213916697831,-18.708874193044835,-18.945071305633036,-18.20587623876503,-19.084338436444,-18.17976744056176,-16.011961705113322,-16.96440712143854,-17.347524995618727,-17.289605266561267,-21.133941614797436,-19.217524963285996,-17.081422588775013,11.28902741179216,11.32793569437458,11.291845590251986,11.12280320095151,10.587612811629313,11.733565692768108,11.418994864481714,11.154428005284064,11.28963814994845,11.290539683795169,10.927910365313933,11.062540392832378,11.035782143757835,10.189464671317815,10.757244800544196,1
0.08190799713422008,0.08694566049039801,0.07462936694503756,0.06423293102757846,0.05483841157787227,0.039933535264182876,0.06251434811739963,0.082163198296765,0.06883875860445497,0.06854209594507793,0.0915486135809357,0.08744336646222106,0.10700474316778284,0.21344365623657938,0.29013260461826534,1.4774171835585048,1.4984188470291948,1.5098560432554744,1.5196708363728464,1.5368549680765418,1.537887876605174,1.4981225864515504,1.4929633691347055,1.4956875993357948,1.4986465290309061,1.5062579374212932,1.5013124150609483,1.48696883232552,1.4789303440575852,1.453047103233246,-18.09160428126893,-17.53359014391694,-17.84912454158598,-18.623068450104114,-19.003138502274652,-19.871501001862384,-17.78051477569707,-17.944385472921226,-17.214221692506015,-17.254679910195364,-16.868313793179198,-16.481076005298263,-17.0943877629189,-15.272812951399686,-13.97642526338393,10.726150268569345,10.961236381637297,11.534586485635677,11.423558643165793,11.64748127086156,11.68558474281279,11.174714992501599,11.513994488415735,11.930279284834608,12.349619679851306,11.61361170642823,12.08581589041634,10.595511184966636,11.058459134675376,10.771056808229156,1
0.1437889073353094,0.2486323570299384,0.2711468985685339,0.2945393777948557,0.28335581971663404,0.19273359627569164,0.09849668245503039,0.28914833134301077,0.20194911294124832,0.26617185444819513,0.29136325612236946,0.2252104991386885,0.30146884141709906,0.1532975147650189,0.10516110863469419,1.498131021689006,1.4321245359114716,1.4402926988615945,1.4391168126332197,1.4504818181866943,1.4989427927072918,1.5093070826939738,1.4471101663509116,1.500545930525325,1.4928429833850414,1.4908946904773377,1.4521923298214392,1.4793198229712128,1.5216410153139623,1.503356155276938,-17.713841268552812,-15.638687824851871,-13.254039761304682,-14.838612316579628,-13.658142707858332,-16.695990059021682,-17.632641642168664,-13.462311363921884,-14.975968372309467,-14.748480335919453,-15.280489100236906,-14.336201678919423,-15.589612922608381,-19.311457494252664,-18.055418531110917,11.665079474222242,10.340609712422474,10.48777550388747,9.495258840949035,9.84520772393662,10.314904800311407,11.168690967842544,10.373035676234966,10.6996193520536,11.226882550317965,11.053908456684896,10.442309939049748,11.959357982887951,10.122645246195434,10.919545692828708,1
0.11046784429044931,0.15726817243781194,0.1480261049337182,0.1325612688599704,0.13804979255141764,0.14312452127637296,0.14161597828510913,0.18239674315682075,0.15365419328482047,0.12550656483162773,0.1050280268610801,0.17411068373558053,0.13723859193083432,0.13233022771966713,0.24486546479132912,1.4894895571048081,1.4959518002113001,1.540769366273898,1.5140188091319806,1.5159821424510436,1.5273087681894846,1.501131656355922,1.5075540290839748,1.4967768695598924,1.5436006647331395,1.5598784011022375,1.5201414942370142,1.4729566085093635,1.4803355807169165,1.5152891007634088,-20.10973321266789,-19.603012332037707,-19.30486136192644,-19.61709528830704,-20.03277489497148,-19.444577390184094,-18.609221048104985,-18.655311474979726,-19.215238153394523,-20.995666585230367,-20.964422890428125,-19.349611361518328,-20.801672508074546,-22.770129923306797,-18.78766620894288,10.071484911867374,9.91294919491304,10.766892130637885,10.828664857481462,10.014978872405191,10.325442652213871,11.243269970276017,10.247099189300137,10.309407459573073,9.130085660594387,11.060775013149192,9.654515403973052,10.291753926863997,9.47902764548776,10.63544819890383,1
0.10904812679900368,0.27962767481603557,0.2987355907385652,0.2594505240451131,0.19470926958615248,0.26360375256305335,0.2965782936571921,0.30493667138042674,0.3043887113833757,0.2750089062595796,0.17777007993363725,0.14497270750598673,0.1628554043896888,0.29528893274330203,0.2774830320896262,1.490915892332273,1.4868268483108489,1.4694301308114164,1.4732688428941398,1.5167005548253656,1.502473312352461,1.4616991386671616,1.4878675932678886,1.4874425474963067,1.4887382781689296,1.4686060729415231,1.4762332697498641,1.478685450842843,1.465639364673302,1.4828028573500478,-23.484351323065596,-19.86016404531958,-19.817757736552608,-19.98273219612176,-23.224094786674755,-21.167278074742143,-20.57401942704672,-20.753068596451982,-20.602895056418532,-22.484034205653955,-22.168730807019045,-22.43312000502931,-22.353957798358465,-19.94385185269485,-21.13846869586058,9.788476157759547,9.728663226887194,9.91479684589712,9.525188086668479,10.525747301662674,10.703339759196057,9.867065648142113,9.974117775834,10.160597398113419,8.624007399766029,10.864182436373031,10.851242178024407,10.525448220297767,10.496987653227853,10.263324213763893,1
0.27689545621398237,0.2641469821996868,0.2606594673443251,0.25088624168084767,0.24208646377986787,0.2659684187630899,0.28553094566284204,0.18355387186799263,0.24730064625132556,0.2915344443232494,0.2712227378290835,0.30287566993611026,0.29311205624818226,0.3020757403058288,0.2881515531706078,1.5418281820104136,1.479549283224701,1.5019185566976327,1.5169431608192983,1.4598554300856437,1.4464894258631218,1.4709916922103752,1.4680843227828848,1.4829221508356802,1.5191394930011546,1.490713759477351,1.4969970320389088,1.5064359041616067,1.4940815383081947,1.4481926307737318,-19.877708770138582,-20.565960653453516,-20.39097232797056,-21.335427690666535,-20.37746640050085,-21.22350391870782,-22.770098290623395,-24.47113984304974,-22.086357658929927,-22.630758656568304,-23.390945782305295,-24.33573906236859,-23.059147380352016,-23.02443463957306,-22.021091461779804,10.09836605844721,9.87346998057541,9.9004805284059,9.706796762195834,10.335765406279622,7.9213605265538085,10.684381570350732,9.816720588961145,10.327027122270136,9.62257460243204,8.866485671690585,9.21264963415314,10.066194261694081,8.978015902538441,9.7106582734917,1
0.0833210462792038,0.10942053412441155,0.11286750835237175,0.10472695890340741,0.13715009175714593,0.15563140064340664,0.18291596862838838,0.2862645499321166,0.28411192620400827,0.23859702296074586,0.2477821932436644,0.2033182846183118,0.2822473742723903,0.20022381442487872,0.2439323227242881,1.4378618308762325,1.4740654725282634,1.4644219072196039,1.467521770041408,1.4530607697156899,1.4515693561447043,1.4245857965802307,1.437882077556905,1.5200212126951649,1.5623956249219464,1.475865573132566,1.511222238321418,1.5030684499429512,1.4818768293670348,1.4914149645699288,-20.99397574709181,-22.15769893185771,-21.854813278281654,-19.850042464164403,-19.757363816787404,-18.81331946230341,-19.03843966678238,-16.28821284530747,-21.139969829034072,-22.218422701042556,-21.4716068523162,-22.164305975235038,-19.771107771201827,-22.640763353937643,-22.588056867592144,8.810181345604727,8.68112717972927,8.69195195419702,9.30629273967863,8.476878820581087,8.221338521097985,6.530586461509509,7.710584178652732,9.17867728296539,9.324678249685014,9.289535063735858,9.241594012299753,9.138218850587577,8.793258023436353,9.776520975672467,1
0.3127686780627904,0.31113913615793753,0.31703538477882753,0.3251147642008166,0.33223990776260603,0.21528867618019998,0.21861912220887486,0.22744382680872818,0.3165725972181127,0.2238061818256857,0.2172785957645809,0.2052717650017051,0.2358300087611374,0.22133788827593842,0.29285705478143564,1.356474510080298,1.3455195508623523,1.4267660281188186,1.402202988392528,1.3705759846718701,1.3173248878078359,1.3148702682737705,1.305662490146228,1.3492934313163836,1.3157848050806011,1.277209861118299,1.2900006192666706,1.302551421416108,1.2680794015142587,1.290242546147799,-4.963681089271802,-7.5228289768658385,-12.40487192535781,-14.766779335036546,-22.707939525788817,-24.588758006709668,-23.986413128715355,-24.193446857083558,-23.70094666444433,-23.1684821616212,-24.312383159932835,-25.452361829675,-26.900735584681826,-26.543434442049374,-25.222061398169643,3.048349138857678,2.6838522904119553,4.618115387201899,3.9890363696652487,2.378881581525814,0.08631892141738962,2.7824623187961706,2.2413139021998854,2.4633779583786395,0.9695615296017711,2.1898204512500095,2.816893944211303,2.2087720922266008,0.9722144938862776,0.9043443008844313,1
0.2836868538145641,0.27500605286958346,0.2800852368872528,0.2801448852649132,0.2921531328711065,0.27453432041971326,0.24238175678849438,0.2152328417592282,0.18766033112085206,0.2880547468767247,0.30644126253140813,0.29324903906497213,0.29933461446536214,0.3007654392003596,0.27999796380835523,1.2617902605724598,1.2703080762951435,1.247733924241442,1.275617853855121,1.2782786733465217,1.291177198682135,1.3306007717199984,1.2966202744115407,1.4388494754153476,1.2622364688285483,1.2862041720541537,1.2464524390024843,1.2575015170009287,1.2507756167197654,1.2561875720280238,-23.3787592263555,-23.24068121213952,-23.49648666972297,-22.42122801831738,-22.55585632738942,-23.29224611342252,-26.63239022044715,-25.056994859428585,-31.982442039838276,-22.11943145673331,-22.90161930874254,-23.10883171420832,-23.525224124291356,-22.431692339092166,-26.49416480730096,-1.8221895614441264,-1.4777869117007492,-1.7524069079440114,-1.6874127838760897,-1.056194015597525,-2.0435311171516486,0.8033392200379772,-2.997389674483185,-2.6242589834837515,-2.7641124145464206,-2.159427168080071,-2.3628919351067816,-2.33409691551404,-1.9163116437789156,-0.5229329707180923,1
0.28119968324854716,0.2936024923728333,0.328333359856266,0.3618723406777842,0.33356754910048136,0.29536419201405073,0.29536419201405073,0.3026389338986266,0.3109797137418916,0.28599337355521803,0.2227575025854016,0.20052677291172596,0.21184845903247915,0.28720165217277893,0.30712671363298627,1.2974703746492777,1.2832099269302975,0.9745315161258086,0.8718322241136867,1.11813231273106,1.1490856063413046,1.1533308128934336,1.2160702459895747,1.2405356053331527,1.2176646184710183,1.3055742723908021,1.345717998571111,1.3782171050015635,1.3369333264172782,1.3218650449087779,-23.819461386979185,-23.13039758133715,-11.96281447890135,-1.7001645621067496,-16.256338737746177,-18.209221217242714,-18.017145793542994,-21.959231006347437,-23.23065187519944,-24.285331262232233,-27.03118966368811,-21.758640277251317,-13.482952337262304,-13.950244522209886,-17.610862746516858,-0.5147185125354375,-0.5816121005517085,-24.091698169546895,-25.851596901237873,-13.762863768738908,-10.592733492167794,-10.524139499258432,-5.105273356024144,-4.482755990795453,-3.7984465511436265,0.6859394059272071,-0.20537968868465506,-3.5628303754562554,-1.8710983049441867,-0.39989187991612807,1
0.1428450251999061,0.26716735513949996,0.3279797224246497,0.31219585684375883,0.2899891511458814,0.2771137657377246,0.2735793211101905,0.3093264055130791,0.3150414633734367,0.3144958054742598,0.2687896891692606,0.27896555904862774,0.2658199399337734,0.25676401790920667,0.2749242541135527,1.4298050567820264,1.4968839249169765,1.4117744749981047,1.3331277352781206,1.3262606324903568,1.3253564004204217,1.2941494102985327,1.4125044846795822,1.354478491730236,1.4571766617677455,1.4676836359038368,1.643307632477376,1.388832674370077,1.376578555286686,1.4067805699847657,-24.968032284639605,-22.74528017425652,-22.984122139742425,-32.3309029910576,-33.369365251673145,-34.62943906296388,-34.63385229567234,-34.26421458362972,-33.529266305111776,-33.341715167424354,-37.69797596524896,-16.196906874322536,-26.48713814382208,-26.18298976871938,-25.94241681524207,7.120537761460794,7.547269297714602,4.247445204655589,0.7682302209502639,0.8792989113555935,0.32972501836904966,0.18172877900274087,-3.1552165808964423,4.381869820110629,17.342797087128133,13.29131307563579,14.940685174367458,5.574053339868093,5.32798134389165,5.284655119705992,1
0.2853229849186302,0.29552339800329985,0.11940807357611449,0.28797054501743413,0.27527960581335864,0.2917237179170077,0.3129427881087418,0.2979927913210263,0.30950599335420903,0.22487347562005242,0.19882418712056432,0.13307106238958363,0.1832407572216665,0.2806526916467175,0.21336453450081228,1.2377958591852702,1.209868366166505,1.2659948983535771,1.2200644139586463,1.233055818942018,1.246664662217649,1.297957792300665,1.3097092550720228,1.3108567081805558,1.2946861105587877,1.259678951031453,1.2968149312735282,1.3327716166670152,1.4271745781539409,1.3198095362275735,-9.39613394486895,-14.72696745300982,-19.085839215964114,-12.151281570736444,-14.629610022138422,-15.57679717764023,-17.321006105894043,-18.23617978743391,-26.381905762933343,-36.38076774113952,-28.43050055957025,-27.89502603320952,-30.096128493235597,-24.36063692497902,-23.077630975823297,-0.1906020375603001,0.13579373934238026,2.6727450005451905,-0.621015565097297,-0.1447770902999248,1.2140658849212,-0.48289672092274916,0.4772476198036927,-0.6079588171757863,0.25737218125621164,1.1614026506957884,0.00846941168496853,0.27019511137316365,3.171967300738221,0.44215673327531835,1
0.29396867639080054,0.23022060768298902,0.30940117479813395,0.3030602995979191,0.2956163649168265,0.28223509677389935,0.2706202762750386,0.2647023896999007,0.2637586571479832,0.24384671768368288,0.22360199741897907,0.22559412435773635,0.27307003851111256,0.277084667672275,0.2939938627762435,1.396608775658911,1.324354640049196,1.3717258462111463,1.4006390079421147,1.3525710356386107,1.3143191838569985,1.3352826132532367,1.3044342751333553,1.2952526753514746,1.3386035520895396,1.2957637652113136,1.413980958241702,1.4795567014266042,1.3656528250603794,1.3624464213845113,-24.96595868192756,-27.719079422569507,-23.30006494184616,-24.65579569344706,-24.237564726642177,-24.288465627764253,-27.19835918396413,-26.67844352081852,-26.77000276229208,-26.255057985245486,-27.429405786483926,-33.41125955604835,-27.49456235514009,-26.468435144810684,-26.73184254277521,2.923286860356081,1.4184476388597307,3.703195227788899,4.282842698461224,2.184219816175791,-1.7040816342532206,-2.5484884520641304,-3.0322051859164225,-3.2016486054823723,-1.8584214933621188,-0.6777605415951384,2.917830204034872,3.5910972473580585,-1.318658165706676,-1.2901296070327188,1
0.05627042877779376,0.24578496745020523,0.2517153397089616,0.24973146629502574,0.2554905738015482,0.2628155378042888,0.25807459777761277,0.24415408067241923,0.23904074027385386,0.24338888557038196,0.23119818017074534,0.23530423768262956,0.233148752211932,0.06596979683966493,0.24295325880810206,1.3533641644493166,1.388104265917883,1.3628189063687894,1.3678183339555727,1.3607829114294454,1.3580278420660497,1.3686558024679205,1.3775368520053148,1.364975457807835,1.3654681720785249,1.3572263061165526,1.3637543124911466,1.4039692396909864,1.399312429717275,1.3824810292474936,-11.34194646433221,-14.467808580871946,1.2352906826841945,3.1606153187989037,3.0966304561570155,3.6504033591022846,2.464017801617615,1.870014391953191,0.9997377407527495,1.002188466328164,0.6721949936592466,0.9106114719276945,0.31456622602635775,-0.04375341249135545,0.3320195723441941,4.35300674029517,4.927608280354706,5.014241366743582,4.90562636709272,5.39738686919372,4.926533516895662,5.2703928800705615,5.331631169126898,5.148982616740027,5.007590192158458,5.058942552486671,5.019484686095243,5.424596326686783,5.287605172112651,5.54830991538096,1
0.24403012927388756,0.2451689883259511,0.2516897977917526,0.24276395130666373,0.048150898231644985,0.23486237175222355,0.2361575066300523,0.1838353195184728,0.25959092661787564,0.2551900480139917,0.24518834758988567,0.23955802069290377,0.2873704029210531,0.29765670972369423,0.05917122343409072,1.3691791159901914,1.3657111697431996,1.3846737926720043,1.376346671621632,1.3659493370470068,1.3691435149053566,1.390598996350605,1.3723439263077852,1.3727181185557003,1.3845460612033833,1.383543283822002,1.3828342612128572,1.3645525615962413,1.3650144129264103,1.3881500704002812,-1.3126031316375588,-0.546608753769732,-1.0895192747569808,-5.08310506457812,-6.214781518227909,-5.112632080501328,-4.477001010135183,-0.5143576333507269,-0.37464230757532846,-1.2708750764631418,-2.8050027276839273,-2.8130244235645705,-1.105335679416072,-1.724604226281258,-5.112772401465207,5.369166067296301,5.265960510994351,5.438476771237565,5.735420988674757,4.830470855603092,5.865677592753582,5.83329880014599,5.31857547421809,5.051971012773876,5.390433440027288,5.778640969321551,5.518999220174068,4.9902609786840655,5.217400300579984,5.45905259373516,1
0.04650434249826773,0.23940443132599298,0.23901089640774076,0.250500040505093,0.20519668742880315,0.2631791973870766,0.059898841498012695,0.23169157069891275,0.2328622952654285,0.23611400124419032,0.18215626010880395,0.2593914788840159,0.27791202458211617,0.26308155286645696,0.218060624177503,1.3763755460610856,1.401975984420165,1.3746627221833323,1.3847222664794423,1.3956244433986995,1.3876384826903667,1.3839638677511423,1.3934581582917787,1.398877693582549,1.425740954829702,1.3918050736820902,1.3982678075168304,1.395788915374573,1.406381410151656,1.3906986681563682,-3.8317304852701,-3.8936351041765533,-3.7420575646730754,-3.8624632077031436,-4.3383549242203685,-3.6198360745589753,-4.9999365624244945,-5.520181462873637,-4.734613642513182,-4.00355880364603,-5.25358275518596,-3.6878527797652794,-3.1957624946111594,-3.585651731925111,-3.9179361673427024,5.246347612171512,5.78658199437202,5.757431118785554,5.885571505337949,5.56599020497187,5.982953558434752,5.314443991570747,5.763914924010181,5.798056515107785,6.0945358728783185,5.988566776406143,6.07065757995253,5.674999221672667,6.104305714264681,6.001819169911646,1
0.2617971032795743,0.2439775483830719,0.258356048311582,0.2495778404142454,0.24940473371893324,0.24952365325825088,0.2525919245729228,0.2141218791363737,0.26258792756219923,0.2496850294369035,0.24944111536515573,0.22569594337894422,0.24706945333335786,0.24060371209238407,0.23066540917472866,1.3945927813093968,1.3973744406702242,1.3934118034429432,1.391061860492676,1.4024956495585597,1.4026383539373093,1.4101252502416843,1.3904028347989488,1.4028154490061429,1.4009799355413874,1.3969767480526971,1.3927334488131315,1.4062740100711035,1.3938824199218032,1.3965845140101003,-3.6946291204380657,-5.20149691214732,-4.378268206836793,-4.005026702252479,-4.767240237288831,-3.9894269040576376,-3.6708696975564976,-5.124778624982952,-4.054287798118139,-5.667337457983052,-5.21241255670634,-5.024856542830548,-4.9456904849814975,-3.7876761362478533,-4.282928734435956,5.962255123040338,5.9380159352557484,6.179835947778209,5.73264838675612,5.9139999895590885,6.0732883208976,5.647822257398594,5.661230430935093,6.141718723612859,6.09772801520086,6.20301473722438,5.753728741769173,6.046362460109258,5.612080947038644,5.518359089793966,1
0.2395979016915068,0.23383995645731664,0.22371173452518534,0.213132311972391,0.21884943580156832,0.23573691035416844,0.23476265920420458,0.2359060683153005,0.22629886328565255,0.296570270103073,0.3042637553641353,0.3082900733383964,0.29811342285145315,0.30437784342791985,0.31710152614821213,1.3894521471845478,1.3894729423537995,1.3903373009785396,1.384142869594912,1.3854857370019045,1.4037859993866968,1.4086795227153504,1.3884269892936922,1.3959267462852905,1.4138011847064567,1.408296562172918,1.4026784261874197,1.4046020268542894,1.4045078636721806,1.3912082929086993,-4.865440723647623,-5.098930136280671,-6.086008656012353,-6.955666221348963,-6.2239082021362435,-5.3855397288653535,-5.566523479167472,-5.656658958363039,-6.535372132249279,-2.0020970345276226,-0.7486753894260403,-1.4491604101560256,-1.366987178028495,-1.2718918085695634,-2.4939560700554466,6.003807312392811,6.244235108390107,5.703002888964787,5.93726409134189,5.866573742285083,6.092324369213505,5.840431730253783,6.27266200652629,5.688430195536782,6.278778647462133,6.275419005297214,6.310420478612017,6.1724904961427765,5.961171096021235,5.790343706044358,1
0.25978282974872013,0.2540726275333149,0.2596362598215324,0.25283371766513324,0.2849205512191629,0.2523708299999998,0.26363831903954205,0.35266503587194864,0.34687074289260345,0.2375483878357521,0.32060832268620537,0.34261259697138624,0.34679918643723134,0.1323178166788237,0.3295383945210707,1.3992956251128628,1.38526187353882,1.3892731017008648,1.4101032234174624,1.3907234574303535,1.415003947080381,1.3770420091952966,1.388094048051441,1.3827984983736246,1.3718570805329513,1.3906260413545046,1.3693848445610861,1.3978540896617477,1.3959520840092938,1.378675980046028,-7.896262410862533,-5.143273841057095,-3.4363070492697716,6.930603108365489,4.285206881750611,2.829855877296012,1.2458491026693537,-0.12152961820146402,-2.912748521249199,-19.071109924812532,-17.272377530448722,-17.329531337714343,-16.422257592506185,-20.844812275407435,-16.37982335335937,4.891396756268303,5.1732994685703195,5.279123340509689,5.2536825193086125,6.0580265747191335,5.598988675355646,5.557986740726618,4.99936487764195,5.144241977588184,5.667260093858593,4.728630944755195,4.881470221124288,5.049726183112888,5.777204411991684,4.793166170798975,1
0.3521239487956311,0.34590889120789736,0.2652408134637865,0.34398652416896924,0.14076965468749777,0.35469390730725353,0.33423884165117096,0.3443320526767414,0.34423638689129865,0.33228478757529145,0.3419647552805514,0.3476600499478456,0.3495509318700475,0.34664810479295416,0.3481391333282202,1.3730257965622616,1.4004685745042238,1.3947727751514714,1.404129762661802,1.4119138066373522,1.3949624367959357,1.4078711737037137,1.4004074469310162,1.3784863409220651,1.4016972606299107,1.4007832848527833,1.408152789170432,1.3835097125417972,1.3805576195960818,1.3772946282798508,-13.719176211723749,-14.742717804652102,-17.241815448014506,-14.066315982692373,-19.845379863952957,-14.641661006253429,-14.754487879905156,-15.5709500451498,-15.06410633928212,-15.985715968566694,-16.175210161773947,-15.401525596031519,-15.140046531460968,-15.389498803016949,-15.774247169694604,5.7653707544176,5.728298113665245,6.051968362246193,5.940599766294911,6.325730911152684,6.3092543445899,6.13175620989641,6.324127246435363,6.638672517138219,6.035703947432082,6.173124223029328,6.3407622404983215,6.519547646142167,6.365471195291961,6.496593370380965,1
0.3569443759367431,0.35545337479598305,0.35593592995671597,0.36333017513930044,0.36195078680776566,0.35896001380742804,0.34853726067799273,0.34914737103338733,0.33456787640138097,0.34441581622033135,0.24544121784967757,0.31973175362223394,0.31189837222338623,0.3332519230037902,0.32109326993308385,1.3847574402731073,1.3728593767860475,1.3897208668815177,1.375565592015159,1.3988510003212415,1.3750596533564479,1.3784715524996016,1.3877093544413015,1.3869246553302768,1.380410738089627,1.4120203136545637,1.3804436237890783,1.375553356205632,1.4236875901833783,1.393604690635066,-15.958563362941021,-15.658756572646666,-15.431330022546405,-15.98494801219087,-15.862856542281293,-15.134592463814755,-15.233337506629738,-15.22968914382949,-16.021699295413924,-15.607903892092168,-20.920421923203662,-17.20655658826749,-24.365648990358665,-22.88701292534688,-22.176692599496107,6.733044952953814,6.425492473946999,6.605904891593886,6.899375438946792,6.74150580515923,6.807220204697554,6.478798477728777,6.678459899827875,6.550227208107881,7.1305824926756864,6.598615724384345,6.5408869213278065,7.317459811095615,7.616151346146994,7.693842419867285,1
0.2908113302351449,0.3275060803306515,0.3369045028560641,0.3205989430923335,0.33593934026452354,0.25257647190215426,0.3396619148187705,0.33825343486480985,0.3348138623360011,0.34043207613652415,0.3382138552325857,0.352865079475164,0.34858859595015745,0.1893933512895172,0.1269538691815777,1.4222978336840333,1.4134381755475376,1.4161863825560999,1.4154106866770295,1.409540841019167,1.4350086938691649,1.4221071604078896,1.425264239520226,1.429208153920567,1.4235321982856644,1.4049647112125228,1.4112390107276735,1.411711111875028,1.4429003013096136,1.4386507301855467,-23.334046561167554,-22.56965411587808,-22.484420708026732,-22.257286059067184,-21.677276870129703,-23.496196547445123,-22.295686202458768,-22.485047074245955,-22.121730000010416,-21.76454145410173,-21.457055887813823,-21.15725269300094,-21.125001182041245,-24.64231754930327,-26.560063010315787,7.851149585226806,7.964875175851962,8.051274719192035,7.854084275655025,8.103552787718542,7.924618890566375,7.980358104015218,8.295350774536947,8.25558635722078,8.287059599271124,8.344509176047668,8.287242291213893,8.350090084803194,8.253584163379708,8.357534876418619,1
0.34000147225361727,0.33820365840395206,0.34573280243042814,0.3405696366617098,0.3393574293390295,0.3308130143486977,0.21907294215319323,0.34216777813333776,0.2938174144006177,0.3460950455256162,0.34197949960229235,0.32750051787668644,0.2915534783775973,0.33646502931493594,0.24619035993134397,1.41996915217628,1.4155013973983688,1.4154612011790058,1.4285767468631942,1.4248216692643507,1.4300091143552491,1.420000436600376,1.4238098001831903,1.441301588127085,1.4340976137824044,1.4292742092033137,1.4264525214362327,1.4145482441937725,1.377799432750172,1.3701584247257386,-21.131210618073254,-21.15727241382217,-21.72723805781547,-22.037349698499185,-22.374847943189707,-22.34550031132966,-23.29483045319776,-22.03089608502495,-22.127884198603738,-22.168358232229963,-22.07924342013314,-22.592696697817217,-21.782378491437385,-18.097725440988143,-15.41285133005914,8.520507892295717,8.54021655060263,8.288643249145986,8.56282638012524,8.372819552638472,8.188972564393982,7.896889497002017,8.253660159306827,8.445304612637157,8.361817622149488,8.687244386002996,8.314985196345754,8.015014313297424,6.2214706840917335,4.902427714185199,1
0.26837640244524746,0.27369217389835543,0.2972506822524521,0.2713721721129295,0.2472536685814699,0.2736553798695347,0.27677338551242725,0.2675138818491798,0.2725987117045978,0.2652186275198397,0.27363506809187044,0.27183817507218505,0.2748912890522788,0.27696197548717194,0.27491333062590656,1.4355012134374838,1.4137082799113332,1.4196661766867307,1.4098442147817725,1.4086895067982044,1.4284903190801814,1.4038145169105671,1.430244482852837,1.434571674882799,1.4436827450811183,1.418362948603467,1.406304723883116,1.4260882151822059,1.423591908217847,1.4109196910532003,12.86550280447446,13.357806036739845,13.267503331204011,11.7535368273941,10.26257954446882,10.165334298447362,9.708029258798007,9.36610165683291,8.395137327409856,7.423703305154135,6.984169428285355,6.65586955040385,5.591529070015071,5.315351265233318,4.629939846268371,5.9634409150255445,5.845081493291704,5.34883842076093,5.301096533251075,5.6200772203515434,5.827307957341842,5.5537666453286,5.63989422234991,6.029372580349605,6.453085818352917,6.297464462841672,6.047016286534061,6.035360954323732,6.23904878502717,5.774930249069414,1
0.23942102369825552,0.2588754177400916,0.3076234660197681,0.32357288922035143,0.3261510235885349,0.341729142008199,0.3385292026484015,0.346185397234014,0.3295517335928976,0.2510307705044064,0.24271555063415673,0.05325768210452389,0.25018115625360315,0.2583852715442505,0.2595247631587666,1.404846525730333,1.4119497891928532,1.423157659122102,1.4030310057954878,1.4165266253755513,1.4219433036625742,1.4247410810642664,1.4582884141908632,1.4307772513080677,1.4237900280789728,1.4189654436189518,1.4313220515984209,1.4234229748414406,1.4475235273816962,1.4251891271234514,1.663949871698179,1.9047021088763074,5.319271183610226,4.917674412071648,5.0768076315453925,4.749559208309336,4.86112013665408,5.256022328633804,4.084761370641246,-0.19475458924421218,0.15486218778025318,0.37050379760606234,-1.3888255781533303,-0.9601090911093593,-1.2122608590174764,6.135020784937191,6.068792826153753,6.269407063539643,6.199862523486642,6.307820014840959,6.342008611082895,6.283457644117702,6.58344477689079,6.4620288671408685,6.495363175206021,6.4278655758150345,6.396139814508655,6.526473968022572,6.918683403738066,6.896773160652919,1
0.2522680279357376,0.25817968237484923,0.2578538532440556,0.07952824028955825,0.2666351638478799,0.26102218562308355,0.24715720724989004,0.2612212687406914,0.2618039065590496,0.24577777564630338,0.2597021010687965,0.2846248561272259,0.29469324557543564,0.2824676621593309,0.2834395173672394,1.4228124424591717,1.4395469427703462,1.4201868622945568,1.431599102558055,1.4353057112810728,1.4347773022033983,1.4278966415304277,1.4379931214272688,1.4163279593418456,1.4391899120372587,1.4213520591087476,1.4167762333221676,1.4608342431962398,1.4453539733646215,1.4398199784347905,-1.9846826460686202,-1.2498544949606014,-1.3290621529697262,-0.8617668083553838,-1.7152020883428065,-1.735417193324139,-1.370734718281028,-1.6243548118418403,-2.4302869036726236,-2.032780636419403,-1.6087401096818041,14.710026655068845,16.6925748783992,15.628590539073912,10.91828522718879,6.640756257602491,6.639089896994504,6.745169105350022,6.309186736134695,6.649698072760123,6.691690028475918,6.585205529214297,6.875253106353386,6.86719338258829,6.601742605478548,6.637845027075412,5.700290434418244,6.302496316615356,6.193928194281937,5.991682472541739,1
0.24102367589521373,0.31738027482450454,0.32797132871245505,0.3360961860126105,0.33952554472431973,0.3409449276218146,0.3387704845134573,0.3523500131112295,0.23371228225695978,0.2129304159015749,0.2311276093908161,0.25284390580449595,0.28403943596638315,0.2591865433136932,0.2578350784197793,1.3765022680679857,1.3851490966071058,1.3828256762433524,1.3767371698225523,1.3867017508962984,1.394719628007212,1.3991105780993753,1.382228543178604,1.391549657758495,1.4007844327581547,1.4184601675184292,1.4117559002837137,1.4019632410735958,1.426766003893637,1.4273273481454825,-18.95295745405835,-16.230215915212824,-15.877046029155451,-14.91205797669167,-16.869589926415614,-16.991631865810888,-16.894811036469235,-17.337813440985542,-21.78319259898592,-22.25995311110958,-21.330247709261414,-13.470339886202794,-13.857887208405032,-14.25289296102045,-13.992291294600676,5.45500591173653,5.657769485956894,5.853003902738669,6.024053973733294,5.775233780901998,5.837239382707356,6.007047895008584,6.005504274025798,6.330662239121827,5.8540303644896605,6.224530974436517,5.947437748577613,6.097422466603347,6.016852152271997,6.272708860195807,1
0.2472701894829005,0.24295330409916016,0.2414852780307789,0.24410728604663862,0.24261565258212947,0.2436997056847795,0.22865436303049064,0.24966511419730097,0.2523536580083854,0.2874690804036096,0.2680059028245658,0.14293779022495173,0.27984204949018776,0.2575400100190015,0.24941877486192746,1.4113928858493163,1.430486408004467,1.4120466810068786,1.4131531158554147,1.4205883934056258,1.4176651213964593,1.4176651213964593,1.4336517342721524,1.4096372711222147,1.4219388462020301,1.4289037290680333,1.424146172001902,1.4325779890139239,1.4123829556561065,1.4265239726371721,-14.782115474719404,-14.630017545567512,-14.672760844532263,-14.532174372099036,-14.241763136938403,-14.256540452836106,-14.174777104911271,-13.944005590453088,-13.86187909467148,-11.241132743914505,-10.070986595559958,-11.526548487067316,-10.159690989825293,-9.966097573702314,-8.293512425507856,6.14350126343676,6.449868535124129,6.246131884459227,6.52020444485983,6.528550986855769,6.670091800235446,6.53091343652576,6.305357987480589,6.372453210347282,5.951752612143233,6.293138656399229,5.905684288853006,6.328237939055095,6.345619755473995,6.624444942852292,1
0.252785705469442,0.2518496710644986,0.2515948456364047,0.2428819435452219,0.25176655998287417,0.2473879788991607,0.24402009578106443,0.2519528382112038,0.25867433402215756,0.2516567107413891,0.2617201981103966,0.2313128815149298,0.2745623904792157,0.2766523224593172,0.2859937042668027,1.4194050652008035,1.4234350370022897,1.4133526908159226,1.4200030008685407,1.418471167354363,1.4146594189928363,1.4293910484567312,1.4270118098541196,1.4185228594779562,1.429388397891936,1.4016976908113772,1.3697250234961793,1.3744396202716278,1.3926740560239323,1.3657787466141176,-7.831658675216005,-8.278624873855591,-7.44130945727585,-7.932393883357662,-7.749742997543393,-7.985350242660218,-8.308975530894116,-8.303467784095574,-7.441522029937772,-7.31682799308939,-6.048688036201298,12.373584224838538,13.081075469297929,11.801313408592875,3.1722339972579903,6.734105929949917,6.676493328487723,6.617851424092459,6.611807017125092,6.495496944681658,6.732474224746797,6.544530407443388,6.455057000609739,6.751165003699998,6.507074860973686,5.894491964417824,4.721504868945554,4.996113016192499,5.263050729524454,4.917173194946928,1
0.25062565145488924,0.24735233370285092,0.24548000682495874,0.2562079119168636,0.2381151310863932,0.2757625795757702,0.28687572465918487,0.13037515901295804,0.2807049780048398,0.2745484394299146,0.27111559808586777,0.26016035001580445,0.24613040555827148,0.26516215327503967,0.2594617011621965,1.3900418489709392,1.3800536831524124,1.4010822830700145,1.386586408386335,1.388029290596858,1.4237841925548962,1.4404000398084909,1.386589837881698,1.476952882651075,1.4389708013601867,1.4558896866738171,1.436911285801146,1.4378775554111007,1.430115243511669,1.4408334765317095,-2.3623528487834733,-2.2739464874381383,-4.1890054722539105,-8.124750421563789,-17.33045907719574,11.604010292540636,15.716074247303595,11.750869700763928,8.580627794953813,-2.354511949033423,-2.49319409514365,-3.7233243644286347,-3.88814362082357,-3.2516866969917544,-3.732880347622597,6.104785706912712,5.774897915717551,5.779116120600196,5.430506983077905,5.508742321515383,5.609858789442468,6.336223858315454,5.535803624864357,6.393463665165308,6.348790698740235,6.501647885808429,6.345624401039093,6.362225646635445,6.631116169373011,7.042452015607438,1
0.2817920338182895,0.2729081060291627,0.2841537519463506,0.32159914505087783,0.20585699440595645,0.3417436190864943,0.35709268165553176,0.3425925393530541,0.3526784518483622,0.34618345475303225,0.3609028788694292,0.36269135714948797,0.3531624391003961,0.23816160499877148,0.29261374308241184,1.388027488763773,1.3963200451181084,1.4011310071758063,1.402626748082328,1.3964794863384158,1.3967541838576987,1.401596863231881,1.3963592456855143,1.4093352333583749,1.3965725636843567,1.407846236228972,1.3957619741004577,1.38953085684516,1.4255854567196637,1.419214120766507,-19.962500686915917,-20.286256862534856,-19.983698204809656,-18.015443163933185,-18.479112370683367,-17.488093300252928,-16.772795945046653,-17.062680112152492,-16.63746173375901,-16.408651039008276,-16.118465583141415,-16.58266606296428,-16.453769062181664,-21.082959174159413,-3.823849125576089,6.449168526787171,6.52354073342875,6.5804868784233355,7.24995894561718,7.206760876441939,6.884996157919103,6.9498925803021026,7.066338396957795,6.883532952648858,6.911868666949669,7.410387371651458,7.097313622419854,7.04492397551628,6.621078117620608,6.429276651225415,1
0.27293954068530596,0.2733614560572378,0.29621875759127997,0.2619442362329552,0.25846222934247026,0.257676579293354,0.23793474341045007,0.2537920998345913,0.2549467587532827,0.25532393975227813,0.2412521813748355,0.2676048699138181,0.2590425520934591,0.255118545356179,0.2472949198533606,1.4313572107486914,1.4443038325649125,1.4145340183762773,1.4450684224724002,1.4174710825383623,1.4310802325707581,1.4432706771446844,1.4184029485893346,1.432254243104578,1.4257773784088452,1.3992926902921472,1.4282186943716437,1.4194530916387322,1.4128141175082758,1.418487079980244,-3.611023589630861,-2.7625055064362414,-2.768400969719295,-4.288588797295148,-3.9238652855414955,-5.023371385930176,-4.972856869880985,-5.554116737794061,-5.205221953154762,-4.914451455418259,-5.33138917735684,-5.259815086004181,-5.618150360742419,-5.542410681398366,-6.33547343627535,7.145170010863245,6.713295004633863,6.59802895429186,6.978203586844488,6.6033450066192705,6.79750434503294,6.9189247695719205,6.73592330862919,6.808963941004153,6.415083306798792,6.174320687252982,6.720215902573563,6.310619932926761,6.668313551645275,6.457162069375809,1
0.25093321185039,0.28307609050358085,0.2823294729448355,0.2710222224400468,0.2619901265026926,0.2585212311172457,0.24038734457664407,0.18376242525825381,0.25431124814358225,0.2508164316367729,0.2509694170769637,0.2546713476106909,0.27235756139936296,0.25776428379147903,0.2608736201088733,1.4214879860407559,1.4295153569175822,1.4360723459115432,1.406581143173018,1.4109698847224414,1.4202406347019896,1.402960762877197,1.4065418647799006,1.4268247235750628,1.4121234621215004,1.4122075671704022,1.424054487515632,1.4248766027525546,1.418358634262911,1.415956743883769,-7.9153303216487245,-4.955323053763294,-4.762531890919519,-5.336733420993937,-5.31896911332197,-5.475141166948561,-5.818517991448289,-4.882375264560011,-6.830776864462393,-5.051792680265805,-5.242413150269186,-4.64472971824955,-4.077574094964092,-4.617757063975745,-5.234948596917405,6.677706233817457,6.62667363423681,6.815710177851451,6.3798322306490824,6.701447236600859,6.634389940424155,6.813054911739936,6.778436735024378,6.745399585279019,6.736250658944718,6.828089317292965,6.662674078289369,6.826341190204137,6.823320503048928,6.613171475077617,1
0.2676557854594905,0.24197443296830184,0.31932150300344586,0.326056060500402,0.3277091005894309,0.3257204774780257,0.3249181956753576,0.3204731535861228,0.06444001502159591,0.28129559155811623,0.28093302720875896,0.3021025860494987,0.3148074006661002,0.32466220929829653,0.24933342853403778,1.4210185462985279,1.4127484353098478,1.3861376556072658,1.4043146684523844,1.3999994149866988,1.3958246199797162,1.396395433556491,1.3974412700325427,1.3575376545498223,1.3574901608527061,1.3766951363718263,1.3739661169209654,1.3723972120459544,1.3849024161983325,1.389956622757594,-3.0923228039344224,-4.23242847556935,-1.8233585454036927,-0.6233449627921743,-0.8031886984917946,0.010018023213802962,-1.0072593332418762,-0.6332546565732855,-8.947259971478417,-19.87074697174043,-18.908854108626286,-18.16053899762224,-17.314855104258186,-17.240434123629825,-19.303157365072764,6.854568293754937,7.025516387320871,6.252721465589841,6.550722738326456,6.67497623512323,6.757042418119753,6.4804609377841995,6.680508345209249,5.84844783947331,5.882177400583784,6.266165780010127,6.233175114470756,6.455588729309298,6.196991618079175,6.604208129264406,1
0.2509232824783851,0.24727513219264516,0.24594009272314266,0.3237195727477584,0.34412535635667957,0.3499230785369147,0.06643311875849753,0.2590383056877684,0.06816770171788408,0.26778845603297974,0.04588107455540036,0.26035260486583167,0.2672510649707095,0.26142401561913753,0.2638767847799303,1.3794108908224132,1.3906762642729946,1.392349260927161,1.3823747820880374,1.3846796213708354,1.3759466241041085,1.4130897726357552,1.400951332305662,1.3974239978777445,1.3790654320247664,1.3950400916787418,1.3866504220718863,1.4051890705857721,1.3963210649360132,1.3966502569348986,-17.33457004026505,-18.292866516142993,-18.03305763656175,-14.73972153393214,-13.223252680862373,-13.812263149875605,-17.053687160760063,-16.228540441858314,-16.645447885678777,-15.191021881398626,-18.72112752116547,-15.660687603858435,-15.808434951597434,-16.305205198251258,-16.01555818086601,6.163367247774785,5.83806044078167,6.110189364338538,6.101877077594505,6.195555312437685,5.882619982130015,5.251313911233055,6.080675689965307,5.207061580957211,5.887361703210623,4.999725941711563,5.678800740873004,6.016177633803804,5.932999295864603,5.741669188928094,1
0.34764336108830723,0.33247002553494787,0.33874128083476707,0.34298698166661884,0.34340014828108595,0.3448542018206733,0.35337883128206293,0.3490995838565851,0.16620249945161866,0.25782150597887954,0.2414628090286382,0.26277162451441527,0.3006167070558151,0.2816444980225993,0.2706497418835567,1.385145276033767,1.3659482681772823,1.3750266985117001,1.3683295250607748,1.3790334446093349,1.3740171678350996,1.369109310945887,1.3723209780987449,1.3710827588095973,1.3758934276578838,1.3663844034346129,1.3785276604100631,1.4548678401011503,1.4032165409645134,1.404468570190113,-10.547268468279185,-12.22665541425718,-11.57518806170097,-11.424732572767965,-11.470319453565992,-11.314250693475827,-10.864846775674238,-11.201638796589123,-13.466859061122818,-14.495739171820844,-13.550153551123543,-11.584845751877197,12.988624499021256,-4.653832994724837,-6.430612912739917,5.750301588446091,6.012255430639781,6.0586972875504985,5.864746222262125,6.198685539454896,5.814702378251851,6.004512840301297,6.041903586920111,6.084213769628047,6.181691717743965,6.34762540831897,5.063853280271098,5.087365226712934,6.1708028424537815,6.781945684771158,1
0.24981797304714776,0.2710157808841911,0.2654678036463095,0.2672784502216331,0.24200662705838072,0.24549083935709148,0.2709415011242549,0.24743102220712748,0.09427056341666763,0.2544857641297561,0.2820428482537289,0.26982475838961995,0.2803330077679419,0.27645796972933656,0.24671211522793607,1.3819298408849918,1.3850952461456474,1.3850877222073443,1.3841327198948108,1.375552271120482,1.4105321880926867,1.4220721941850432,1.4140187007224743,1.4021048582977416,1.4083842749644193,1.4242585640020005,1.4119895662395192,1.4181378913714369,1.41535172451413,1.413466987195403,-7.318538981694502,-6.63033774101811,-6.044801554473395,-7.231588742381717,-7.35708881300647,-4.714764647316798,-4.5744525990073726,-5.65583142439786,-4.697889607220816,-5.446751183873573,-4.617108894598459,-5.082483254199445,-5.652288600216991,-5.978095324052134,-5.381330709442977,6.396179828453272,6.52517185371466,6.60260222455538,6.685926971352248,6.819366879810457,6.994527692588757,7.0755763596797685,6.970999365007482,6.258787093303991,6.78052743447547,7.031198173246285,7.021548369330824,7.202076939556813,7.171377177533657,6.798737379624658,1
0.24874273638928923,0.2443991758633339,0.2534436348638346,0.2601270953109636,0.2610654928167927,0.2631771542334729,0.2657856956758817,0.2320097141979448,0.2590547712551875,0.26210841254212014,0.2599826879255107,0.2655301061535589,0.27983368431742506,0.05067751990982797,0.2844507569378021,1.410907462461726,1.4089371482786663,1.4254683402932284,1.412525539851048,1.421332710606842,1.4060707973061959,1.4178893943372484,1.4028844305925117,1.4112756630300918,1.4105441111525412,1.4067729508209175,1.4121327835988888,1.4198462267522145,1.412237873071568,1.4224751333289904,-2.6802369589082957,-3.6831260248638102,-4.1894408711431765,-3.2950514794769674,-3.5249869230934507,-3.269996568232102,-3.179809489794252,-4.49029834943758,-3.8540017482499422,-3.8655250110671773,-4.804439024358487,-3.8047267333150785,9.785170125818496,11.454438149632608,7.3681520660231286,6.817850169022721,6.778134282039696,7.4323712545508345,7.278860755887477,7.015979096551243,6.970165636266667,7.171999159154162,7.17568620917691,6.931649663234117,6.61624253665614,7.142645487015779,6.884674784691922,6.3332717129354155,5.668297716199525,6.242712699060715,1
0.26217976588519804,0.2685120250215366,0.26603776379430105,0.270595334878,0.2725893560907008,0.2568975496407956,0.25848136599564725,0.25118251737637926,0.2542550344936277,0.2584607940648242,0.24225641321371508,0.2632516537062293,0.24644210057562696,0.2479639233238927,0.2422236552237452,1.4172020906459641,1.4273548157634088,1.4219507705279983,1.4132734711797903,1.418608581109409,1.4356271251384967,1.4145065205233218,1.4427035203478957,1.4285301104327592,1.4160299411027113,1.423589541475762,1.4228475721196998,1.4233452991888098,1.425643749489459,1.432387794998267,1.903562527485974,1.0168973201197389,1.1914233878153482,0.9747667652164864,1.031464678832549,1.263437013596274,0.7022113729533714,0.15963362565261718,0.5191121014764519,-0.7721366755550605,-1.2701213347244789,-1.1445094580920738,-2.2311112659805588,-1.8505222764741802,-2.114835037424001,6.635323204758126,6.967225532309561,6.955808957206517,6.762252031655438,6.678250195966258,6.951043714364599,6.736958871028827,7.13248192856748,7.012305547670625,7.219594777841946,7.360361730393853,7.069463696076172,7.25670017676314,7.407259271307607,7.414329631290125,1
0.24214487873020735,0.25137749581566426,0.2523259606022101,0.2522109911028636,0.24670933591883903,0.24429650406231612,0.24112054662999505,0.25005356218761665,0.24684983992378084,0.2480362563574085,0.25084102126105134,0.24726549275792686,0.247903408174121,0.07833547827411762,0.25115627411305297,1.4217446432704774,1.4363186210934202,1.429236623198112,1.421332710606842,1.4352702825493984,1.4156412060491155,1.4254683402932284,1.420502661595181,1.4250284819820014,1.4262152286298242,1.4241892192808334,1.416065328221408,1.4215501506597994,1.4182370210724418,1.4246766242382687,-3.581988494880619,-4.028978159469091,-3.5297581025753857,-4.07422511792268,-3.7924821786432403,-4.130115768083954,-4.447637769961972,-4.287013052404461,-4.619446259409244,-4.19204574157564,-4.4989246277718,-5.387055185925647,-4.900324484372248,-3.419839003938648,-5.167408214469901,7.171132308111044,7.338640485804736,7.219757388285375,7.220569790821333,7.329030745592805,7.205663101166954,7.161447636017422,7.254775308904813,7.218575222393262,7.192600747749287,7.126317824586506,7.311907708834215,7.2349262424444785,6.344247467021631,7.257484206771405,1
0.266015028381188,0.2808962821489953,0.23878442139858602,0.22974246772796098,0.24848343964304376,0.2372876478361179,0.2527549883444239,0.23558387163017352,0.2601752649480388,0.3290172421253067,0.3241502765200035,0.22947927703907695,0.21610868714270798,0.21861821022511937,0.23744920351074605,1.5092166514160346,1.4435308306654273,1.3558609920703655,1.404580545815943,1.3727371945884228,1.3940042766269796,1.4023567549465048,1.401540766653965,1.3934448739096605,1.383140582175407,1.384731372615794,1.3920209384264524,1.3680590346325792,1.4148444460642697,1.3948183616924896,-2.8442678197731084,-8.638693756693357,-20.146577153023628,-18.812136467978007,-9.130625686414447,-5.093361342874289,-5.060230716454413,-5.928468311214374,-14.715513909335499,-16.80921851704204,-15.77665337179937,-20.127231265835263,-20.64171306639014,-20.168942167804772,-20.045083460321138,8.280037496013922,6.776378501413438,5.897968922127928,5.410377678739456,5.580873777987768,6.467407610238357,6.242218738408499,6.1728658500430535,5.596280562734239,5.500816091713241,5.640804084668786,5.811061168366726,5.7585910168669106,5.820575116294051,5.459741421483993,1
0.23681237013527598,0.23596800887441474,0.24149026872166027,0.24230773334009836,0.2371594548098153,0.2517638630583684,0.24357211685140195,0.25375721175342797,0.2540911498326107,0.24965760808858356,0.10707731580490995,0.20755722988844383,0.2098228561543668,0.20981791242639922,0.20753774710783648,1.3631803836500942,1.3523760041736674,1.3606490935410622,1.3619408238828872,1.35484043353277,1.351040646769601,1.3500758192765885,1.3618290244478872,1.36466451295358,1.3495495111101228,1.3610391103855264,1.35864628336631,1.36010665746538,1.3605901262796734,1.3580565176340247,-10.241100220745153,-10.203776592155435,-9.841067513091105,-9.215998733023298,-9.86972596077814,-9.572962993163259,-10.295175884778104,-9.472545085738659,-8.775720679456981,-9.430712244154762,-10.403042192363415,-9.921219857378759,-10.069868235417658,-9.921219857378759,-9.921219857378759,6.350052614614001,6.415454860603168,6.53283294194011,6.7489998278452275,6.598747583073569,6.566483150215133,6.589036375434405,6.6986135682836405,6.629185089776321,6.69827423298668,6.368375601410536,6.636442173515546,6.677911275488521,6.636442173515546,6.636442173515546,1
0.05649671783421563,0.24144855932614634,0.21082391216918372,0.2433930243222026,0.2243709817864611,0.23073915567319409,0.24854428845466392,0.29589331965559973,0.29550842547339784,0.2768925257929079,0.30291347965615295,0.31272406864016655,0.3149220971183868,0.32094270098496946,0.3010112769304476,1.3781124113966865,1.3666603290695132,1.3998081797332627,1.3902576719242234,1.3839492606190815,1.3809952558175116,1.3786701936912698,1.3496843881859404,1.3806106356056187,1.3804932281107438,1.368796014225797,1.3543880763464098,1.3558820825881528,1.3665668813970533,1.3707514589100778,-12.206536711204109,-9.636956366459515,-17.39159201354579,-17.135594260802577,-15.291743386096499,-13.336544757784424,-12.798597580222975,-9.780079958561316,-10.229733998747008,-10.263845192017158,-9.194425062910454,-10.210885626045695,-9.00667658152338,-8.443403652026376,-9.455919604401146,3.98113401993851,4.977215767904557,5.193813446860839,5.356009064057275,4.9248824925624035,5.129877547713329,4.48601084838352,4.5433855782055135,4.90366852176986,4.704257573067884,4.588147837857028,4.542695054012936,4.603505099692353,4.575172318736014,4.552439568586537,1
0.35616849166368403,0.3620875003296814,0.3457889144972253,0.3308120887111389,0.3290977922314562,0.3436784146850982,0.36251376996022233,0.3394769087934987,0.35502553587175945,0.3224035962516464,0.3532525614704156,0.36922983566916173,0.3349110849045329,0.33190108127028656,0.3484576830488463,1.345101497833728,1.3115091122810483,1.330828304930941,1.3735559618378312,1.354258939650019,1.4312049673835334,1.5462072422048552,1.5386936696166398,1.3390279721648373,1.341768298099531,1.2857769100950531,1.2404196507813,1.2981174978743575,1.3471754079674971,1.3264101990451105,3.129434416475732,3.9022235653749817,2.5934597744392534,4.7257463537290505,2.514034082587699,1.8062665203559902,12.750349481174538,11.448316652663522,-2.207264881769248,-1.9476155125459513,0.06947662663475285,0.834907128992711,4.515434392531603,1.0633342392228258,1.8554880731377636,0.9119965805198944,0.6981763584311744,1.0785420004680197,1.8044847194968248,2.5989222501109457,4.279371727392349,5.435309375375964,3.4286837780609845,2.869700347509707,2.7530918268379976,2.270024656743416,-1.206442945167073,1.4035851536244317,3.759366289336007,3.509454509068731,1
0.2639542853416802,0.32616963905234153,0.3098985322494252,0.3125054589664077,0.3024540300080629,0.3170795729239531,0.07398689430884295,0.3043023619759832,0.3159013249722361,0.2003427348600225,0.3203964873300869,0.3212867615172649,0.3245787634943963,0.32281448806053337,0.1526195350827203,1.4048622561354824,1.3748641382324283,1.4180258916630755,1.3798004265630242,1.409327082110053,1.4203055928611734,1.3931672881326571,1.3774472240104465,1.4022356668244882,1.357174281497159,1.4033024977970887,1.4214095538759826,1.3937382084828407,1.4065363147019296,1.413171823018918,2.8641491151136336,3.1287238313212242,2.3144564481914927,2.9048947573839996,3.399595935307275,3.451005593497513,3.989946214581181,4.44651344978854,3.8385142756304163,1.6485257581353778,2.4051541163474326,2.4394871563824836,2.087888910929564,1.5209895574021175,2.1298858673583823,4.945091798600143,5.438819524186295,4.948080347773633,4.967477284635843,4.483971032319727,4.94118269444811,2.995691025438059,4.090537594894673,5.180903013582376,5.613223370359935,6.12858210896408,6.156232519336453,5.305880705623484,6.529127143458198,5.55523856806878,1
0.327821607947126,0.32444073185240163,0.3075632520312506,0.3249348560361653,0.30852121499944674,0.32283655044930537,0.3156542177438373,0.3227844329986024,0.3212878586078879,0.33049218267107605,0.31608384307124804,0.25600149989217647,0.3185904566770508,0.3177875539890823,0.3299454425569539,1.4597245138021322,1.465434628249199,1.4074601324619112,1.4483302814427117,1.4444619105261716,1.421619102123517,1.4492997982707636,1.4445117718320646,1.4555498953927841,1.4345167859646157,1.444814777224745,1.396106370848709,1.3748506421370048,1.45990128496512,1.4108194445776752,1.2273290472360259,2.156104886841945,1.5970915389855804,1.5277623456295544,1.6827518996740878,1.9807940190918316,2.8292723772819954,2.393605270273042,2.3893305018140154,2.0531984285760814,1.5436173596021092,0.5758718641342,1.9899406225912912,1.7624740351708965,1.883462155378595,6.901036951183768,6.860292551959407,6.647119597181559,6.91707791188399,7.243733074059075,7.074234921209401,6.822716860572775,6.290516304696515,6.397493623960253,6.626926419292409,7.717399362065013,6.397135076232416,6.183513789907672,6.470205570990396,6.783686382304938,1
0.3494723668044679,0.3395639268379279,0.34229372489181564,0.32808738368168444,0.3523006338177164,0.3350838825676169,0.35447245070026256,0.34496864360742285,0.3181919880405354,0.3281995391621494,0.3370723092302941,0.3226077458220312,0.3386982686536693,0.31871488347519245,0.3147405754628976,1.323883657727024,1.3191572399596665,1.2911406307544833,1.2813173390604227,1.2934088035239864,1.300587264175142,1.27574429202796,1.2975438999686504,1.281885588697975,1.2807249588282565,1.3013904230828777,1.2993186424189793,1.2691037750679006,1.2752949158666307,1.2828899715990245,3.1949894830444237,1.581123059935777,1.4692894899139333,3.872804828803595,3.6205250263382993,3.7850664052591583,3.746406709789028,3.0507486912615605,3.9988098116124604,4.121472288330182,4.123899757361613,4.528289726319002,4.5164110487285996,4.810110972736794,4.746299054861282,-0.5809285516297367,-1.2039874356489457,-2.2579275483488144,-3.3196796096312826,-2.3856818159743485,-2.1663786953870714,-3.7096818910370395,-4.05193040887497,-2.9311950617524176,-3.278343868156311,-2.4025153283609004,-2.1307071190499896,-4.0774843035120245,-2.3870635889633696,-2.5152893991254675,1
0.3259185791897311,0.31942375046375154,0.32974885367405227,0.3283619638082289,0.32564126328752385,0.29837858816827034,0.33858381183062514,0.3359969430661245,0.09969113650215325,0.32897161594478475,0.31845558521878625,0.3297860651769895,0.3349532347407946,0.2824781798418716,0.33138999480004594,1.4216402166546023,1.441780136053925,1.4019619944502129,1.4003000005129267,1.4088567222816066,1.3746015736289108,1.351857661480067,1.3815955792751495,1.3811383158353405,1.4104740902189143,1.3931167286961696,1.4278240260038313,1.4186704990140182,1.3759570787213455,1.369372673776371,-1.9358326456964505,-2.2973450316204094,-3.8463163603481973,-2.4065676689438362,0.8686535160351525,-4.032888060012311,-1.422092387333862,-3.473797356414906,-4.272400869670491,-0.8086098789649157,-3.66746116075106,-3.0213969538176286,-3.27554027203837,-4.2187202897465,-1.8337733589510776,5.453162575355781,5.9700727530102,5.175512631202533,4.245109971512871,4.917244707379421,5.063149027374572,5.703128498851409,4.737614274613771,4.050184582276063,5.573355008744092,6.496020579432224,6.913245457608842,6.107765669510734,5.6891210377669825,6.2169748666920315,1
0.329768947817166,0.31330209016122007,0.31760142146343673,0.3002358356360286,0.31489141704199264,0.3111064873995487,0.31918376431359197,0.31547603754059655,0.3104715785553339,0.33181509971461587,0.3203011556931038,0.31896514917193286,0.3221985454709016,0.3198059809214243,0.3313605316378082,1.2922691027493396,1.2944159142094998,1.2996579539845188,1.2969328870765802,1.3392445362661871,1.334049432164887,1.3267957511082615,1.3110958677381541,1.3247638725853315,1.3091486291702013,1.3073094604995554,1.3218252904502683,1.306121515302855,1.3246176836960288,1.3066828985047956,6.381317287381535,6.453516924875231,6.819677483002948,6.3060991100553565,7.133576778143436,6.50495624406571,6.02222358315592,7.015281560132195,6.198249494305372,7.102594350458759,7.005874009823543,7.235843092255095,6.48484628869403,6.918870332444158,6.225146766931374,-2.913973580440665,-2.4355680188006845,-3.2643128328878857,-3.596408301404317,-2.844796720534457,-2.0110085991306073,-1.3315645455518492,-2.6939654938469384,-2.6312653659776077,-2.0473668184391896,-1.9460492787096129,-2.7505775694446295,-2.3234952766079275,-1.9218054240902027,-2.155055842233502,1
0.3148273011159791,0.2983791529730723,0.3222095463709768,0.2558173828579769,0.3183259658832679,0.29366102999504295,0.3086013716250896,0.08464096474771493,0.2651920047032953,0.2998494424390785,0.30127502462340583,0.3003107685160299,0.2859131433951406,0.27583056498018527,0.28564320782525154,1.4654440155396014,1.4008806554657751,1.4129673328900032,1.3779726131440002,1.4050585972700247,1.397145813446039,1.467850403837151,1.3850295972388476,1.3603712934651948,1.4190990617250683,1.327072275536143,1.4042644935331783,1.3876366604277646,1.3582725086431207,1.3702455750580855,8.744379178795981,-11.632687816625577,-17.454194797960128,-18.037034655054754,-23.16585117444106,-26.966297828668644,-17.799780303627728,-21.423972415156612,-17.880178673859604,-22.345344353239142,-20.531126819609938,-20.253471408111693,-19.628663026916797,-21.13156282277035,-18.79271849892288,1.7143884205399076,5.1969255888680586,7.238001167802311,5.246421220086642,6.396068319844408,5.114443141144681,6.810589708568107,4.572077480811821,5.288688708071073,5.248501746924132,4.892744026675664,5.617984454959423,4.6700011810738395,3.93681029621817,5.089474225753726,1
0.29438901783191107,0.3178719614489105,0.27637608392421653,0.2947176705617861,0.30415360193085106,0.28515595335130045,0.2796210062267326,0.04805643289442659,0.2824461575583421,0.28820696397536666,0.2888568013399291,0.28756979771491287,0.2987924984492713,0.16895180068290305,0.28756979771491287,1.365422235927481,1.3678614756812597,1.3570329746650014,1.3807287776501271,1.3785023320781138,1.3824227007836893,1.4297633136649124,1.3844551412337534,1.3829833224888133,1.3772714996161115,1.3608117444892123,1.4097154088778578,1.3570329746650014,1.3754916251895555,1.3741659905567443,-20.4950589250804,-22.004732682226006,-20.376649383746866,-20.0221108383098,-20.059175639654455,-20.07462971625324,-20.794332507733827,-23.24898900369709,-18.838527238637766,-20.89856094704561,-19.372398352336802,-20.048149765257392,-19.667240076549774,-20.612558565684537,-20.412251483225788,3.593674843303005,4.041291794258604,4.295348911545227,4.028273978552992,4.309749729073398,4.846945423199956,3.977659886891321,2.69573006107341,4.643323984798272,4.1549818256564715,4.257492445916384,3.8030301055652584,3.990975871827368,4.331435011885273,3.543984877959222,1
0.30208441473998926,0.30293024358956855,0.3208326495200218,0.3374651577102733,0.24191629358556535,0.3114050224850715,0.2926410711625964,0.23015496515660075,0.26771728924651883,0.31744514786126743,0.28763131394881786,0.2827920349915044,0.30618506978581495,0.25904244575947516,0.278106957342179,1.3936480356330183,1.4042644935331783,1.4751860265694334,1.464091955387296,1.4217264919477133,1.392602202174262,1.426054515330057,1.3238134485055515,1.4084625274936913,1.3104911057914568,1.4163687966415228,1.3665814405576782,1.3731698188935542,1.392025391294916,1.3695850917771015,-20.86983349123807,-18.180356262898044,-19.272953676927756,-18.652459570334344,-17.364202247010212,-20.10436810873685,-22.512501424386727,-22.515283420878887,-23.410650711799548,-25.465967925175306,-24.31016096108948,-19.61897948635186,-19.477178495214588,-20.369279952147593,-15.853367875142538,4.305534133086189,6.9206536044926725,7.491622976373955,8.271868654970923,7.413715141342227,3.7361947625410314,4.746105367037284,2.5907728953446947,4.5654554131559175,0.7499057196338992,2.8265509946256184,3.5302667547707114,3.748110653016196,3.4693111045091194,3.773361508844138,1
0.3197835952797685,0.3187713271554913,0.06726468485205817,0.3005120117798158,0.32686980330995297,0.3082277616103535,0.3054800301694417,0.3154300207090933,0.32340981886267883,0.31482594826502364,0.316047629315514,0.31045061929714046,0.3219461333788021,0.32766441495352994,0.3081943853321243,1.4193285065720915,1.4180438696765243,1.399628434422548,1.4032659384306923,1.4096505228691616,1.4344418626406963,1.4032659384306923,1.4004272107008533,1.4432297055939003,1.4003819630101193,1.404501942133364,1.4527980206014803,1.443944603883088,1.4084137843535882,1.4306190426155942,-10.814241829826187,-9.70392040588132,-13.802414874810239,-10.488092992706129,-10.713740029511001,-10.05526214794034,-9.460627533336037,-8.016473185648266,-8.843663181444498,-8.795374676056696,-8.322908505651355,-8.458981641817928,-6.707447963652129,-6.838325555062426,-7.921418298036087,4.374572069027237,5.25407975367489,4.275619140037124,4.312625273223462,4.791127348553758,4.7466564182610576,4.377395440048174,4.707166100468546,4.277620999807131,4.586663468243711,3.983470496372283,3.7878928431452,4.032928606886644,3.826207466379637,4.527228929865457,1
0.3072440853573014,0.3265452737725829,0.3296403965265095,0.27199591850868887,0.32665679935855374,0.3138194704145182,0.3088588161750446,0.31727838704341027,0.3234333586716854,0.33398125623555963,0.3241991701729344,0.32812919887575315,0.32811547402397645,0.32372684596220463,0.3299567898507476,1.4242577415945945,1.4523752415937685,1.465452943237968,1.4526898561304884,1.432545522981843,1.445614229935009,1.4569223047597535,1.4126024837786688,1.4997854767875731,1.4888442837899774,1.4669857286767094,1.4744281455661914,1.4951064122446036,1.478195293645631,1.4718669410398406,-4.214562730298667,-2.007712667689873,-3.680154195722565,-8.006727154443382,-8.340316823225862,-4.368622127587372,-4.901173666516627,-6.011662577403257,-5.522530497146477,-5.764918437869426,-4.55012927372249,-3.875631468604354,-3.7124805489755204,-4.481734016352078,-4.194754411359781,3.244713227035769,4.404067355159046,3.5307876495985324,3.490324604307113,4.627184559331129,3.4956122542277765,3.9509416172843865,3.6700864585048634,4.277666992983317,3.9943859773951,3.994128348400607,4.2275000976891635,3.2917440991272304,4.293721420376247,4.744716416159168,1
0.334620980013881,0.3364105064385189,0.34421748511632105,0.333679324595905,0.3295392278993956,0.32803240020274715,0.33784139482412634,0.29868621011881147,0.3160765785188313,0.32867744580791747,0.34082884720928897,0.3301706912951665,0.3462121049171813,0.32109595395308665,0.24641320828569077,1.4877940990920753,1.4816618790794873,1.4545831160230847,1.5087679079950551,1.5129488959514972,1.4703834967334335,1.5290164230514525,1.5023242504935297,1.4964876667977682,1.4861064336473797,1.524969302533444,1.4960530396218612,1.510957148200584,1.5337762770300125,1.5180554295570614,-3.29165849885743,-1.3746557315815835,-2.832252766367361,-2.454696851493992,-2.4400202547868446,-3.0938874144214594,-1.9479336217383434,-2.2606852539025795,-2.5267791047768355,-2.337878447777115,-2.8280115897450173,-2.19006390710274,-1.982961729233324,-1.7028861587709514,-3.1585390357147105,4.572664549436654,4.639105376042444,4.802165597554298,4.5998704079333,4.976182977552022,4.316715545848323,4.496432143328906,4.028775611906411,4.948083040764052,3.9712816938272697,4.718066938308912,3.5815513596011677,4.1726686564165405,3.726470911700516,4.426699073498224,1
0.3260815391119947,0.3308597971700252,0.31807569685006787,0.34011555319280773,0.3221719732389905,0.11567618012479508,0.3043933983072705,0.30949423420598765,0.27051011386009627,0.3145673173029261,0.3179886152316787,0.31851246270814926,0.3403076874786662,0.31637338099918744,0.3335152866827623,1.5204727700409209,1.5326951580929753,1.544462152512734,1.531301625980073,1.5401250485576932,1.5150347986881514,1.5122015696702917,1.510132643697017,1.5153255400448722,1.5106615078255343,1.5081264158797136,1.5103871923096752,1.5224871908618078,1.5077072511325957,1.5290377727807014,2.106822876502605,3.594710067111407,4.036733557883053,4.017252321612602,5.330256894332848,5.741911741338583,4.384956895409431,2.474841087502085,-1.629114058278077,1.983978497213883,0.7951066736073358,3.0304789563877534,2.329942106026749,3.3588509012098484,2.4375702652435507,2.337814759619593,2.4899235522299636,1.82207659310392,2.8291443331611124,2.792328838844897,1.5271059045135607,2.018783149569878,3.3141740433610023,4.080869129289179,2.9901867259436097,2.4235706682996287,2.4781495086663843,2.9175059287067375,2.357979624118742,2.386913914451222,1
0.2949872276664939,0.2925071823396025,0.3075875879082991,0.30637037372433495,0.3012587683074734,0.3075875879082991,0.3132124421057768,0.3090755937966493,0.27180827858449874,0.29920590764289284,0.2930416706007973,0.2734283375122286,0.2851316112001046,0.30802926428500305,0.30729218030205163,1.338344126568252,1.3552764261781023,1.370903593712917,1.36045410156662,1.331193814069,1.3226780267499862,1.3296091405490795,1.3665447209431412,1.354732600691319,1.388520790089406,1.3874103942518654,1.3815574610328765,1.3886670218654062,1.4486855030509542,1.3890094886759667,-19.056475435764668,-18.273596719618013,-18.67812023624731,-19.661406002536097,-18.976596960386104,-17.752580431794797,-17.592215279249615,-16.808364320132426,-18.086173002845527,-17.287333438414038,-16.280445412478713,-18.23411442151655,-17.255355594816393,-16.092848853711928,-16.934763496386125,0.49589198581413746,1.3459465540137743,1.1220941186658795,1.2771467782099983,1.2269609043454521,1.1677928826925463,0.5071307943880219,1.5250684455772536,1.470098692657073,1.4054390325240025,1.9326822612101673,1.990116422432758,1.3153867718967944,1.887477696228995,1.7632503794047467,1
0.31307045550431223,0.3112168426546865,0.31309278103231053,0.33154780591539146,0.29679340760716455,0.2915130304930642,0.3163156488348928,0.3152253187707673,0.3175263685503963,0.33801461797887045,0.3043264898337506,0.32272241240271615,0.32650346294229443,0.3222948707266975,0.30447235490127095,1.3846055633439482,1.3935506046740902,1.3370799060448966,1.3611771137059965,1.3262754210080954,1.3499575121722331,1.3645990072267151,1.3640032597279543,1.371122461875564,1.3515172497297583,1.361907223642676,1.3254806741484302,1.3548203888740027,1.327127198904015,1.337228671880998,-16.47482210948195,-14.881962140522234,-15.05607091272347,-15.868775334039782,-15.68703519840355,-14.920121959942293,-13.763705239947484,-14.251976849455332,-13.039432003327988,-13.644362924539507,-15.256597319803063,-14.39700402437478,-13.36765982577603,-13.245581673018592,-14.423871111153602,2.349301804868626,2.0562868849571716,1.9994993806655619,1.6314570848192038,1.2588398656884567,1.4662178755427742,2.0903875435131254,2.7153566011827084,1.761861885591304,1.9818481604335947,2.316369956015813,2.060696526116344,1.9342672598369708,0.7114732576915491,2.751265312388702,1
0.332315835514516,0.3235544811830229,0.32439537771418125,0.3315371944175467,0.32381892971300563,0.3196916018903569,0.3171372908323043,0.32788918776544806,0.31960231447861986,0.3328140175788268,0.3233714748198565,0.29982802468353703,0.3233714748198565,0.321430575679712,0.32918962635298366,1.4340596294733265,1.4177743835509737,1.4817368784010683,1.4704097056429588,1.4590025257920074,1.438002804606071,1.4758251066611958,1.4222731548306702,1.453932097110154,1.4857907423459682,1.4645141351773088,1.4971075558503943,1.49686168211263,1.4691318070628794,1.5145614846439006,1.5639178662674453,0.4116679782441963,0.6733003890109046,1.8564651343235425,0.9199819461705658,1.850462914367995,1.8583985805701957,-0.1045526014975735,1.0705213154887758,1.1190470257019172,-0.34080002806032894,-0.43495933392250663,0.3241200039557839,-1.6199406286215492,-0.19883650449617107,6.735483277450058,6.296881289565107,7.002892908975555,6.55117227268932,7.30312056217373,6.505715909026482,6.4663453371319894,7.265866088951235,7.378404737677592,7.058233137208887,7.4132089257289016,8.593650631111608,7.791518103818908,7.795737167426667,7.884151485619206,1
0.3294075992628159,0.32599504751439,0.29875275968321013,0.2748053071873002,0.0744369600224729,0.30839406002244996,0.32494142769661655,0.30920852648123476,0.31810207665899576,0.3225142207673649,0.32263818310808784,0.30223573008743526,0.3098884002596629,0.3142282469778198,0.32195213114691984,1.344740982419257,1.3549348538696764,1.3314414729886266,1.304673598700691,1.3725392613383982,1.3611787239759685,1.3496341155557787,1.3762373811959723,1.3677568615981786,1.3903578961178449,1.362616042227792,1.3404345657587586,1.3524399537786638,1.3596451202867652,1.3795084703514435,-14.126998367018473,-12.793978013227928,-15.148730664068665,-15.67898124402896,-15.21401874981865,-12.428424119398443,-13.356300260834331,-12.381026861837995,-13.127496678742716,-13.834441174881107,-13.315319787310841,-13.23115345226816,-12.690224691899544,-12.31907138012005,-12.737669617080286,2.2716113364211172,1.919828490984632,2.574978598170001,2.162955826025104,1.2840187746058782,1.629040841744382,2.4675717346162784,2.337669366225252,1.7728481917231635,2.4377239309085814,1.9406118546261288,2.1976434939248612,1.9555894301471914,1.7344790233351584,1.842927634123201,1
0.3250989348782415,0.3217377404008635,0.32727274819598645,0.3272195290846353,0.29717755931594947,0.303848678787225,0.3035100921627625,0.2997695295494358,0.305578518755809,0.3133972776513557,0.3292183840694258,0.31636688963911586,0.316474499294927,0.32294136585069844,0.3199591103315458,1.316748815663418,1.360657971644714,1.3727330143763536,1.3663132882711313,1.3665357700442782,1.3304588888662205,1.3412034432799929,1.3180393016003555,1.3561384387631983,1.3593558167858808,1.3611639415673111,1.3719374099518538,1.351401971275945,1.3877735234286903,1.3756074590954435,-11.74090877604877,-10.439082322725824,-8.98907251388971,-10.172621153240868,-11.390051086386023,-11.789711272729136,-11.40149755396439,-10.114140963057054,-10.922544310512052,-10.597186589285286,-9.601091743677017,-11.345269347233028,-9.921357659618138,-9.349286527831708,-9.157844387781182,1.8094464675376098,1.741876111695684,1.5524453596697765,1.5412462242913638,2.2978944357262336,1.8484789447558017,2.475500817339425,1.574536681968125,1.6653498033621787,1.3519153200532834,1.56685527218311,2.2215364901709247,1.879914518719115,2.374207387955804,1.9327564464838998,1
0.32837524786614375,0.08873451496906376,0.2976349840789939,0.3245146503142312,0.32185420060163883,0.30095387544796093,0.3097120091876667,0.3277897793716189,0.33315408450796635,0.3225628257315605,0.30903314110925184,0.31734799137072034,0.17420734817257305,0.3069928335219577,0.30729480234729656,1.3409204350651993,1.3018462204941257,1.336624091835302,1.3204600734781737,1.3301717645988669,1.356764979841362,1.328089558423574,1.3396195887736777,1.3364422917275174,1.3863242907789164,1.3588591058328903,1.319980165512075,1.3799067040659831,1.3807600893893128,1.3758030946282167,11.539215951089574,0.9956881584830057,-15.730128208237488,-18.246287469095478,-10.770676758763443,-12.142425632208585,-9.056473550898573,-7.631326341568922,-9.640033347229775,-9.821934418254244,-10.351805893909699,-7.371330046732879,-7.948451588935626,-6.593863718765732,-5.4104547123330065,-0.02173949683708558,-3.209145954626408,4.550399075545646,3.6517043347323996,2.295940126248134,3.2034799829767615,2.765890377661529,2.3542133661236697,1.7483147925230864,2.3426101267939714,3.138694375736313,1.9624360758899706,1.7418623335854921,1.688932935275913,1.9612986060337239,1
0.33165739383106674,0.3337002089599813,0.321310488067974,0.33161082570585443,0.3291316703489081,0.32474780358376687,0.3140197831766748,0.32391282131135557,0.3452987856700477,0.3110575109663435,0.32094763408530375,0.2865763088931275,0.3008216362846497,0.30437344168406427,0.31389812985700427,1.455009003586544,1.441103593619186,1.4460769140279697,1.4393016819862336,1.4131771183844433,1.4381725932771154,1.4442885525842317,1.49726408764496,1.4809127305461633,1.44693428486823,1.405942344080431,1.4618892490371722,1.4387031895062823,1.4203628357413502,1.3794931848695093,0.6555714058289368,-0.649335221874594,-0.4320322273395334,-0.7615629100767762,0.7624008590663607,-0.6868601447183664,1.1287951683615063,-0.26412681104886815,-0.4614774976627132,-1.5585645014180614,-7.451295319501895,-9.034146524730147,-11.820945415478178,-5.9820694162995665,-8.619450899280821,2.1836839845403846,1.7894117874694746,1.5509161375210623,2.834593918423205,2.6040681699251795,2.4823320092431596,2.0345436296826613,2.9010936629267934,3.256477533304865,2.8171147224589848,3.802207009934718,5.40595376456875,3.992192119129472,3.449519700340565,3.263039201515495,1
0.3367605218567522,0.3344599111690583,0.35113369106647097,0.33359261391924944,0.33928495201534403,0.3020185758039935,0.3327662351223424,0.3398146718876549,0.3533050124803523,0.3449308906033747,0.35091304676416846,0.326256531098165,0.33330549636269025,0.33576456986240144,0.3154269703624438,1.453398566919158,1.4346769959740657,1.487655009359052,1.477226050911602,1.4495421827723014,1.423769729243623,1.461490297589138,1.4643552246521347,1.5134069874685914,1.489827651718378,1.4684048038689224,1.451811814716952,1.4419439028451126,1.461273672810911,1.4802953066439073,-0.09741263393445365,0.46664971529040145,0.2254044538301514,0.2838965794702517,-1.0941340185524382,1.5828758730106358,0.0742086052809725,2.1451448392452903,0.36712477187813874,1.651674593834457,0.4552900735268963,2.174990816107936,1.5155110312031752,2.1789876614836032,2.0767220919583735,3.0008846741166293,2.5439469830864407,2.9735691521952674,2.5432303314595104,3.111935001500298,2.7518025602988327,2.6836501297918804,2.5095583580295857,2.5914078583241844,3.04152283349549,3.218929619810955,2.2581921039420907,2.798480638796737,2.541234165922284,1.8827187185010945,1
0.34260332217139045,0.3393710966682685,0.3373116416840065,0.3596214571244217,0.33295593665006595,0.3524335497501512,0.3500162451196488,0.3385802995456699,0.35277353999090627,0.3351083832731566,0.32501271997908865,0.33658392714002794,0.3455542963243877,0.3383439180749475,0.349358798338794,1.4711926196139928,1.4631071724099471,1.4268791194092834,1.4834546285071148,1.4740651615888634,1.491746972388514,1.3967607248925582,1.4410489019777775,1.4586946924994189,1.442145707528406,1.4873294088126048,1.4336442444129156,1.4502990911522737,1.4457724845214972,1.4658301061735526,4.707456782252365,5.307525367019764,3.1798993875412123,4.3501755643124795,7.292571612880806,4.36379932259743,4.3705325022396835,7.435433076216896,7.11159633665352,6.850180481583635,7.6513000314729425,6.8330582274820415,8.208375633755338,7.11051732212141,6.496271636399939,2.2454102802955567,1.9129220587084048,1.5627343932590012,2.3396905361543983,1.3192551989374344,2.4706487369861776,1.2888640849168662,1.5602211241945185,0.6161099147709664,0.09522220252111296,1.468229069997146,0.4682394020751291,1.965835314233149,0.5031155585748074,1.6997681088553778,1
0.3343696278041385,0.3480935619293264,0.22886745415043058,0.34238238607511673,0.33344666037222365,0.33432976474670417,0.1060305553143898,0.32496188814939,0.3387383377399805,0.3443589260581421,0.3345549282335931,0.33703341745987475,0.3354230394148097,0.3361190239602584,0.3344042064417671,1.4042370588582496,1.418182938825977,1.4614884061725995,1.4816965592302145,1.4280157906609612,1.4797352806917554,1.4690089088343432,1.4418624247282124,1.4586236923012972,1.4785719516109475,1.4373774997699102,1.4709893796003608,1.461366858576648,1.4704538141178396,1.4896959073896483,7.955046349186773,9.067669969658482,6.007625950951962,6.620543770005895,8.983940638551218,8.290053454533961,7.757795573380349,8.901749774600063,8.413602062312009,7.286632488531211,7.830328295081955,8.053452379026226,7.642962461880359,7.855947606352544,9.08842448787425,1.2192406127789648,0.5591323292476682,1.53271345902775,2.002094771739307,0.9621922185948922,2.627515161191004,1.8183312148830222,0.8843916118431964,1.9516344262569678,2.2713538786791427,2.4885308904112216,2.102039657452708,1.9926000457293027,1.6886868333090423,1.515166219460762,1
0.32915695448284293,0.3342952794251769,0.05537951767324802,0.3165237574085441,0.3229992246692516,0.33128770747232444,0.3431040685972335,0.23862515319164476,0.3334588545237119,0.33460945642667805,0.330979955534359,0.31276936839513875,0.3462992004196315,0.35220252574096356,0.3447950626167566,1.3104757482591731,1.3924576903750332,1.3148658155504664,1.4057390920608146,1.3986244160722516,1.348481976791526,1.365040790134707,1.4203525373631203,1.3804707926569082,1.3899079160440286,1.376196330805071,1.4114536945039078,1.3731236978225692,1.4049249399918202,1.3913316791375552,-3.0136787236379803,-0.7562238055272985,-2.722088223927301,-0.724738390295812,-0.5030854686657733,1.2972041029753143,1.3618905962949839,-1.1553127392247973,2.1929655417046092,-0.011751308139196226,-1.6740049917087276,0.8362041844513328,0.9099559439261498,0.9381460936398582,0.296484141805081,0.05361395858252878,0.32059366122406896,-0.3196972768994205,1.5562069292142726,1.089950604568409,0.3448304255373894,0.7919037879375169,0.9841900183178748,-0.09701361220488161,0.8927251989853101,0.838327456819995,1.0095664817760241,0.4292710161050211,0.18262432837451317,0.9190106010700222,1
0.3348674864244669,0.34465236667489396,0.3430802919279269,0.34799048320678694,0.33124237517842836,0.3467062236099842,0.3520602864041518,0.3426054588771833,0.34737074115980493,0.34924367940142553,0.34465236667489396,0.3385945364820141,0.26138049275431086,0.3404428718148122,0.33964114983976024,1.3909320740488933,1.3909320740488933,1.3908951964717846,1.365441036583354,1.3739501306631243,1.4043260562707571,1.4427238997594642,1.3766187683979743,1.402620451289908,1.4014028587501512,1.4115843262279117,1.4172293647270857,1.4199465422351218,1.3659732051842077,1.4092369719441635,3.216272619127352,2.8645628852827656,5.170820109443724,4.137323566299017,2.51525187967448,4.448861785160773,4.659351358936334,4.7543253164085115,3.772527902760345,3.077384397900886,5.559835829400583,3.501446786546069,3.6027346123184714,5.995488542128157,4.59984099351351,0.3390495277020445,-0.041923064864019366,0.17042851167458337,0.6521688238284875,-0.02334618519654646,-0.056608278839087,1.3509026357609315,0.4504617495972646,-0.3521549553354194,1.1334231382372078,-0.006700522191669728,1.409474173488556,0.6524562169242671,0.20113202033468822,1.0950589444019863,1
0.3396651461820016,0.3405785504569871,0.3400154063330752,0.337387639459675,0.3081755037295347,0.3402098513026067,0.33070937947638757,0.33861802700501076,0.33191439086900465,0.34909145063376557,0.3261559812651596,0.3366041359961721,0.3306679079989656,0.34428830119892906,0.14052165369073163,1.4160442968146394,1.4199465422351218,1.36768253289614,1.3909320740488933,1.345666927232299,1.3951866780324902,1.3792698644792043,1.4006331335773086,1.4076096391259834,1.4075029685823146,1.3925420487129259,1.4125446753748314,1.4005473530592012,1.396139028210036,1.43640733200282,5.166865306914843,4.527756088973604,5.94900516077962,3.7350868789470724,-3.763439754000018,-0.33056365297403545,2.309823992081874,3.4583602698606626,5.222917626189428,6.745736180334205,7.104480028465844,5.6786983607267985,6.902075507445261,5.657673983910456,4.126111642273486,0.9350000946218427,0.5990895236269651,0.5820665335759889,0.8220704619522631,0.15311625171383558,0.6129032281542293,0.2166809468288903,1.1037404073673978,0.04154663740057149,-0.013333991466632179,-0.029937069341572094,0.17185019512264402,0.08221016807542753,-0.3015037551380788,0.03193281558860726,1
0.3280359863821499,0.3108046212350457,0.31717389538179863,0.32611738096935516,0.31245894714020866,0.32222530104348346,0.04869267975224256,0.31088070909587356,0.31994583331335125,0.3351587411003938,0.3035781548635128,0.3393546811408623,0.35794910525214524,0.3490151404161519,0.32538229390360335,1.502361999413024,1.464885291942791,1.4926887587827706,1.4803819782042587,1.514080199637386,1.4861970844890686,1.469973286042382,1.4811912004298446,1.2999777538528055,1.3177685523326168,1.3063022931082187,1.3135621697686743,1.2986065078857298,1.2953424285860284,1.3154487498833052,2.5988717061752595,2.445683367899335,3.605492741505657,3.4770043512571362,1.9934620941707806,3.06263705427142,3.60178566130557,1.6550120291453254,-0.818501599901623,-0.8373273520555244,-0.4561431892279586,2.0337863424279874,0.8275463907592382,2.4230415582458136,2.477798614330027,8.651238717211527,7.188499131826535,7.1513908450495105,7.3020867510922995,8.232976687620376,7.825399204532743,6.4849052659931345,7.749475842436622,2.4052365883035054,1.5208502726014534,2.13554640129281,0.7179650023285434,1.8717902738561338,0.3582552023255918,0.7520389697628498,1
0.34987739463315737,0.355126176726273,0.35599090070951167,0.3393402682164449,0.34792944713728247,0.3001837361064874,0.3061013481341569,0.3424585356139601,0.33846345454836047,0.33189519426645625,0.32947233130600817,0.33665309404833277,0.0680441310806022,0.23743953268122447,0.3430518219598398,1.3438557439984344,1.3537713882492612,1.3955362817289039,1.4084011520391988,1.3390439112032047,1.3894475839734681,1.3842999167992378,1.3861648787628849,1.364371125177959,1.3228055085075219,1.3359466919376501,1.3201753342168325,1.3516477360160197,1.3570028883466567,1.3466403268605127,1.6472965791216723,0.9446907016487671,12.097077853489537,6.947350207510226,5.834196205134532,4.516733399645972,5.207161463402343,6.67681319730363,5.849377518880715,4.858328271866242,5.712125098938003,5.598705016712842,4.685503809938098,2.952088550053901,5.530670935570413,0.8569187132384346,1.5704414546687344,0.3782324687921936,1.710232979763983,1.9532529458247396,2.2252834288648873,2.856538007969499,1.302310128678114,1.2256367720056245,0.936194238658438,0.215642716687353,1.1343386435941791,1.7859820849530976,3.463367656038586,0.9278351484748553,1
0.316332444569712,0.3203494124978414,0.3338405884073785,0.3245249371168565,0.3125994214444,0.3205711941641155,0.3327576043652841,0.32142491504060167,0.3306897321552996,0.3270345802142329,0.30224146035183663,0.33261536502847244,0.30224146035183663,0.32828517078661223,0.31492835574438993,1.3166653933487773,1.3502407983346119,1.3172121304661037,1.3478241431350422,1.3255853262386983,1.367319394350196,1.3352859401734714,1.341685664913076,1.3759809742780678,1.3642736159745743,1.3722789764017669,1.3095563923801556,1.3393389827622213,1.3836997528696908,1.3257837701860824,2.036315750342027,2.8102880314673655,3.067231074731808,5.073756463484614,3.1542085849139596,3.185952876422931,4.012964515382691,4.112674483437445,3.3178702188192233,2.9883881155285223,3.3058376390478372,3.8042885802153705,2.591116096792746,2.6615147387371394,2.965525148148714,1.7352840960381377,1.4712521361843132,2.36998833642754,2.1854688083084697,2.3818776550505443,2.5712618243669074,3.4885999544542696,2.288298468389908,3.371015179922472,3.043751946154338,3.1319404124062795,2.405929365179573,3.3091082962966527,3.7729061538984423,2.6063212096022914,1
0.30486227966882246,0.30449933015951625,0.19186845887613435,0.29867549814703764,0.306426706622497,0.3114856752827305,0.3123171081918581,0.3115129183701668,0.3435604103471828,0.1798578938742475,0.09223661993752716,0.286720474805923,0.30911554811338904,0.2060450030451031,0.3095210157056755,1.6163173417876477,1.641531933822032,1.6193662661936232,1.6084772070152529,1.6071656651425823,1.5795793256312474,1.6634417395308017,1.6291245504061556,1.644919902088914,1.6055854877377478,1.5994200302112933,1.648217164212096,1.6485802920177957,1.6450317090823363,1.617485832584974,32.405044748384626,33.32343021894977,35.515676979789646,32.88577717612387,32.30513434532034,33.22507056483411,34.34416707682732,33.44725398863423,34.09081466372891,37.528373379874154,37.34730210121586,33.0403503757027,34.60916136618292,34.039456510365994,36.94780174106498,3.2380842905762015,4.061423713115964,3.393812868409099,2.6929217018402047,2.9646676155713063,3.887023816417589,4.11943442364684,3.213554626341221,3.6093564971551477,2.8957698719877065,2.4999810874248216,4.679181259991608,3.548220380341191,3.5909436842271028,2.349510338472825,1
0.25469839405963957,0.22316659968012909,0.30284150301270585,0.2938325178492937,0.1534502100642234,0.3229003960515232,0.08368233847547925,0.31182696114846936,0.2742516110397334,0.30841275331404927,0.2955710770848693,0.281030891831635,0.27976506970435033,0.24231569727392457,0.2677456886384453,1.6570325450474628,1.668058906615315,1.6169146994587411,1.6507586867779425,1.6767632551947498,1.6444878650570893,1.6501493115211174,1.6483161091984277,1.6711383834639182,1.6145029494938652,1.6304181698065672,1.6405090184357947,1.661227445619594,1.6436955377473708,1.6547813359561794,33.215691156173705,33.877226152616515,33.62982074500903,34.735815216424726,35.373553392984235,33.37939192277426,36.80296436530355,34.97961700455161,35.75734501924717,33.39269711463865,35.281142171393896,34.94344962107519,35.3578921289899,35.420393315067884,34.855167338096095,4.096179777409696,3.915174310845259,3.4206143135697586,4.560670045063285,4.293376897317938,3.5871008950759107,3.5346249326413113,4.704004571226829,4.331286650048302,3.9619041645643494,3.636776426856953,3.418338795898562,4.444581707473236,4.305938479092152,4.679400264048953,1
0.30402430311900713,0.09374695448609525,0.2949111573770843,0.30620620073863203,0.30970622228843436,0.27942766417480813,0.30339546487977775,0.3015678360727625,0.3112465176856167,0.32056262330782065,0.3437396994787136,0.29800059826648007,0.3530375482749689,0.346270314123268,0.347398579887483,1.6690195309360873,1.6761787012079084,1.6338303351084993,1.6316609437794631,1.6818115238557605,1.623088579782339,1.6454176552638402,1.6455007313035468,1.657139523056722,1.6673041221100728,1.630108490596004,1.638637100589416,1.6675152956203414,1.641226765575867,1.6260223242725131,33.99168258439917,35.16392743722656,32.792826013693656,34.88123603116148,33.95774040913534,33.529641814882496,32.260870696654194,34.0825145848446,33.877919623352966,33.06051784796014,34.97537372296361,34.47185748947436,34.87996234744267,33.987537523726076,34.51877765026026,5.5586634973971405,5.513310982697461,4.438012305882757,4.24957571742994,4.553769991969273,3.014583518679048,5.853355999521586,4.295768245734419,4.460430657287895,5.089970536516247,4.3812171053862645,4.165056873809428,4.339622778853303,4.83982975010643,3.9488777251878826,1
0.28163117202258053,0.3052475094328715,0.03299067054779682,0.08049672935033464,0.30465858988283157,0.3030671876270932,0.09522887910988097,0.292940446193218,0.2960384299811548,0.3042620170427061,0.020835971995824078,0.2901986221890316,0.06664550508183703,0.31124163052791454,0.3270384292215247,1.4271944878920404,1.5157651921945612,1.4946909800189792,1.4817651198784558,1.5257365007158492,1.5714020233416324,1.552084037961648,1.5325763685599612,1.549877822866925,1.5315557060639222,1.5362472157659717,1.5596510227200906,1.5554807601335194,1.5980141487086694,1.569598682751619,38.63494680382189,36.81503388231707,21.91790132944064,20.98564762965887,19.02650270401594,34.084380711717586,20.423823170839853,33.98753030959395,33.16286143885446,33.61728411124514,38.617204106372014,32.08387321358575,36.25628839655798,33.68603944290592,36.29848368603203,0.6193650521979148,2.1498743132377363,2.119527384136054,3.2800370204010334,2.779471375959285,2.718516334457406,3.7670110515244537,3.0249416930217072,3.2728253875886217,2.687569839598959,2.237818378373722,3.76994674634243,3.8579695825373634,4.436453931804561,2.843471802624438,1
0.30780410201314434,0.32071025561131844,0.27987695255143274,0.306464625815823,0.12200911764601427,0.3327992473567172,0.3064940302319866,0.11336578113788234,0.28947669217085503,0.30726944685262575,0.27198425231751133,0.26468238764464735,0.319020821786831,0.30109321563982405,0.0764474467540019,1.5463860803694303,1.5616106530484986,1.5335614060744025,1.5440113017253867,1.61746383749184,1.5525504171672275,1.594252306016037,1.515819877397461,1.5125394703745882,1.5358755420279029,1.5097485292875366,1.580519794769554,1.6254688327552822,1.5792117218012323,1.5390823342774693,30.87423402910946,28.562012113391063,31.734980618666185,30.47875394018726,33.518469370650024,30.324613747557578,32.832611765184765,33.32578086278258,19.292337194580625,30.035969676632874,17.891797604722143,30.498537613116525,31.63698784431773,30.292302052682174,34.859605821424964,3.316589024504112,3.535649806923956,2.8751698241449892,2.3031808679359784,3.129392521257151,2.5952284872423528,2.699936872899279,3.0496160528582106,2.1867873877488924,2.454264910743233,3.7352090858055744,3.0942646406134764,5.3036013711782815,3.5867822898457744,3.6929901288226628,1
0.11507105322869338,0.3506221123183304,0.32010291013386283,0.31982427166561866,0.2955597976011719,0.12539160108635738,0.3075619811405965,0.23913880054995768,0.2810050740933032,0.30957354519565067,0.2901651744416066,0.2703224292557749,0.3036462258067001,0.3192411747922762,0.31537337554012645,1.60379625251067,1.5580499003117405,1.6026289889307204,1.5663556429833179,1.5631737730793915,1.5333866877250486,1.5548467239874757,1.5365765536385756,1.6098724693412578,1.554024129433586,1.5997030126512568,1.562824222558641,1.5512863809786843,1.5929064690148107,1.5950018741349001,37.17915587215845,35.191401646962134,33.78057027157374,34.605090594040945,34.125070098312904,38.1925527110144,36.46365461701103,36.81827785516876,34.68514359384531,36.81573330616888,35.05997734738668,36.080758055816375,34.683949163109276,35.721627872878315,36.81600788183269,4.261769453848811,2.9404057123992446,3.1384833972123167,2.734031850210064,2.357561414653073,1.9860430840187198,1.9771706161527913,1.6328536061970174,3.8519600497374245,2.9581042283540477,2.8242749250229147,3.2207846364495696,2.9189230086937923,3.6471522951977584,3.1402225039977085,1
0.34045419641745167,0.074395558809782,0.27478473663851544,0.12199589659987087,0.0609888246759315,0.30808060133685705,0.2744611485523968,0.3314702337918276,0.34786396886078125,0.3619345497580314,0.3712383404302537,0.3786421476576534,0.33239747643861817,0.3738940440336671,0.07366822538472051,1.5653266423009817,1.54350157893202,1.5663556429833179,1.5674291990399527,1.5877179940530066,1.5679919121774892,1.5635844453363312,1.5545797890451956,1.5828899700844843,1.5452951764300027,1.5677516251944563,1.549352612047978,1.567598533465248,1.569644322638418,1.4882714472291274,36.119699317748285,40.5965251974971,34.362717034543806,36.82279528536077,36.935836202932194,38.61464047516506,37.731917897203715,35.92411888862571,37.15166413290041,35.79043463251949,36.41369900131423,37.934438207014495,37.63630451406459,36.470612702230795,38.77630845766953,2.928933428119212,1.5630984624483304,3.4617788567772134,3.3537557187936247,2.9181660113162367,2.4928002652013044,2.8551606948661026,3.159287406262692,2.737549301765383,2.42746376899325,2.2314754555760956,2.746764651203308,2.5100111045286733,2.684585784668892,1.462730086196071,1
0.36135119029219764,0.07227481138898997,0.36440235052452624,0.3705625090927946,0.38444815412647426,0.3772726142848096,0.07879226883813029,0.29316484795183106,0.29233223871417824,0.30959441136302196,0.29527605503216847,0.3002367226971432,0.312284986023322,0.30170029398191306,0.05266980519565094,1.5370758094920065,1.5719207022243626,1.5263986326107561,1.5479399162011547,1.5431355077388367,1.586950263677288,1.5313276948534031,1.5609897756822366,1.5401028746278058,1.5869121198779108,1.5594376770742306,1.6348852753526484,1.5438660285029027,1.566276442946485,1.587415514461161,37.608587584636524,38.7483987099948,35.42632185684994,37.813525573255646,36.882681859000314,35.525605305823916,40.10481709385266,38.38224868370017,37.31824037065596,39.176118597691385,35.82514379654205,35.996693641801386,37.86540667616393,36.75337299729554,39.83160840159172,2.586869768033344,2.563843168596306,2.856116898024847,3.352522095647761,3.5559265634261013,4.237260092800708,1.947662258803064,2.2958034017954168,2.349327478284679,3.040988880467021,2.944576963364243,3.4107845832792623,1.3886282526315885,3.1539198896423755,2.704185721452177,1
0.2818772223102154,0.2983976872422207,0.28540115587830484,0.26580948108768343,0.314309118033098,0.15928542613924263,0.3137590679576684,0.2669723633927135,0.06298707463847222,0.05740963628840583,0.07127081488426573,0.3250484444943085,0.2571048400174262,0.22766402556646348,0.22766402556646348,1.570725059942513,1.5545797890451956,1.566343213513267,1.5863738919311319,1.5111646092858588,1.577133852428136,1.5664495210426612,1.559470280656905,1.5859797330881862,1.6133372599346418,1.6057975612869466,1.6555330887085433,1.499980409882839,1.5732975592882175,1.5732975592882175,36.52752451889387,36.00593633029766,36.170566684336876,36.51005212006595,37.376059896731846,35.79536290151958,35.873095025396935,34.33961540593543,38.89099605173976,38.71081794136424,38.441667879767834,35.133982209818356,-8.395297927784156,33.18310607985262,33.18310607985262,3.855970146053313,2.6885607752421086,3.412180264500571,3.37880417587949,3.2881112345324004,3.6949524850235167,3.43253592702614,3.3808423499279407,2.9552928200182085,2.9666330902483455,3.0430265538516967,5.802339352391514,12.813349090614908,4.208661405023857,4.208661405023858,1
0.33379129074194724,0.3109245250133028,0.294247983843416,0.15894672497383444,0.26552079269136974,0.2742449407231873,0.27402534979395854,0.27794874603812386,0.1526569156716192,0.34587862340695397,0.3280704800511287,0.34679646170488676,0.3288086098602171,0.33265260186328227,0.09417677144501269,1.723720773689092,1.710338867862359,1.6822534861383573,1.6739249624405343,1.7293257069502201,1.6622928175739593,1.6874252491830066,1.6630392911992888,1.6877914841049702,1.7347795771497831,1.7396158049546213,1.7206325721025955,1.7586057129267312,1.6960338921244498,1.6659635083619584,38.16069585135199,35.22940852790154,35.04751129679883,37.929359348798215,36.243134417749104,35.56684773101014,37.935214913311825,37.230647825523846,36.32850465256308,36.090599945630146,36.390400875059214,36.83058661151503,34.059787531486165,36.26144489322468,38.39283956439044,6.7218680441935446,7.016520260200926,5.17719553447185,4.926833407143173,6.856281594538717,5.482819612002826,5.891734765017726,5.141130878330165,5.542789626443615,6.768837684220571,6.161778568544358,5.952436763600175,7.400884295782914,6.428239075975368,4.638815773091841,1
0.3731994657460602,0.12153753426100802,0.35606271965196234,0.3673905572315873,0.2709384161422468,0.3280704800511287,0.36763337577701605,0.36729061119718487,0.31934647085561335,0.3685384241439441,0.3729029266908478,0.2387066136793157,0.3552120129118284,0.3572865678106333,0.3169813086824867,1.7337957049773927,1.6225722783597514,1.773813638107423,1.7396824024997974,1.6985306999774614,1.7709347721196145,1.8413027118607483,1.7689201351041386,1.7677671351252282,1.7253194860783574,1.6767809909550446,1.6865335436149729,1.6894775684526417,1.7381504960220175,1.7535250777074691,36.29820193154367,37.74032215712117,34.03965811832333,34.941820183879685,35.05772420818482,37.51133751319688,34.47257226900351,34.36285180503086,33.60039279995482,36.75741598681236,35.14379985409812,37.175389908315566,35.48438773389395,35.52709700780599,35.8746685766086,7.255767944377589,4.8411313562963905,7.916864603797868,7.29041124086419,6.763958825789178,6.948657074211739,8.693985323602142,8.347477181731161,7.06640020705845,6.658188087820565,5.821274963595612,6.653066265567879,4.932214231458265,6.964939026065154,7.695201648406246,1
0.2849615904894179,0.3232010821140424,0.30299142517774563,0.30681397686469947,0.31091101535609467,0.29235985108576945,0.3118549076965451,0.07040787560463538,0.10469480125707767,0.30615717295096084,0.3300971633555534,0.3022709102417209,0.2901466416998723,0.08564298289016921,0.30237843987937174,1.7110219434051328,1.7472448130099036,1.7046323073211165,1.7664431149833992,1.7565309451668545,1.7415101434874412,1.7409528593779637,1.719591654049883,1.7473914001677016,1.7440897254721015,1.6995528560777584,1.7398089865707527,1.75441049642201,1.6853897612987443,1.7325567217038405,35.81515386718772,36.00274086855532,35.13729968383447,36.05396388582119,35.93088537156288,37.84012805132275,34.08184009438898,39.95689547079175,37.508771754358776,35.365414269518055,36.041546232362634,36.81092154562512,35.84717323764704,39.64521814318712,34.724585067187434,6.429597959347519,6.372708622834673,5.20735621456658,7.208447730906956,6.6352132274218505,6.759310332362981,7.435519063714013,4.2610538909656235,6.9353988114689855,7.0923431637799945,6.263318339357036,5.664184592244695,5.754859265788614,5.668762391311165,6.446818736741259,1
0.3126538519634333,0.30127683923732074,0.23749655100884554,0.33479215117442085,0.2427597890723746,0.18828809588160933,0.09909948398953503,0.32709776915494115,0.32837952895690564,0.19654971943629515,0.30442198108069685,0.09661066665224027,0.08062672897943081,0.2895441371859939,0.27259429175623684,1.7390923173750874,1.7525026341713428,1.7386060533591265,1.796130107907695,1.8141750050051013,1.7802808811815598,1.6990730479095386,1.7840359283199188,1.7565534553596998,1.715037566974274,1.7368755645916356,1.7679193992214233,1.7578081906167473,1.7899160646899899,1.780737673596999,36.40975038026369,38.18610320288573,35.60703353075493,36.03972363948185,37.13254311191616,37.012285085957984,24.485340229741155,36.09075781524692,36.47691025676929,36.8152242115371,34.883923156516346,38.445218670768014,26.000056603104582,34.87342150150786,35.84787268624109,5.469692200278629,6.20755687659139,5.877428541863104,6.910648380456566,6.946204097172141,7.0890416752578975,7.154020102793648,6.927905020319709,6.526013123553245,6.483260211075701,6.757756637887371,7.322840739173148,6.510885235056133,6.696940708784467,7.237837449071411,1
0.28434007215411683,0.30496748158567305,0.08145962954497886,0.31821834760467704,0.08666588955560471,0.2468018270086461,0.28086665482760065,0.267289150217678,0.2974778734796262,0.2974929846856391,0.2849615904894179,0.11360005406975682,0.2985458066657805,0.12511240009848512,0.13301251879834225,1.7288397137980671,1.8009921992770714,1.7136274721206468,1.8168826789430816,1.677885881502323,1.7521675396482783,1.7083350621463176,1.7718516753743738,1.727518870193319,1.773813654482135,1.7484826032708893,1.7275403609239748,1.383815341404114,1.4502762415253412,1.826424531010451,34.295235502592874,37.06155944062604,25.085589328920946,36.23730155741529,37.562934730034186,35.95612676498345,37.16480979625712,36.12641675407596,36.3063178127519,36.684183439517426,35.27299368832382,36.70951532506601,7.128357581297678,-10.122097291465508,11.48924716248763,7.205612785024442,6.746031268292776,6.341399585966344,7.021206336387988,4.79230279705114,6.356653369510833,6.496128147767125,7.0490307894040285,6.923491483324821,7.3133515442720505,7.884458434616711,6.112608375343956,2.5366815647964844,10.119875326210149,9.728127835454433,1
0.3032675458459168,0.2957496678256274,0.2983400333074878,0.26204367435750653,0.3043516220541985,0.29149200810397324,0.11436650820219976,0.2981997644141251,0.30038419898575563,0.08552953768230195,0.3068351213559194,0.29995761299062185,0.3070907659584177,0.1041868814469308,0.3065517975256762,1.5872667777118301,1.6025356979288898,1.5522729339840733,1.5875700275184679,1.5944810656351078,1.607444574270478,1.5962254412208556,1.6136484097094943,1.5794547671936088,1.592619231250055,1.5619646396426154,1.5619646396426154,1.6081197132853475,1.5811196104372196,1.5911439845593867,31.550301447704044,33.93486284162125,30.832302274634856,32.73344378535543,32.518597914476175,31.039797834611136,36.691016535717125,31.591774728736084,33.4830945725615,36.59688388480248,32.562671775810685,33.15939963095735,33.687844635485135,35.67324274843918,32.533589481259526,3.6541531293485527,3.2802097273588706,3.3396534541035217,3.3735547774380144,3.38110578794018,4.604732699142017,2.2447264259732838,2.450732995672077,2.5656261805675276,2.672487374854279,2.6717915130391066,3.518110789832287,3.343983463268269,2.632276541681362,4.056136669889805,1
0.3324010184952022,0.050109028655972304,0.31834753621985257,0.042328758582279656,0.30825733500684105,0.2990703268078224,0.33971860356163774,0.04452635524090146,0.05836655153124498,0.31680816184413746,0.05544896626711889,0.2645902898276243,0.03928939140184923,0.07341744454337076,0.3393350093545021,1.6561788829259558,1.569234958723707,1.6421438566910758,1.6408910486377368,1.7076801634814929,1.669489592798038,1.6586109485343292,1.6912735828829788,1.6922908811658122,1.6440099684150444,1.6455134279839383,1.6814871975486236,1.7203352592510717,1.6741603085208172,1.694504388116933,35.288796474033575,20.947628488918042,34.73548910512059,21.20098747204139,17.84710238293323,34.25394325927172,34.6296540460246,22.927848945287224,21.964035421764294,34.377547813957506,23.692662118863325,35.64849951063135,20.690134874240954,21.331625845193884,34.282215400643054,4.506501207637415,5.8014068242140375,4.763092923256688,5.994836233648156,8.72512422705121,6.304042081553272,4.020841636089594,6.75199572446975,5.786850774500608,4.070587593107788,5.222119736121806,4.364983488997213,7.384538702861579,6.2870455599979564,4.8240888124014,1
0.27829211901422113,0.2946902868333565,0.3378111100375799,0.05598719469712564,0.3159077055332177,0.3075264025191697,0.3123508610113487,0.3214755200370404,0.31438194746902115,0.0943001156959129,0.3094801565630677,0.3330030560540168,0.10036261997301939,0.33185931515017236,0.3337104850579011,1.6714270463699636,1.6843095630311515,1.7146616064102744,1.7189655146712037,1.7266866879034246,1.614543769320103,1.6818915039258944,1.6568865496891296,1.6764263745868728,1.7296908914413827,1.6507732085852762,1.665290807881201,1.662418852774675,1.6496602643471079,1.6523806079292718,32.92441375311557,35.286497809025576,34.94166995470093,22.11230488928814,37.48125986263503,36.49040630168966,36.978394764172435,35.20965368084748,35.527224926710176,37.16863145920979,35.007261806583074,35.738503627556554,19.659005763033264,35.55102763479351,35.45420789235828,7.013573664107127,5.510108844438392,6.283121092022365,7.819282374316481,6.652583325920254,4.6269744217202815,5.657057795232218,5.607905168393409,5.3215943399565955,6.396709689220017,5.579841237357499,4.646812340602743,9.307291260153859,5.429830574139327,4.932245590201757,1
0.32336021067146636,0.08177770616506609,0.07113414890962817,0.31851364913995905,0.16512280959542272,0.30379249971989797,0.07689452254524992,0.300265972812065,0.28638076155882053,0.2889376110417266,0.29527799208976735,0.30829426042862307,0.2925220285464617,0.08602358379634983,0.23566910388586915,1.636452752118547,1.684149979583726,1.702481531100697,1.6885873359068158,1.7622358629443977,1.7188962441794893,1.7147397815577956,1.7239233674408045,1.7147132251709674,1.7131217105250078,1.7196989950209038,1.6948387788727914,1.6642339219591256,1.7326126598824676,1.7132055439032832,33.65572120843788,36.27966977957348,17.81804692233763,37.15268763738072,34.99210895028364,36.658735994407664,21.177477626330926,35.295027187898484,34.23192251713175,34.827826905806035,34.002084674276375,34.10605004436036,34.87433269896337,19.98173258934304,31.53106779137468,6.599262871423314,4.587327479177474,9.209487542663348,5.644064089114066,6.908206387874966,6.093604468086965,8.765891516336524,6.23160493279155,4.82825418101837,6.663695123462802,6.976829600573478,5.277334557019252,5.083820963745357,8.965848506392703,7.199362944581738,1
0.26256467669913774,0.29588169519040647,0.27161753400418226,0.2863347634997987,0.23996405808389187,0.2849852609869332,0.07777680783920182,0.2943283677009334,0.24564603815807792,0.28331721564477164,0.1354895322490407,0.07626371690926921,0.30537046802097656,0.30167495112828846,0.18761519341936642,1.7360746721339402,1.688358887554,1.7024484361927708,1.701650601519148,1.6753701729851493,1.6913038756325431,1.7386417764769528,1.676753339872983,1.7009261444338384,1.7024658376415474,1.720422936369812,1.6935612107754159,1.6856571899534827,1.6591715298363117,1.7370721904814939,33.484700276457204,36.324157949077716,36.47839285014953,34.42533415052844,36.34456575107265,34.30570463042008,21.662294297541735,36.93661307432279,38.29467794751375,34.610040092057375,20.94605741319029,23.818224460047162,35.772521201682196,34.44198103760567,35.63119289493358,7.565162472162671,5.622989437347604,5.904672311235766,5.637561961213745,6.1941193760790165,6.9239826395037705,9.009581551891511,5.967920983301712,5.801046885871117,4.895372433799467,9.912953683995962,8.275393510433522,5.814534195785438,4.468432198700432,6.342940573725843,1
0.09685575910880015,0.315798876988797,0.2523277365118656,0.3247273458214417,0.3156463379171611,0.28900799377186165,0.3287008407607459,0.09445357879405322,0.29635569179447674,0.32931144730529405,0.2861334750105097,0.31186811097416983,0.24750370393944177,0.37755381778293684,0.3524360992148362,1.6959263152853157,1.7232775873953914,1.689517712502467,1.7519016661974134,1.6970983446206473,1.7397670917779062,1.7105918696646276,1.7546034273746267,1.6777592158202868,1.7594630054984086,1.7209628869995728,1.7387645954079025,1.2813304865721469,1.8904392081702786,2.2204281730620425,20.38459341220235,36.22827958665107,35.779812539517366,35.90702537964219,35.81733748330578,36.37351769360325,36.42178583967035,20.339626399819508,36.30812218598703,36.49873416471888,36.011236851519726,35.03093676490809,-5.2220995985036325,1.00969832045962,7.660127652012221,9.412162729782288,6.155813047415406,5.446358234449151,6.139615817942104,5.4629222210663215,6.7900444883881095,5.836416617425951,10.314596536253848,5.01649324634749,6.582709337671624,6.552878728478871,6.418960303352427,0.8566344349003439,17.250864999771043,26.15083645116186,1
0.3076268714466277,0.31591854477133846,0.3387830743208919,0.364590476797344,0.3521480880390319,0.08545395550430941,0.2968021633359785,0.31448660215764196,0.3252207258056954,0.3352802632431452,0.05949497063522191,0.30578371945964355,0.31255732628343524,0.3228107448882318,0.3360126796983394,1.5950603292557954,1.5452286103117072,1.6571875404359435,1.58208120765846,1.6516125218321656,1.614937984418845,1.6575690319997045,1.616941132899623,1.6117891376402977,1.6247105924778817,1.5872693907319972,1.6114963217439562,1.5899212176051203,1.5867257319688657,1.605547180594503,33.07374345922892,32.94381183124557,32.01899061541755,33.165558074716444,32.291996648654475,35.684004073432305,32.69168148739533,32.0809924652512,33.61503894352708,34.254355000107665,37.01976188832319,32.333944548498636,32.07513653917158,34.06884036170109,34.42021985916631,2.170100295898845,2.1323574160196217,4.171046146324144,3.0125579696499862,3.694923776326523,3.6551135132696992,3.4050187419110345,2.8823424174770436,2.413422175185178,4.285087486873997,1.8706921098811577,3.375242650589649,2.8191445267849238,2.3933175523086185,2.935756610682916,1
0.1324271859678275,0.13353030405180108,0.11028632628318169,0.18121748837415116,0.3056653456286506,0.26901737736091036,0.08562608952643459,0.18285989091418953,0.32290633002547153,0.3060721845096661,0.20327122154351746,0.278816258977997,0.10825940586176612,0.2713130594114424,0.11770317366317079,1.582033265507293,1.6079745394155287,1.6048537681754853,1.594444499118763,1.5911549165195766,1.6136494810044015,1.5954613076105586,1.6202476940900967,1.6017262583550935,1.6585472720143164,1.6468568152857097,1.6245846942090647,1.6198645594158243,1.582467618461443,1.625682779495977,36.90612274394465,35.4969363449396,35.60027805837606,35.44081727069914,35.28893150885426,33.54191603847778,36.3597453547919,33.775909491273524,31.886721965185217,32.54191794850573,34.53440051801951,33.83715319961786,35.64675120247364,32.73508862630973,34.49188031523002,2.2788355982835653,2.957529552439038,2.5897951902211935,2.5241766720496575,2.650307267910062,2.979460253072173,2.742952253087079,3.5981876972385876,3.5204598472363124,4.8725293393882545,3.6523076804718495,4.221492329190167,3.1303765734073505,2.9621088630329986,3.3228282494702053,1
0.28334498157300625,0.3411419270817152,0.34528959760619754,0.34407859622119286,0.35207879202014236,0.3363110601427891,0.36278995080373627,0.46082184655886416,0.5491387594482764,0.5174640089277928,0.4287418335362574,0.37498392651718326,0.3399262926894254,0.3571186477986916,0.24457560881619014,1.1547182277205288,1.286387950435341,1.1669423622079176,1.205108628489888,1.2680908042059273,1.2895945661246617,1.6945033492271386,2.732072431886462,3.4712113935448223,3.633298635034473,2.623079773953614,2.1368094229936765,1.3207094998025262,1.4385660484508105,7.25709309673098,5.345224713075481,5.7113976930182275,4.306197106352499,1.3398635286874025,-0.06589564818509075,-1.5300511706135467,-0.1670487035491135,2.307562813730442,-10.795643020856062,2.7296320992917913,-7.297585115064948,-5.941925510475045,9.187899290790284,6.232094770912255,14.471193543394321,-17.461030172804744,-11.323099393687704,-15.609783698944097,-14.023580372784801,-13.828808336136202,-8.48956949313224,10.771436177012264,25.723859941969657,60.023219602975104,41.7563419791496,29.615009127518697,20.517933464930874,-7.235326335863489,-1.1971904701609217,41.97709833495478,2
0.375682678064427,0.40670641199089463,0.40455733092988155,0.3940582188016079,0.35427997189512184,0.4250272166040466,0.33777549794195727,0.6162283964239167,0.34176217338804643,0.32394752674905364,0.31172177178440463,0.34102859610762426,0.3860646492234152,0.38606464922341527,0.38606464922341527,1.8570709942944996,1.9291998975016404,2.1704344935058564,4.652031589986999,1.4712332917512967,1.7756384394249878,1.3776554458074382,2.619748196718274,1.3102257569624536,1.3786451928742773,1.5031744078001996,1.42736691086394,1.9560353847909884,1.9560353847909882,1.9560353847909882,-2.0826613780456,0.27139819988965996,1.573061538553901,0.6326807256439508,-0.6815386855884071,2.9135548104748636,-1.5418258059791867,-4.742176777991034,2.433546032026044,6.936571780868633,9.422790445017142,10.71564589007599,2.154253897912163,2.154253897912163,2.154253897912163,19.65103920365992,21.55416411246072,18.827153860186545,38.98603889800418,5.1945442270484445,12.61075644953449,-0.6567234711121376,36.82368959090831,-10.493399322556687,-3.494510809537507,0.8851245564429879,-1.196171609634772,11.557642140450374,11.557642140450374,11.557642140450374,2
0.3049094542972833,0.37397556593330483,0.30416782509902457,0.30338306976783225,0.3058666212388492,0.3029988674745121,0.32916119443357206,0.30702214373499137,0.3165360607931057,0.2808820222553666,0.3215942309139628,0.36595296488172935,0.3194751273892287,0.32339735987591,0.3407558116201086,2.5469167935211168,1.27654154846784,1.4355054728937777,2.1174078920584645,1.9081324146009704,1.721158815608809,1.8753132150825047,1.9334445688617858,1.9512619617685625,1.9795608973212453,1.1364663012724399,0.9979183591587637,1.1038739687664245,1.1519194772211372,1.1773433545502348,6.036029764823809,7.710750743741386,6.715903608867791,6.101552343232072,4.766788130173865,2.3175578356421056,2.8333312066683334,3.564828666723116,3.1102532452253513,5.122131243716751,11.308401088504837,14.322913886668601,9.446545344024003,11.944026692166972,11.085290376775788,23.426942345935597,-11.951903701283115,-0.6017036633682734,20.011682340848704,16.39339904648251,14.061035396694678,18.026141506672833,19.300031458671175,19.031333115981905,19.44624208238109,-17.190294687327356,-26.797598766368022,-20.346344017290434,-19.01329052506916,-18.17176724531754,2
0.3559893901385034,0.3975396063117501,0.3476610270955459,0.30948035255951556,0.31313332392677384,0.3144731514834982,0.3159582901012957,0.39315907987816556,0.4567380548607959,0.4087620702882234,0.36878902396804547,0.47151287799465924,0.2287222645694651,0.3601475779366337,0.3601475779366337,1.3324197694364437,2.281552605834928,1.7444963422372721,2.5180649529683645,1.3486738949787465,1.3771796116407957,1.1734060055035296,0.8690871570960421,0.6432343538310947,0.9201651633308101,1.4072184918004191,2.3695647682294427,1.3645151622577347,1.4884290983958173,1.4884290983958173,8.935247866851228,1.792218752526054,1.6164704574688358,7.046047804384784,9.969836453220893,-1.904363780733604,6.392218076002052,-0.0955517520172009,-1.3319835803237652,-1.548043646802654,7.778749431355237,3.3071773872575534,1.209447846820325,3.3205747166161337,3.3205747166161337,-6.502495789173044,43.81775077850192,17.706443026664868,27.587074041848247,-6.855344864383397,-4.103773025729585,-15.540644214721809,-35.03101462742082,-42.613600271451894,-28.47405886961353,-4.172938178619198,27.384126952662182,-3.841638461859698,-2.356931807945828,-2.356931807945828,2
0.582794978675929,0.32798455420687356,0.3464754228957333,0.364387645611986,0.46729268923944844,0.08595490273537082,0.40098783735172616,0.5501912270595223,0.46099951696639263,0.7951415205447512,0.6160349934224558,0.3652106034093067,0.440414558349802,0.4017163723644884,0.2805632746100515,3.3462560247707374,1.1068497135629274,1.0832098979713658,0.9927561687598976,3.8506974490233614,2.6984702802632845,1.7588496543360506,3.3738686444557535,2.95459520779844,3.9245807217886814,3.388001058115692,1.5144784120272607,1.6675407898307915,1.8373374373819424,13.070616700559006,2.2903037371825405,6.13143789911129,12.354787455327795,8.707945074407263,3.7051147176732684,44.64059418760979,9.385154781167358,-0.7261474346291834,-0.9097882928631975,2.7286924209489314,-11.07354524259543,-0.045259049102838844,-1.6659655665200432,-0.5250196382891374,18.31940312030227,39.35582266452898,-16.74245569203132,-17.439704487463466,-23.219246609099805,34.87023792736081,33.74284632692851,16.589293726196555,33.069431508922875,27.548953096884816,41.23271614511053,57.70920097274371,3.941881424250838,10.810313353870052,13.718026565387648,47.255192432570745,2
0.3368531473645455,0.3711848015403525,0.36273914526713025,0.3421365179951422,0.46670620819063846,0.36899218494041475,0.35720875730919543,0.3663868948216382,0.3432837639678309,0.31720528926417757,0.3813864284548337,0.3441779604365445,0.36828058044659634,0.3895216405914289,0.36772360177520713,1.463336214281962,1.434934663119916,1.4669259599199778,1.2237362040389146,0.7658185079968988,1.2114086166474587,1.4336210593783054,1.4952872804334034,1.437307463355709,1.423742519587172,1.5168072937184274,1.418649757932803,1.6509106893749068,1.587240269317932,1.7892188091345054,14.429341352958005,6.533999593516256,15.477987433045826,11.753817738729538,10.27546042461924,10.27164692860444,5.838580637315033,4.987721219022291,13.693890254881524,1.1954919275334817,5.013830712917155,-0.5195790100158888,-0.08529963481365144,3.0300567933243485,3.6537052549537066,1.6509862915196052,1.5831541815531038,-1.7311985917511217,-15.785087402022036,-37.0586466812345,-19.249304262297397,-6.558998912267676,-6.329002706768312,-4.353748487969203,-3.6641601537158865,-0.48069094046742616,-9.094346295489903,10.34343216244965,3.0278038622682217,12.693052937292139,2
0.40695885161134926,0.22710695863354322,0.19425923176173904,0.4423141744641703,0.28856772045507806,0.30789957028124326,0.41311269687518504,0.2119588111179037,0.21794933314785786,0.22689788589816115,0.1922021913707156,0.19605410258523473,0.3778194784373424,0.3605000813159578,0.3599218286667155,1.7711799325937791,3.229007515649075,2.2439497887998763,1.9727323023404466,3.3093009831011386,1.9015063400475658,1.624281260878453,3.17285845459192,2.867822820033244,2.8472891465560743,3.131490397411715,2.5196847999967007,1.3951952633767724,1.2535674266283174,1.2943068662149937,8.522942230925537,10.746188134285916,9.297502177553753,11.703881263658843,8.37471989792806,9.250871992416137,12.748258908160778,8.447811867446973,8.23493487781883,7.185133648256169,9.378721426501698,11.84838942312524,12.81417566661051,5.78575061567193,8.245815597479435,16.00443361989792,30.623402031666057,23.455577758758935,20.362954999637143,32.06245647461124,16.63920848458283,8.930931585157055,33.13897433314015,30.110192114356856,28.778865734635442,30.253555108161436,26.00141102547781,-2.8258288269941496,-11.841514343962686,-11.06321612416161,2
0.5487197045688033,0.2549161078530692,0.43332277741281966,0.42259961434153653,0.441624745752788,0.5030079629228921,0.36331410945144704,0.35958477411738815,0.36605022861452374,0.4393397536723631,0.4369351156356176,0.22260492671296878,0.36297202907606885,0.3598872431543336,0.3939199352347585,2.7525795285056196,16.469644662303622,2.005905162989212,2.1142449221658057,2.1923432377033625,2.829657873648366,1.5430587552680832,0.9234268157362056,1.543969857289825,2.188783082354848,2.128087137828491,4.3190725839536865,1.2261110926845131,1.18463536232743,3.101537148197076,-3.615099107511469,17.463880965809835,4.333721701548541,2.5724676075751063,1.0136420125471375,2.789962487835936,4.782083056790555,-8.231490986256944,0.7658018529639321,-6.0741751677002185,0.8201327135993779,18.523943710157965,10.323073873053914,8.501359118729823,3.854950274224535,33.201306189913076,44.03401662147765,22.24003497632912,23.02089466637145,24.28526289751021,26.322154273400425,3.3345188424894023,-26.192062551565943,7.580275454540562,22.861611947091834,18.581954584514317,38.62847337169714,-12.764779838486756,-14.575951843752959,15.039836399394963,2
0.36851925502560734,0.3411129433092984,0.3477354955135977,0.40787362106515695,0.5034105371261999,0.5423127060362112,0.3482275013092675,0.8136571499327916,0.324188112670483,0.49823933500403184,0.4748551931484427,0.3368619211051427,0.3368006756774915,0.33919252193086974,0.3310154253581895,1.2785562434102231,1.2651730776425614,1.4593366256767415,2.0255615975235757,2.4363363666098876,2.8248124483180956,1.0660530443757326,7.347643972759526,1.3751720914401668,2.2904048242496966,2.9185813557964755,1.2425841572195255,1.2837758574484368,1.1618035818070458,1.4433048180903916,12.620166946530759,11.017838261663826,-3.7662663452092886,2.633571993372385,-6.281329640060164,-2.7564259988313893,0.24545400655557614,-1.2540670020195535,1.1213045094644656,4.357703415569603,2.8575868001576907,7.7695800643147095,-2.9290249794586316,-0.23819658837302882,0.8798363629813082,-5.274193451296979,-4.909539036522222,-0.07962505062501697,20.01021889329901,25.96064386277132,26.42897790258474,-17.419280759429466,45.08931030896433,-2.6607853417257847,22.583969349670657,26.985560807063376,-9.562002498506928,-4.289791502089283,-10.426022645587933,0.29306382024500693,2
0.4524811220831436,0.33617099532208605,0.3293477819271407,0.3269177938427106,0.3411815825120388,0.3355565531741935,0.3509691094341334,0.32791057375779925,0.4095667727699535,0.40016192777167126,0.36219649163433243,0.28808760431917163,0.34383401826849375,0.3541832559089899,0.3541832559089899,2.6022289725053516,1.0504173132809536,1.3072636321283881,1.3910957802461748,1.174775839476603,1.492664846270041,1.5229419591413498,1.135692904957146,0.9328717592297543,0.9173798827762485,1.4125004122334108,1.479023809323607,1.4683464878575874,1.3759387384174322,1.3759387384174322,0.02815565577321877,1.9964237205199709,0.6892074613858199,2.0286075704236737,3.002670881821615,3.8574125060580684,3.6299560809423497,2.53828073249025,4.499050384786983,-1.3197548681579576,4.147364954912092,4.162876907536685,8.806103982045784,2.9281812285029654,2.9281812285029654,31.961777476103553,-18.857019806842935,-9.43848120983344,-5.030922874988396,-14.354240898941105,1.2737496063830662,4.361435879545015,-16.178657006437156,-32.273693824927285,-27.98415558583759,-0.7572189059366328,2.6029274648057883,2.2620374599935893,-6.339420171301041,-6.339420171301041,2
0.5378514325346575,0.2640060016157646,0.16001004286200218,0.1067235340686564,0.4121373986084034,0.30836985775200276,0.1535218288099856,0.33473493719497127,0.2951736793996497,0.32723973200689194,0.3039413991907324,1.3661637839781122,0.2090737672804115,0.3488134019990551,0.2626549864047706,2.3974227259770315,1.4249576098849581,2.43218900872943,2.3012781923749,2.901374263116287,1.6199032313072828,2.1924263637196515,1.6615020116619195,3.238956340958619,1.7490437803494996,1.909372459467146,2.578772893236959,3.880695083036616,0.6595179515270708,1.0263101559615113,-23.496556114600452,-13.613959876456533,-11.251839334814889,-7.700860329452524,-21.011672838944122,-14.07250085304807,-6.3406588456805935,-9.918995502437099,0.23196466566986373,-7.651824572448277,-6.881530993439753,-15.116048259084181,3.6335402610225174,-24.82571047158868,-9.397788983317497,44.192248810945344,-1.275285526884036,30.01543677940341,26.91924425217242,36.79384348365572,15.441007383841944,25.771406305031345,17.518770812108333,35.28215850447898,16.497409656816377,18.416043902955536,62.121373751135046,55.63804539747693,-47.336933658787,-25.039978602316367,2
0.24102075727866085,0.2198509691809193,0.2610771080467124,0.25046051175093054,0.4559590450583283,0.35946803435101854,0.39572345016309796,0.2898523353764729,0.33741420973987746,0.2803610667805815,0.24884052744187415,0.20046498277249247,0.24764336558477612,0.24213062590260814,0.28787621353059645,1.554481174529025,1.4605516337564108,1.3372309232318949,1.2013759818065866,0.6404165387390603,0.8979175935073517,0.97514736499991,1.2928468747699005,0.9143076321284569,1.4266865602335126,1.7837495009755513,1.34743503126661,1.9310065383266402,1.5416138009975167,1.3074833678048878,-24.554884254257388,-21.320793123560236,-17.888799351589114,-26.514965353457683,-14.032019086099524,-20.204502364873377,6.034162691650721,-18.834398660336348,-21.21269205343927,-18.869543858618243,-18.30856324666925,-14.175881454279477,-14.031680568727012,-10.527619145159008,-16.74586998781537,13.683703370413571,1.1216823288904574,-3.881419428649426,-21.151965657681416,-58.134186008484306,-37.126355224144376,-27.682979785755517,-6.580949305045624,-33.52507834520323,2.281823397101835,19.65984313394888,-2.67261456356913,17.29354447879086,9.940764703355363,-9.055299064716575,2
0.3006212275888962,0.25913116923363766,0.2112521622076729,0.22490042827959172,0.22497073066585357,0.2384244994323902,0.2226054948021315,0.32486258300792314,0.314990881265732,0.27469038476504054,0.2544324030789307,0.25917108766616365,0.25917108766616365,0.2591710876661636,0.2591710876661636,2.42646691730888,2.671509547422488,1.632474084668144,1.6886067547237362,1.8144582229560617,1.6249415538965724,1.4084358069312501,1.937816002178557,2.096692406573969,1.2108026271218402,1.3771125659681203,1.808119680886329,1.808119680886329,1.8081196808863287,1.8081196808863287,-15.38562179491774,-19.446960078968914,-8.637548601083239,-16.10643859346183,-15.283638412655137,-11.570192380113468,-13.400272430179427,-27.492042754391292,-28.992245228342824,-16.10808301437777,-18.032678952563003,-17.314156567368602,-17.314156567368602,-17.314156567368602,-17.314156567368602,34.805354964736594,29.001250769212,15.436943471009716,15.71205643595921,18.10352498011696,12.12284584301754,2.1433048735261293,30.00203751793927,26.981664655545895,-15.567233473248626,2.0648164247910294,15.527869678418703,15.527869678418703,15.527869678418703,15.527869678418705,2
0.24519025819114554,0.08276844862410382,0.24330955037610635,0.27150281572870005,0.22347337573452936,0.21460264063859213,0.23889034763523115,0.2026506494704291,0.30559599833576023,0.4617688006790077,0.3839762715502908,0.4846230150656796,0.37230521625344687,0.2856938799784138,0.28688223344724545,1.2275754588759922,2.3021592063392733,1.2429882261198801,1.2193639542790469,1.9110493383835632,1.308299613006185,1.4996532377105234,2.902873251661311,1.6556015126138948,0.4783294443963757,0.7297972354982324,0.5791315476806134,0.9431606228954268,1.2062429721287902,1.3718732586849367,-23.589819523459653,-1.3408079237009076,-17.958080155991382,-20.89267393756819,-17.512229368571866,-27.442776690963427,-23.389744746209345,-12.024357652233192,-5.787474239111333,-20.437395927183047,-18.09264586861758,-15.455051721815039,-24.014518704254016,-18.253446145222085,-17.58507304320722,-9.299465020644282,25.385212651796873,-8.342269753260432,-9.256169242871922,7.303527464169442,-2.3934907063995445,10.779417008568135,39.107238133858665,20.598771053121634,-52.65353089600768,-37.11390258132395,-47.086764089877015,-25.64458985911782,-13.224013489834212,-7.274287809130149,2
0.2992815479164882,0.2998581764924539,0.2808920200436925,0.2059450122925979,0.34268348899789125,0.3005753001071627,0.2446691901416707,0.2508735538665628,0.2830931611332905,0.2303333053714649,0.27382047563632755,0.27382047563632755,0.27382047563632755,0.2738204756363275,0.2738204756363275,1.241853067684629,1.559502903700366,1.1271137194996994,1.473980626560378,1.585993903612407,1.1361302191455191,1.1992654884500908,3.572579945058727,1.301194126887708,1.281985197375169,1.5479599197974694,1.5479599197974694,1.5479599197974696,1.5479599197974696,1.5479599197974696,-19.54638659423898,-30.37543483724758,-26.04782548148802,-40.863109708578946,5.741931466883415,-19.92278568046609,-28.15963951989383,-0.8707532755884984,0.8706129469121322,-26.123969526752546,-18.529736021045895,-18.529736021045895,-18.529736021045895,-18.529736021045895,-18.529736021045895,-3.298633441681093,1.2376933168793387,-24.83677830767778,-7.3295977308474916,1.3017452562405554,-19.6360828514671,-21.19149620230414,39.00286847006493,-3.3457379641867777,-5.876794481374211,-4.397281393635376,-4.397281393635376,-4.397281393635376,-4.397281393635376,-4.397281393635376,2
0.14556839123098436,0.18257058265518827,0.1999215309967347,0.18604760879372056,0.19260834966445048,0.18100356573472598,0.21349646227719943,0.18244952586101187,0.10005858612111093,0.20496576401647343,0.2743850107012843,0.23173379815555742,0.24222191269345836,0.05283947838610799,0.18499075480628632,2.300484224722441,1.4910529869225617,1.5735516700230356,1.3824307195041068,1.1025024052412673,1.5473374043543622,1.2942143640823558,1.3748043384608721,1.4827737997139219,1.3669777240696863,1.0906463181408426,1.4538681502693818,1.1504505518778123,1.6151314497461196,1.4447304362234836,-16.061548891821474,-23.743259475283253,-12.315451729307028,-12.679545515600381,-21.923114417744557,-17.417098751811807,-12.294613599534273,-17.23304652086273,-19.286696610911264,-10.180878827966012,-14.609813921101875,-3.6595434196583767,-13.410739811648199,-0.10636903544644838,-13.92298003776412,23.853644141899203,0.16543685287916918,5.502635112150778,-3.410232377649937,-14.742025581576478,4.866993285669381,-9.161192970134092,-3.8734384305002094,-1.994969666455197,-4.266591655878673,-21.55539808281731,2.5743058373029903,-15.447679642407616,9.255837824559183,-2.0166196680684867,2
0.35503094066433727,0.12728902164636638,0.09934179928411173,0.33038825318429355,0.10362408767687645,0.1743387861688396,0.09883101830096487,0.11913910162044125,0.3471729942705249,0.10176991258898808,0.27426038470488256,0.28557773137605125,0.29038773401816453,0.2857202618864862,0.31470412859159647,1.651137835782361,2.093551850644966,2.0948278372986184,1.5773496697216571,2.1407061252979425,1.430060824826995,2.1830231262099122,2.008754600751657,1.5159939707123404,2.248580900000044,1.3845088814745163,1.325415898851476,1.3244213355119276,1.3532604707408171,1.2387613587862607,-0.595725627393108,-0.01034112162085421,1.6195837270543905,7.352112822091243,5.181920308727655,5.576341160677487,3.8468777999146084,1.8543168173176525,7.355101187049939,1.6369477878515113,-4.06902028844965,-12.092104075778849,-11.68476948739368,-12.492947480959941,-11.107852058964625,11.813101624893925,21.13198315688743,22.330362582067167,10.295751568468281,22.060428085263798,1.4985795141819003,22.017438912016047,19.230311134096198,9.144622051642504,24.9529085913062,0.22152849464610538,-2.2302505423162904,-2.3860911723700284,-0.23185625529975284,-8.080212334427213,2
0.28656274164003154,0.2512813134670407,0.3139075738501712,0.255643518311726,0.22155128525521073,0.2737111236912988,0.2836224502157513,0.323119408689853,0.2761749268901354,0.2761749268901354,0.2761749268901354,0.2761749268901354,0.2761749268901354,0.2761749268901354,0.2761749268901354,1.4135103717542798,1.1743025448179671,1.3179692915493415,1.157415315485431,1.492605959451981,0.9929434724992228,1.1296629377565943,1.0347344727920205,1.2141430457633549,1.2141430457633549,1.2141430457633546,1.2141430457633546,1.2141430457633546,1.2141430457633544,1.2141430457633544,8.405835500976139,28.590388093249004,-18.783137844245545,-24.54721602149894,-39.69230319466914,-23.026010018969203,-14.692169849134814,-11.841183324979909,-11.94822458240905,-11.94822458240905,-11.94822458240905,-11.94822458240905,-11.948224582409049,-11.948224582409049,-11.948224582409049,6.238078894410417,4.781500462062286,-6.955881486756981,-26.036750768331437,3.679521427141685,-29.823836781744717,-11.803489681794584,-17.626114068502627,-9.693371500439493,-9.693371500439493,-9.693371500439493,-9.693371500439495,-9.693371500439495,-9.693371500439495,-9.693371500439495,2
0.20957096046460866,0.17489621236824338,0.17398603466778145,0.2269749935055635,0.2384589891911464,0.15792217890590293,0.1949661494323925,0.3606727902384399,0.18138218460205063,0.14530714551581708,0.1337712863324984,0.1058278441537508,0.2801295053429836,0.2945614072978817,0.28207241759304613,0.9926395036903383,1.0246107256671155,1.0363498374409925,0.9408639334660379,1.3159476009027447,1.0352199700199225,0.9630128915769546,0.9682836994574211,1.0455794443399975,1.0601706678252427,1.0524208115640454,1.8279459722442366,1.4543693445497823,1.2298811961902516,1.420077997776047,-16.27133866520714,-14.063872583884631,-13.684013606230081,-8.402453229267024,-5.077245623761513,-7.894025723448237,-10.22807578233676,-10.985487469710847,-11.90847114868319,-12.243360872061345,-11.040490366398842,-9.025441791996684,-20.01947331802387,-17.788942667418752,-11.016819238495145,-22.97965069993501,-23.67539817923177,-24.178823787115626,-25.58531628706068,-3.6858685374761464,-22.909001238027756,-26.09583292898063,-26.654774193933616,-20.92428180640815,-20.638125026376976,-19.704631163684287,20.72833911142146,3.1765443105318734,-6.568425059180764,3.809405621682047,2
0.7223904006645038,0.10689519466100794,0.26815132383611623,0.2828262360764826,0.268884152595254,0.270398790874951,0.2525298426580386,0.4627527648171972,0.27970756000387254,0.2790696793642609,0.37992663825769213,0.3176231013344182,0.3078329473325544,0.3229991255751038,0.3229991255751038,5.389456896841217,1.1869690221122775,1.1144044774585455,1.2735887524126193,1.142503449329059,1.5507245970316712,0.7694426335656126,0.4298019125277352,1.1031785226397626,1.2162424152819078,0.5834585603802911,1.0716112968815055,0.7930527057422321,1.3557257878618796,1.3557257878618796,8.255493210692492,-21.406537500403857,-16.643502879205187,-22.861980388993857,-32.077675260639865,-37.69432260081638,-20.85053961646625,-2.1261526379961992,-0.6657515567702887,-23.29664823588439,-21.99166981922056,-14.047353369401094,-20.804014470948374,-17.400819625081063,-17.400819625081063,54.14861503421625,-16.97448014440591,-23.386551376995303,-16.651240651640368,-28.317290844103823,3.653987049521846,-37.302512587411925,-49.23865486677773,-14.774142571441988,-9.549015120254495,-48.84895675962701,-16.53570572784047,-39.507942139312114,-18.714145438928696,-18.7141454389287,2
0.317875931439494,0.3177620176815243,0.37369578222599625,0.2959265101055604,0.29456614822323846,0.290794803502494,0.2337096736037771,0.3035691146974282,0.22562482003002665,0.3020821964431697,0.3286750330379267,0.2562451614616728,0.29983223526534264,0.2954122636705886,0.2954122636705886,1.2221061118813867,4.683003219313776,0.8238087275898593,1.1540180538395017,1.3133343661518806,1.3788107616789418,1.3833020465944377,1.717426679712862,1.3789538941697672,1.3047425857853168,0.804342525160613,1.0875072631005414,1.7069463406306624,1.5352540442776574,1.5352540442776574,-16.675918021788732,-14.118914391648815,-1.892124909228528,-14.93665065912748,-6.57817935980367,2.693602125916499,-22.93608424529876,-12.529985346394312,-15.671175714959247,-12.22074086935612,-19.047214437840694,-17.49469280642512,-21.67909609644721,-13.31439805633863,-13.31439805633863,-5.7903046702768926,42.42885185620149,-20.113567022961586,-8.132725968364227,-8.792745889319873,14.26732757262316,-1.6104126559619274,13.79125352140371,2.3633219338411404,-4.322281397930555,-33.60522484805165,-19.032307818395765,16.975249731888773,-0.8902742811772465,-0.8902742811772465,2
0.3322141990424283,0.4595734793389323,0.23912400515414065,0.28558279400686937,0.30316252425426377,0.19500774440418844,0.19217000187907723,0.2899039477906997,0.338035727325158,0.20981683228938464,0.3735574505811654,0.7334584458732698,0.2949986560478862,0.31510935154125913,0.32583679710919444,1.3573415047485757,2.5844195404327346,1.6138249060403558,1.329526906079047,1.3570657946893296,1.3751480938171057,5.8789828643223885,1.2849724404100875,1.4708307198346626,1.403933959998336,0.8460955861256523,0.6460999528170677,1.1545501205351456,1.2704496444467257,1.683803002449801,-13.051082390718022,12.616517582320114,51.68043862755786,-17.915790413534467,-15.622122748654022,-12.170625366249936,-3.587371343423797,-21.491046124975952,-20.45828518380432,-19.767624666096822,-24.404868800875278,-24.05417019954575,-15.961983725804998,-14.361204164886345,-9.896372779906553,2.0206639837959934,32.762477207378815,14.494746147782307,-2.1813559605070187,-4.607700704624023,1.1766318547304757,43.29815144332004,-6.920433540254646,9.762386554390885,2.7494103378060584,-31.132756594481354,-69.18450763093871,-12.185919144115564,-4.733691520284688,-1.7629926832858172,2
0.25521780648292913,0.25932222652418246,0.2539753446832464,0.2762992418643808,0.2610702444134525,0.31313141377378984,0.30576020363462797,0.3200964648588669,0.29907224856754083,0.2814592249319368,0.3036615960890727,0.30157511254420405,0.30424687045721477,0.29598646947789076,0.2885611932261776,1.8855610883633604,1.6578438440574925,2.3453801692521243,1.2667279529995197,1.8930131873975855,1.33373320598075,1.4424024963246411,1.533008988407079,1.3100208325860851,1.350796664617973,1.4671765560311647,1.452759726245547,1.3817283268936247,1.3269397712532722,1.3136628672681037,-21.446728617256014,-20.84738808662476,-19.381894619681958,-23.71452936262196,-22.58675244854078,-23.620617570835265,-22.279502038553517,-23.473424962588552,-23.370224854065043,-21.86710731291592,-21.682264056298862,-27.0357016244958,-24.97820104874421,-21.238581811966327,-19.995888145782544,18.280524892662566,13.140989836276393,25.978979366265477,-5.480953914806521,24.399818882730273,0.8577465558721394,5.827445737775568,9.180642896101682,-1.2080118138038891,-0.3924436903396707,8.920284828557149,11.083742133647071,5.033394419685437,-3.046133851852805,-5.761003016961607,2
0.28823178303594754,0.33098302982400907,0.30861978127684353,0.31311444579562653,0.2791017197824275,0.25234336863450013,0.25489214021526463,0.28309541861117626,0.28411816697599435,0.2885072452325237,0.285363455798313,0.26272742095483004,0.285924831344788,0.2859248313447881,0.2859248313447881,1.8747581271886227,2.065639324238812,2.026836370817168,1.5758462136344684,1.536864404695168,2.3833780382835887,1.3373567639934032,1.3404648948548739,1.3956395485054252,1.3757487697310247,1.3317253289629511,1.4043747576373908,1.637386045211908,1.637386045211908,1.637386045211908,-25.5568792963565,-22.713877598397346,-24.12363235319509,-19.55982608346534,-15.209731857673887,-16.103084581069822,-14.441116697944295,-16.194676521208947,-18.54064892304538,-13.846597683030353,-15.51958946087143,-16.03533121073889,-18.153749355583106,-18.153749355583106,-18.153749355583106,20.705803827182603,33.61719562227908,25.817106307475008,9.120889152208942,8.541031764607935,27.72871550491216,-3.1674951318553117,-3.7495281015314044,0.604387097573499,-1.0380954082315874,-3.223123731764391,-2.119334428715135,9.403129372845116,9.403129372845116,9.403129372845116,2
0.27008823238340474,0.2814238317654781,0.24776181911943712,0.3013709004214357,0.2465272349617656,0.23283103805282057,0.11369126611509661,0.31022565315808326,0.3048127908972023,0.2556043410904495,0.2445882033617305,0.211169661667935,0.245234077622572,0.1051048014431121,0.24074527514718022,1.8548039827974523,1.349970722361041,2.078707066550447,1.4481121028283888,1.506968120395741,1.955861059068806,1.7503206280430146,1.2385050085699172,1.2100149194812488,1.17027323961649,1.8462438777912968,2.183529916255391,1.1943787054799342,1.7907901190172788,1.612748533446889,-16.814257604641654,-22.566015347210737,-18.64348392279541,-20.93468390672234,-22.062537310432475,-17.183290010559432,-16.207118687044357,-23.09287502409512,-22.5551469832441,-23.27539590366925,-21.97789273962576,-20.23167318074195,-29.13577684626196,-11.725843412237765,-20.457570777091593,18.66509423458925,-3.2171593640816987,24.854224170823464,5.345477901011009,10.030990370172809,21.614906085392953,20.53065815700753,-6.415884091184852,-11.468393548224093,-12.621035162539824,18.350229075219186,29.028382743447654,-5.280857883054878,19.14215363783955,9.182770451887004,2
0.318505366463435,0.30333260795772304,0.2665281143440994,0.27145905186979213,0.3097961195398057,0.41072020773029505,0.2778104517878023,0.2394561094978103,0.26129108106523824,0.24634383703955123,0.31575278413491487,0.2928177937664061,0.2928177937664061,0.29281779376640615,0.29281779376640615,1.608665213949613,1.3719880665546282,1.352891280055445,1.4040417044288178,1.9187329891309748,2.6899685743147685,1.6919008268838795,2.1641577153649583,1.2977906590555044,1.4508686477767163,1.4951498024882552,1.6769232254548692,1.6769232254548692,1.676923225454869,1.676923225454869,-13.104661259212008,-20.60152089223243,-19.99308385302345,-16.680816682964775,-22.321157704381875,-13.305275202974627,-18.81935096245965,-15.388425505585445,-16.20903262191274,-16.30314632487557,-23.01584695939718,-17.794756179001794,-17.794756179001794,-17.794756179001794,-17.794756179001798,14.773256604251479,2.6389225586934644,1.152061792645575,0.06505292105931658,20.84235522598776,36.568079813485596,9.344476241944069,26.208323142628178,-3.2916573391624566,1.832316215085674,5.967677025520404,10.554624018376277,10.554624018376277,10.554624018376277,10.554624018376277,2
0.2611155973838919,0.16088083561526834,0.30534836655336384,0.3496957637427537,0.34952030651218724,0.3185287924160219,0.4439971257750348,0.2003109652565178,0.26858870692612435,0.2705740841536178,0.2928560544334781,0.2928560544334781,0.2928560544334781,0.2928560544334781,0.2928560544334781,1.464328973054631,2.753833997876131,1.7865937383755408,1.883290647734331,1.8440338687398432,1.5556357390633637,1.9669088835500432,3.077273903281097,1.845172158508238,1.276566639852658,1.9453638550035877,1.9453638550035877,1.9453638550035877,1.9453638550035879,1.9453638550035879,-17.480914799776542,1.6396381126648123,-24.76534359693406,-20.264209124096425,-33.09903375779828,-26.54584327388224,-13.143221068878432,-7.917225130187518,-16.406946395992065,-27.87549496417904,-18.585859399905978,-18.58585939990598,-18.58585939990598,-18.58585939990598,-18.58585939990598,4.787925112254425,28.867347958575966,17.318033112344835,15.402877303725306,6.4095910105981115,10.109554254530774,23.103344247782264,39.03946405608131,14.562154461142176,-8.068927017308305,15.153136449972687,15.153136449972687,15.153136449972687,15.153136449972688,15.153136449972688,2
0.12588437376300038,0.172698455930818,0.143293779009485,0.20365428132647012,0.31438708589604586,0.2996052710945742,0.13159535848840967,0.1983814261860235,0.2884314213018042,0.27526302193744584,0.21109232505711406,0.17950039196495943,0.21139724825698641,0.13610603783087333,0.2528085808857927,4.539025922379823,3.012280628194404,2.164357772573617,2.512058207212378,1.4216245178837572,1.3878647734247684,2.2604299899597446,2.2651663062172323,1.5139078409892337,1.0606350073745663,1.574096490416686,2.8187161688283267,2.5077652398603156,3.1837360047385985,1.315188072373732,8.63541848078006,-0.0974029596215189,-11.836515846095296,-13.247113020179484,-15.893874222796484,-17.099545851452945,-10.403733726479686,-15.679352195643048,-14.173611847661277,-18.009455107980926,-19.858581378970115,-8.695833551001442,-9.081409483375182,-1.2395205739046844,-20.436041694649475,38.65664443743409,28.758625742843563,24.514039299029935,28.409606573847338,1.9074103231012332,2.373722476690617,25.208424513286538,25.213128279680145,7.811101011120927,-19.32870425063732,12.818661780378521,29.467329305193804,28.413871434649685,34.30628183555953,-0.8600864265981588,2
0.11604556400743514,0.3115539114204551,0.17048056505362907,0.14428733363596885,0.3025287190298122,0.1522298185072134,0.2831770264878552,0.28841749967639835,0.17790071093891263,0.14800679542503747,0.15803699586373196,0.20879900775860272,0.25592534565561414,0.0692817327613899,0.30248553068671113,2.969135949420171,1.2201967345386222,1.965348284879273,2.1232758617879286,1.3047320904025366,2.019134648982262,1.3102829483807028,1.305557921445154,1.9496888744107599,1.9197488272978491,1.8861259240302486,1.9470664569455036,1.8698418677540445,2.7445761027279443,2.1937257710606493,3.706677013364043,-26.510921607285894,-7.226314320350355,-6.895324776678137,-17.688222072818917,-12.741606907879856,-20.318878070859853,-19.40047590878001,-16.780276980401567,-14.808291276403082,-12.377493284602025,-17.17255174172533,-16.58462558835015,-4.272475895492846,-10.536520132039215,33.06068338757471,-11.160138913968716,20.928523167134596,21.658187673286395,-4.668845303268531,19.77049605625748,-4.327237794209401,-4.111961661763814,18.91595914327901,20.178609481328753,18.254257767435004,19.076850731732698,18.38196266119538,30.137404376525467,25.8480147822696,2
0.2520380980797299,0.2543462592977529,0.41458930047125797,0.46454411151546227,0.5454749816669278,0.5192148590778157,0.27261719920276895,0.10406373566371346,0.2683918014576089,0.27487708157341273,0.2750360333433799,0.2669971045643944,0.3260158804928521,0.326015880492852,0.326015880492852,2.3377134977054284,1.1825008577744904,1.577798573694553,2.2840963636779037,2.633233863589969,2.339555953493209,1.7324580776254432,5.413735088900606,1.4351330035404197,1.3739375383821848,1.3112413219019246,0.83930130401016,2.0383921203580244,2.0383921203580244,2.0383921203580244,-0.03503975751607413,-28.524546858296787,-16.92190512590119,-24.673808482083672,-19.580443274031012,-19.83401284847801,-12.742592346139844,8.392332831364001,-13.480970116955518,-28.629828201589504,-26.51307399446631,-19.324152913752158,-16.822336757320507,-16.822336757320507,-16.822336757320507,21.517270954692044,-9.94844166885658,12.686479898206704,29.13097951314237,38.25627698185001,33.305459985567616,16.370474688488418,42.2457017850163,2.787678679787199,1.5230270097988898,-1.542638917122387,-28.633730665032218,13.141544853794864,13.141544853794866,13.141544853794866,2
0.17070928489100273,0.1880485934401659,0.22967352659265064,0.08245164744373414,0.03381217144893013,0.13637328614515787,0.08744496925128876,0.12359508434649283,0.3128908553731732,0.1427997772235039,0.29090414303980366,0.2796560315040266,0.3054304663251928,0.29515632782472634,0.29310275866358415,1.0363329901927751,1.0452632481693513,1.0532136888460155,1.1113331154652024,1.138865974695701,1.1088502769274782,1.4360042681001612,3.3340591019663064,1.3567629736338833,1.276742406367101,1.3000159193518837,1.2198034950810661,1.1102693957270349,1.291048970320668,1.3691455406467605,-12.930222947158626,-9.311570269421566,-16.92250249083756,-14.656530978994965,-12.787451980363869,-11.256807913600483,-11.021389628154395,11.905368020628146,-10.237226504172327,-33.037772879311234,-25.590890925162682,-27.667808992321767,-23.381308389241468,-18.13247899664114,-19.071652631353714,-19.9692001634131,-20.671650867964704,-17.667289737569607,-16.157906157139582,-13.93856881391795,-16.75697414540787,2.920227824612801,32.79611893577991,-1.668540112903758,-2.938749619885379,-6.161773917224374,-4.309581807870779,-13.445582182185086,-6.389146555503383,5.400561955936261,2
0.20426205855474372,0.2792371899820698,0.32711041762540516,0.1829046673532275,0.1291585627600088,0.3119580148840071,0.2741727328262984,0.28661802419112103,0.25874256044622157,0.2136586015152845,0.23118820136379076,0.33101752258075645,0.3642566690319118,0.30932406602065565,0.2645435206525359,0.9479809469260935,1.2006157671946016,1.070821597759498,1.0698156763913014,1.3769668455290824,1.439807320989185,1.21861544769745,1.1948194942189765,1.2608724274103449,9.211184100624802,1.4198093899777455,2.287513340360002,2.1132018850648864,2.294937893775951,2.007640152422851,-16.572442329291135,-14.664550792738254,-12.395590121488652,-12.980254815928788,-9.539454382525946,-11.96862705216654,-30.58891358826935,-17.259431120499613,-15.215862752758397,26.4482699605077,-12.523534977740042,-24.161951383403675,-23.96760750754447,-23.011817849117847,-14.171554908068929,-24.921618256392655,-9.94640682544124,-17.98398238246744,-17.091757121868525,3.269706557957912,8.482275715511769,-4.377524307838823,-8.255860610987924,-5.211081066973122,54.319721192157616,6.3533611961672305,25.414254449929807,22.33392397510738,32.04100406509861,4.601858327140042,2
0.2828737448247979,0.2889091550462575,0.27956193538233154,0.7234218698814691,0.29210238888906465,0.3664871930463644,0.22895205471479801,0.16830250731252097,0.032426160464253624,0.1992034546432354,0.2522534820802668,0.281222632517969,0.29686511534647875,0.3010127678713379,0.303547779536782,1.4449534074121204,1.419365635171835,4.051541584097099,3.8619965771593585,1.4869154897955597,2.6079279427770485,1.5707581600822182,3.713823249739857,2.261121646880452,4.365368672174408,1.2920557639055943,1.2601670706031078,1.2759389989943477,0.985846622081542,1.4857154079294974,-17.59922838674825,-9.523101323215428,5.777741084339908,-1.194696862711254,-24.087531443478383,-1.0317332263896333,-6.187502938363281,15.589568188670285,-5.405118325189278,21.174462075931586,-31.272120430473734,-26.78089668882467,-25.750633302630547,-22.908055485707536,-21.171302985134673,6.300813827065437,5.2400073304083365,41.582730270984385,55.255280951047524,5.10640478726352,23.74511208985723,8.98386696255416,47.56379918350869,28.628936347772044,52.21150525722528,-7.721138800760273,-7.067489351867873,-4.40268305849289,-22.436504761855094,13.30534223741545,2
0.22803123035524622,0.26394206279870375,0.27535777457359073,0.2585245991575059,0.2800132103337137,0.2908762708140133,0.2342607778278995,0.031560038758111156,0.2651261199680046,0.22734594759513443,0.21823380703246975,0.26784277448727956,0.2693033925954268,0.2581304220851408,0.2797572119130672,0.9348257553868554,1.8477017764136496,1.4513441516421697,1.6621080214162667,1.8936812067680033,2.4624142797000017,2.1251824325386117,2.1670071115276333,1.2803077260028877,1.3005579454624936,1.1431614427017083,1.3146115533948421,1.2750571497567293,1.2934455870459955,1.0717951906228695,4.550712788110701,-4.389885314338301,-23.109250153257534,-24.355651325885702,-22.70600063353541,-12.464057627279345,-24.97349352639074,-7.5332105995146605,-19.193812052662224,-28.62422168277712,-29.841317670637864,-25.864092485740258,-26.43921131718895,-23.947902236875677,-23.48255535079923,-35.92727695115815,20.62450717841198,1.3000005816989646,9.297255295035137,9.869980820317222,24.47414317442676,28.301944076876914,18.923649805430106,-7.81589049704686,-2.8936149061408534,-12.677753574967019,0.2186350142287396,-3.495634855446899,-3.253625892002831,-18.105338262998647,2
0.288276392157753,0.29704623779137485,0.30265021311158524,0.4156409790288213,0.3308856270725945,0.032426160464253624,0.2152363734569635,0.33481683805085743,0.27087488307549423,0.29363898876797934,0.11983582743297908,0.2613139867519946,0.08098511499675043,0.23163626769605855,0.24823313498967572,1.2388309562123319,1.2680233692216492,0.9076587919321149,2.6763016212032587,2.9432283279074123,2.261121646880452,1.2320160658359178,1.9298532367733814,1.0221552481987517,1.2606917219340303,2.154360983267013,1.903735293756574,4.286939901145543,1.2478687882363428,1.8809132823217696,-17.65729992571201,-22.950269802863176,-19.217704044347897,-12.778731168473598,-9.788481614526688,-5.405118325189278,-28.583265135938944,-19.89691517080459,-34.08531145897112,-31.01348223709377,-9.105228213392252,-22.98613111432266,2.2631373236715433,-27.708150616655814,-18.493782250330018,-11.09982838551338,-7.275141644551481,-24.917503997140592,36.427137182812594,40.5547043165788,28.628936347772044,-6.083404064283113,25.010115249151223,-18.122805493460046,-6.208692010421709,26.68600078356308,10.025817207739415,38.326198797404096,-5.814017749298338,9.009822610025186,2
0.23139428701182585,0.23825789098931005,0.2606985273052065,0.2603027665701523,0.25277391308492403,0.26980257003938624,0.26025983700066235,0.28025792341067773,0.2530438586197849,0.2577787938136971,0.2695870604971908,0.26590018497036894,0.2927440003282292,0.2502064618180644,0.3375744182671489,1.4995941294209825,1.4381932269298334,1.4772308462501822,1.4018586668469175,1.50255145056655,1.5081666292668778,1.4337221413222971,1.4578602230763662,1.4846181220945267,1.508354832314625,1.469461659763643,1.4508765685730627,1.47747005182479,1.5072750828761396,1.2921165012479492,-22.22139452005908,-18.9344936996618,-17.926068309447714,-20.009575911102417,-19.606049252826693,-17.246734625361313,-20.170918214563272,-18.4452381429017,-20.0774751263923,-19.633071804472053,-21.76052599321679,-16.024950916406368,-16.687180218357128,-19.440050500458995,-20.393378695220235,12.693291674937752,9.678415849654606,10.826928003974729,7.848744801938665,13.678118905687697,11.778649264738071,8.50669741959126,11.164286322303791,10.993086647901503,12.443172361999826,11.746000971998924,10.521380429706788,11.705488567534138,11.05540658122722,1.112963050287088,2
0.2575182279190116,0.27606360458550716,0.5173846728009934,0.14144196425538372,0.5606624701100871,0.5606836950527737,0.28320935426142657,0.5565230008267359,0.13290823757789713,0.6010829389334481,0.5330914156068538,0.587302364035646,0.15545311690561528,0.30326105774724677,0.47052588475794255,1.408229352231351,1.4457159505335966,3.1900936652382694,2.308240048838094,3.0693945919979853,2.929006665987547,2.1648953158797326,2.7945922383106576,1.475815338639767,3.0253834758650147,2.6843727582212384,3.1217818818967933,1.4602893827823826,1.700576008113071,3.084857893466799,-29.336167685416257,-21.444338346219524,-14.690872382014135,-15.941876922257308,-15.048693255650562,-14.13900570036563,-17.18463295266372,-16.580405503515635,-21.724988382214292,-13.093116200754281,-15.698283892924337,-14.873596178772488,-20.61370861868963,-14.943793442360658,-15.18244831174789,5.198521770327908,10.500288524759045,52.80899296879875,35.88018500026959,48.834428669701104,51.104176452611206,43.74856381513742,46.731188661681024,14.080986519939772,48.799413224305546,46.06804699553319,48.85547582992375,14.432037191519047,21.649395236315076,49.39598881836095,2
0.3560228234169618,0.29115182695797803,0.3826100291575423,0.6479518382574966,0.3316775541492785,0.1910184682664037,0.32421579304537473,0.3076415339009987,0.31698201293521916,0.22836879522972048,0.25101076184667653,0.23184089275945746,0.3321204831719633,0.21899193992675037,0.2517566234719466,1.8202529287293858,1.2921485080819473,2.3067057479645428,7.543582181112384,1.2945033836133868,1.0325666440418262,1.9863816834959915,1.3101166205511416,1.410229847116446,1.9878112774434644,1.9761541478117732,1.9150621822502738,1.5818875893083009,1.6298180769384336,1.5025504463033241,-20.35382054876007,-0.15700434845692257,-19.67679348720938,27.434904589951714,-17.40487655142735,-21.13095302203726,-19.682177622625574,-16.352926403015005,-22.80001279689131,-15.108049549014993,-17.717744717589767,-20.398522744394427,-15.854803995067329,-17.4796861068547,-20.586744866958043,27.918973935386123,-2.9470425354587233,33.12887191877913,68.62594645045489,-3.320565096334021,-18.781728176211967,28.869143787053286,-5.134422709802685,6.828996989692116,25.247410859770316,27.34754860324312,26.13951744633847,14.903535045244144,18.525494281370694,11.667282225732716,2
0.5714036538993692,0.4544817811403934,0.2897948850933968,0.4458148322840181,0.3142569872849349,0.2499251472918761,0.17195539119537523,0.3102731427094346,0.5663631249159837,0.33533262100928796,0.33855341498124536,0.5451175031164812,0.2161170389385474,0.4906309082665916,0.19703188859015702,2.827515755566859,2.411984489884572,1.4998492144826885,2.265358591527905,1.363161151816562,1.4712436945978489,2.2450517352195454,1.3907221852345504,2.702135033754022,2.1310283691986287,1.438404709996723,2.6148390293523565,1.6348221864424939,2.9914238744234654,1.7398831401677344,-18.415093037250415,-17.957946448758463,-19.594448430341572,-19.42743312234643,-15.954449847543856,-21.309037708679256,-17.888857046439796,-21.410081373678764,-18.97063947290465,-20.526397281759785,-20.178951529642262,-19.904298137219,-21.520654326512613,-16.59567186743365,-26.884507386001616,51.25495840520828,44.694124617034674,18.017468015386438,43.978900834191116,5.299558220464166,12.441919180938983,36.35259854702918,5.285451333684706,48.61039495134006,35.171501603060975,12.06482424687909,48.564042731469705,20.459876574598333,42.39547243585383,25.66750999263704,2
0.3276760565359993,0.3150253692941754,0.3385327421659406,0.4005747819584314,0.32264699005348163,0.39034243203939456,0.3662244250705675,0.4982761766946985,0.3704294563679288,0.488999073161102,0.3539287104710494,0.27118174828445657,0.2701894256681143,0.26789970895904414,0.27087310466291703,1.6814356285363723,1.4657234839143798,1.9119520433361978,1.681338400080637,1.3836375800731167,2.208802674783876,1.8981903485213925,2.297600842026262,1.6942278834475721,2.27058361026023,1.4024169810703566,1.2662523705282323,1.3062646573085672,1.3424869345402148,1.3016499594477866,-0.025340113351262517,-22.081066386940364,-20.43270566037208,-12.088984532241568,-25.09954052143533,-15.73777726736256,-12.571439942316175,-10.986144747690446,-3.7666925700160903,-14.764462767362062,-16.162389074796238,-35.00773875634479,-29.433602451819837,-29.775517715244348,-28.545874257541442,15.300070184846593,9.066135093004773,24.160386925016407,15.963171160387201,0.6549969166372497,27.220928689204783,19.59136717120272,35.03721618265715,14.753622050242342,33.296241148489884,6.317448994029196,-6.892504979376033,-4.721867497133419,-2.980003024559191,-4.456124949715283,2
0.3483030576824262,0.3306313783074637,0.32992963126424585,0.3067696306056694,0.12703416297789616,0.1405904542901258,0.1554821789385003,0.36947033279505376,0.16544597621942042,0.09979909180480873,0.1584864554417187,0.33126767308020216,0.09796681850638829,0.1382192229516164,0.3455169304611402,2.125798323590681,1.3110997965077351,1.2792927201542883,1.2604434788910612,1.6453163827851915,1.6404927051625409,1.4134744992329913,1.4606725591291285,1.571093041813397,1.6671098471058485,1.6096216080152912,1.3287523897303979,1.5866352560457384,1.5182779594803886,1.441391132180197,-25.534397614509885,-23.007606010912667,-15.034188018061911,-18.930498702062806,-5.5036141843396535,-3.066638099548044,-8.499187474515338,-3.42972671293478,-4.709377039260545,-3.5118014888776656,-5.875384044340535,-9.67480519797084,-6.487519188344152,-7.462845748534903,-5.624647913038956,37.309439170631144,-0.08356923884451005,-6.3058977403512,-5.6168770133526715,13.944901663998685,14.18150032071497,4.345492942069058,12.91178454088904,11.094734415012445,14.372760679755217,12.825145184915433,-1.6272088161299778,12.868553747474511,11.33321286870052,5.588335418187148,2
0.3040445212791042,0.1502024202097365,0.06678560032296185,0.3359058019907838,0.10584846892480684,0.13034342879627117,0.3580011530175333,0.17080899755137952,0.3582464295463441,0.35477303446619013,0.10289977580186639,0.11408724015914108,0.0889159565327735,0.11337330650408903,0.047879478841838304,1.531369728683418,1.510883381120515,1.8678171717180874,1.5996146216580271,1.8236313062778968,1.6891132826569848,1.3804301913021102,1.543117536404733,1.44548530914402,1.449609615852264,1.6345867600121153,1.7535372407987524,1.682179287830295,1.6506171072373206,1.8466381174306443,-21.31119765476396,-10.374482504902488,-2.418403611956137,-9.818956228945353,-5.659102153708204,-9.197145215481669,-13.182047550034099,-11.525276899869624,-5.412961651456328,-4.168359954607496,-5.277758592271283,-4.135295609975202,-5.695549281951685,-5.576558898037348,-0.7129642563589584,16.11050328186499,10.481455780446607,20.47609418302886,18.27865305133522,20.007078652707285,19.03706314814732,3.2544636863061314,13.101657461659261,9.957538258895937,8.466818529798747,13.455486250131866,17.23916696737102,15.45599916779774,15.04757294734739,19.503204883300622,2
0.48410066005294505,0.35263812685821644,0.3522840982495859,0.5030632727961817,0.45919432519203307,0.4354690608740644,0.4679611005539339,0.622081485661903,0.4722032763656995,0.34480841899755743,0.4384884531680894,0.35592177184979357,0.3551975024875551,0.3536843415632488,0.4283639924764862,6.06353009545645,1.4701652985198976,1.5163124735946851,2.6152487264743214,2.1187917953447797,2.0906605429769134,1.9276523125259528,2.831298396153626,3.635611888310359,1.1687509064564785,2.1090634612046464,1.6200482918272572,1.8156149603277094,1.385978806287311,2.312051996818599,9.9361868006485,-6.399323221671295,-6.778104344060893,-8.47051710378139,-9.094273819982533,-14.404735567417902,-14.72364219991195,-9.684442517516544,-15.094713374616902,-9.172313996364778,-7.585120887349689,-11.470299903256489,-5.108176402313859,-0.8854128088149196,-7.781063524743617,68.35453781290545,6.239424906271401,10.002382042146952,32.53137294200054,26.313448146007335,30.84100889408088,26.007215083601345,68.8838378674806,64.15286971988749,-15.489890890763432,26.90623234891176,18.143747330029722,21.462718809286326,1.9269107836415627,27.59112969967771,2
0.31096881319866343,0.37324895039115547,0.286906366086769,0.44552805974672516,0.49952673489008637,0.4064308372957205,0.4620913294051913,0.36968649445987717,0.3063214665615341,0.5986036596721896,0.5516230743482826,0.3053118013533942,0.2640680040869825,0.26949841369692973,0.3892724289423929,1.2866412967810714,6.333570128669627,1.4409084908518819,2.117667362933361,2.174508946100695,1.5503465793006872,2.092811309156944,1.9845480798276771,1.4797898657764725,2.668167465240767,4.099968524427113,1.3121363274165265,1.4319144208161283,1.2794716904457695,2.232317891981766,-18.1311370736787,37.56628795160066,-28.685164059913717,-14.58430413418867,-13.541471115983768,-12.317071162775648,-16.594490004052858,-17.903697475411263,-27.387432114664335,-11.819586534684731,1.2560119937903096,-26.561985161253432,-26.164273596225144,-31.0135963623585,-14.705850632128557,-1.0377207975521467,64.34323133015079,6.756803564425949,35.38649160020257,32.730217632777595,15.262771475289279,30.609587604795735,24.941986309135654,15.601777159746094,44.78810653121339,76.08266567405767,-1.1896748262503298,3.0984122418055775,-4.6910032453343335,24.47740373246168,2
0.3073058127396251,0.2962853658564395,0.3371623938031807,0.30912995255730724,0.30479383463038706,0.29866240771651553,0.34951172718878454,0.18080387016777244,0.30013404998815263,0.05887219679764348,0.29343628284880513,0.11518355178736661,0.3261065233356179,0.31258564546379974,0.3018278019416521,1.3951442376148304,1.3466762124847254,1.491365113024835,1.3272067366281652,1.3502926327479123,1.3047082281440268,1.4188290561195636,1.32245317131125,1.178470380616265,1.2855596420281143,1.025269086007905,0.8740583872008227,1.3331308860809385,1.2738912683705552,1.1998881695990904,-22.53612830578672,-23.793572805665065,-27.72226107800489,-22.102536655203693,-21.703347338623814,-20.56939496052675,-13.764514014536644,-27.385209928993703,-19.959123082856678,-20.17194440931985,-19.32145838489015,-11.124626339855098,-11.230113679878514,-16.97233345452753,-16.381273375684657,2.8831398688077208,-1.859543340556029,12.656605556837656,0.789953102303553,0.006269270933232485,-4.154783775821592,9.047898416289163,-1.3046218399486205,-9.74549815450456,-3.7330761026187593,-17.5486133423915,-27.59312034555586,1.1242244668143577,-2.0329440435169976,-11.129801989097123,2
0.28233943951464,0.29580397631472527,0.2932267133934978,0.31802669064105304,0.30062552282741484,0.22436018046514178,0.2560043678578997,0.35118699634742423,0.3028824271331437,0.14975572458604533,0.22039343325700303,0.19504692504818671,0.30045415443931234,0.26846973475580677,0.26846973475580677,1.353781523952152,1.32160295038857,1.71989366105276,1.2617657120096748,1.3350916195502425,1.6881248293236322,1.4241494340847947,1.9160169576195132,1.413702270689468,1.6219947150354843,5.797865142395685,1.3345576353546516,1.2711815377600608,1.8045944607089763,1.8045944607089763,-30.47592810411885,-27.916687343008533,-27.007414845408903,-21.916607769785514,-21.241623470687557,-40.46030839904594,-27.807295136810154,-1.221242535671621,-16.76804311536941,-12.441027687042748,-3.435070655658393,-19.06105474043352,-22.676314858474285,-20.956047589347342,-20.956047589347342,1.9859597402184312,0.5246098406813106,22.761189687800407,-5.164193721342147,-4.081880457624123,-0.5894813276467058,-4.920237516150537,20.35804283993921,3.9922504661521785,13.415228613004555,47.480755144140176,-1.0583901733645964,-6.150827423755612,6.811771208619427,6.811771208619427,2
0.3539666139915668,0.3130685355483771,0.2783897575241307,0.3354930926020068,0.32289045844236475,0.30925196759661067,0.2921688811123291,0.10279909820532632,0.6879041685023827,0.3278609118583167,0.2696441652684887,0.324808928791736,0.31125614438052307,0.3031380784370126,0.32376005730436946,1.3880371415180128,1.2756532948991826,1.5177258887191447,1.4613459207536654,1.3229990361475104,1.2127504921727246,1.157054104976813,2.219877399323774,7.604029998536388,1.1577934357026902,1.5368002982868183,1.2553454966721842,1.205397281271786,1.24419523169312,1.8256432157624152,-2.8435557379930003,-20.74927443037754,-27.914116790922236,-13.972590813698076,-15.063036210693667,-16.874984307456913,-29.469852989133642,-7.990447946620037,17.312280961990496,-8.552144417073748,-16.649819984859505,-15.156115605523155,-20.29806272213355,-24.87217147873892,-14.506706605230963,5.8818385624484995,-1.8832490896619694,3.105318872180228,-3.2329658052969235,-9.229200443503172,-1.3436719737619787,-13.016534985144578,33.14710625607155,66.45538423424247,-12.752224954578935,15.474433464274407,-2.3463186414829633,-8.395144710952438,-7.726893653230664,4.581276937971682,2
0.31157595878287314,0.32320775751263753,0.32937555136724617,0.3191234109606982,0.2831358073802328,0.31799074587960374,0.1020692207979064,0.3070901586022131,0.32150572931999727,0.3333070239370741,0.2833806403277931,0.25361166508714283,0.35938296092718996,0.295750510067893,0.29575051006789294,1.2724040876625022,1.345845366449852,1.277776979980426,1.3137902704126527,1.4285014464374572,1.3371478790038294,2.0136575114880935,1.314517034898957,1.3548152828391933,1.3215743474452837,1.2751220642627314,0.9939924153183648,1.8831275168821628,1.3947901694678082,1.394790169467808,-21.572362408545786,-21.52264151309575,-13.98582601067588,-24.628046547494847,-24.73078460761093,-11.688218452859019,-9.325906716086251,-17.042223249657894,-20.69086032789636,-20.760673808912486,-26.514117791508028,-27.03506584874819,-26.10570303514652,-20.430956178325992,-20.430956178325992,-3.7103360028226153,5.328208897558951,-2.292653615213854,-1.085675615997832,-2.4004272095781407,6.7446571550441,25.83721193317691,-1.3480470064689611,4.80530999432072,1.0545300705219842,-4.623693632831867,-20.292227896199037,29.405432033141075,2.8786376234347255,2.878637623434726,2
0.2214160700581707,0.3313075526688525,0.3348498632972948,0.32019512773339404,0.3217664661166345,0.22279012900002843,0.3452382728483202,0.31301640299574374,0.26906153060696425,0.3037100819480337,0.2887792621264691,0.2836770781383664,0.2932983441137228,0.2958444410993407,0.29606790162509544,1.3508333070574214,1.3327817430667708,1.5893769904052846,1.5098062332666258,1.4885312630241923,2.755221322318632,1.2916170502996829,1.243487865826505,1.2843330678269123,1.294674317143782,1.3016095177250862,1.2575028767728182,1.251258536243251,1.2880843618948408,1.4456513180622719,-24.43755440284599,-14.316946303661723,-10.396930797995765,-10.972577238748272,-14.501077751282594,-11.326923675901213,-13.730787877980788,-27.38491049901458,-26.612832416971713,-23.960134430000323,-24.944366635893488,-24.53652197204005,-25.967616622504096,-26.213884105553575,-19.950218909313868,4.927031427235966,1.6803844061303785,2.00217409238991,-1.073830876691383,8.909396013580482,35.975076191374335,-3.6036697430157285,-7.314520984232604,-2.0623093341323817,-0.6736847971308159,-0.4508313769953486,-6.110012712630456,-4.823866800463212,-2.5986654596825267,1.770190717552616,2
0.41574751270101373,0.3350792381209474,0.26370245814678717,0.26453979707068453,0.3758514691685442,0.3269781802935039,0.35984318306637075,0.3022920360389296,0.2952480254219157,0.25298804013111675,0.29187997627996426,0.3033809388417966,0.2806597882543481,0.3922006253078777,0.32398299696536786,1.6876463320109547,1.6733755331352893,2.118654829900478,1.371011446830092,2.5644810629459744,0.7653287948161188,0.9678036151893933,1.4717977750652387,1.302587069374606,1.7503095932933046,1.5027476948671825,2.408967858276524,1.2986344077779028,2.674650083390744,2.1937660474810188,-17.05301877315506,-15.299369571545014,-21.038425936011407,-17.985242325750164,-19.615272240525854,-24.58609874238391,-13.467990734723372,-20.94499820070206,-15.247990131171491,-22.9302628380087,-15.455891438894014,-20.259849537618067,-19.480867612928648,-16.543922558239046,-24.425408501783892,15.05118672547146,9.435938043057533,14.650414280622984,-4.633509586986017,30.549310050575542,-31.060049128879218,-26.065721818138467,-0.8924487680232972,-7.604395258533622,7.468172863301815,2.717089944825881,45.97494401967416,-7.617759420185378,40.02868722284297,18.25582277637391,2
0.3210944049062744,0.10180079347055634,0.3154115474310203,0.300004734216732,0.2949548129343537,0.2941220945307449,0.30810388043329057,0.25111714550925646,0.3236427551447826,0.3159027094896547,0.3103593459691596,0.05179867932313554,0.282004403094157,0.3308814171033428,0.32207489300344316,1.5248884993604757,1.955560135485089,2.296246438863032,2.264931230398503,2.2099396971362246,1.5569187705786685,1.594744089436735,1.7200943454207813,2.1261593960321763,1.438623211027299,1.4584581395889422,1.7512067878113473,2.277753008831536,1.5009298948536722,1.364595387500472,-14.216442998234072,-14.142343493502722,-13.383513970120163,-12.853152187516514,-11.66730490478406,-18.304886909983622,-12.850722320801708,-15.19522254453446,-14.340334291415786,-19.602365742720792,-16.253122880880454,-15.202659946161077,-13.471409297387282,-17.054211289790032,-10.230274711630386,1.8885417995340938,16.90114196086905,23.95300304924145,22.866666255862167,22.43423907689653,6.628161807930701,6.112768681274318,8.3584081323427,20.514826511521694,-0.44942624651186674,-2.409298508673274,10.537568860417453,23.880061341842516,5.461712312850454,-7.704890172772422,2
0.07193375349094823,0.276053476528808,0.28553391462324873,0.26971751636225394,0.30595951299960067,0.32300173576195274,0.31710801399765476,0.3456730949116717,0.3213720115003552,0.36042104910294526,0.344918009360099,0.3284255322846106,0.31920110143125924,0.3718267975592668,0.30293896570819107,1.5489954913529214,2.309494650702363,1.1601035109782158,1.2318946540282198,1.8406214917365582,1.4343612323840926,1.613037387476658,1.832875847999758,1.9628190715304805,2.0468052299331263,1.9169374084920183,1.9132761170274954,1.648958572043344,2.71374094109528,1.798137257627181,-21.21574702726528,-21.930643514567493,-13.849556535068217,-13.800983196825058,-16.47532249836857,-19.249940806856955,-16.759992610503758,-13.575884853135932,-13.668130612303088,-14.548396765384183,-14.871537103223972,-22.947772457378875,-18.85972032890814,-17.207034068525985,-17.06861874130825,0.7516598028604109,19.573894814821223,-14.825928682372899,-12.29025239582266,6.5477769057003,-4.173017851612428,5.766921458805198,12.598809522088345,13.673828374566675,14.712855107756672,16.88611890073776,14.469244808656878,7.825845739649458,37.04962235528234,8.469098490079805,2
0.21085341192491291,0.295401330959164,0.2776393711152257,0.3010519612598569,0.3425516531356188,0.33303742430187677,0.3118420228776625,0.08521558646897538,0.41170740901146263,0.33223044192210915,0.18984585995801412,0.32879584939533757,0.5902728919860671,0.40243446437418995,0.499369915918739,3.6313861271005883,1.2497057169755692,1.2729297481900508,1.2802024009938875,1.4237272861896977,1.3502122012672733,1.2347786793483293,2.358749724611845,1.8832416014213158,1.3392867705738318,1.7801592434945896,1.2038124588075867,0.6089411471010617,0.7518763076102957,0.5038270785785527,5.797157618611294,-19.379796100246153,-19.0958145012263,-20.63781419085882,-16.625578480706736,-23.05981658246327,-5.293542714893761,-5.001292406024163,-8.21175996249147,-11.750663595806259,-18.521722243428314,-18.399174644416576,-17.09527028845116,-14.310317088944203,-13.828115391186486,28.35641627166869,-12.37666985850016,-11.591307900476648,-10.844736066448704,1.6526542804721422,-1.5569470264450265,-12.119541213999305,24.3485589624322,15.120783079464383,-8.744566479995546,6.2809768557465855,-15.19286179209943,-47.9553758881649,-53.6608500076228,-50.49359552223631,2
0.6003865724838271,0.3654372124529531,0.3635848050985032,0.3927565680185059,0.39761388711833356,0.3838404364412354,0.3582160412551369,0.29956028004328594,0.4697867902315353,0.46237324734393603,0.2752741329692754,0.40120888955348066,0.2944300129143214,0.07581817064845017,0.40158325956560953,3.2247086806790084,2.3345346235320084,1.530778085485435,2.200806572952425,1.8933150185822216,7.33935717455895,1.6567909583502642,1.5770123604558546,2.890013177240675,2.9099986042425106,1.8031906121337762,2.0614907432146934,2.0855485953616397,1.542230155637441,2.86877966979139,-17.951151050884903,-10.824863913452532,-6.316101541974888,-13.476084669123168,-11.302104582640055,14.158450858227894,-24.0821340618495,-31.345224507530446,-16.97533675094803,-16.017741015107447,-25.58269028433557,-21.93687126855849,-20.88445745863291,-23.293302257139516,-19.731683195712378,39.67167884124402,26.366827517011977,7.688213771597862,27.10666574139216,20.106987840955465,61.48233853917229,11.1223987818357,3.8330850189937955,28.16805958278222,31.037587417457182,13.54813047701619,22.171270215247233,20.73535895611217,3.4020700200683054,33.534806025561025,2
0.42341210757019226,0.36896365671263864,0.32955083659123563,0.2961174387117335,0.33644627798012827,0.35721830311023517,0.3438079565277383,0.41231599555900256,0.3311249397999276,0.31119284139865677,0.3532377983804383,0.33651119663096674,0.07897193630438437,0.3455844614957142,0.3309726718784485,2.073188755941561,1.835488118532797,2.0483657092869176,1.717553574347684,1.155791278885224,2.2167235476025016,2.1644341187079164,2.5855607918696046,1.2941198438529458,1.2108162555942026,1.2536246326392193,1.6214227828090066,2.382020561157321,1.9127145346079795,1.7599939695133016,-11.98398751819667,-20.815537792415313,-26.019477001491083,-17.313168591390678,-8.823454860755305,-11.980115999880354,-8.81550092450081,-15.135967999801665,-4.610024017509858,1.1319408630111525,0.05388129580887835,-9.580527194842773,-3.5675824937564187,-8.942846146599521,-14.609375970403363,24.946552937084732,18.46365312554776,21.236641986786868,7.953673575345982,-16.54124118706782,20.28366059926151,17.33977430423168,26.80301747430614,-6.5644044378559245,-13.356056221221406,-12.442381856028858,8.71528953327189,16.401656108970286,16.144195811710695,7.993314490812547,2
0.36449094265176707,0.41291765184257534,0.16641014622606098,0.24233710711388645,0.34020961424415996,0.18529136492442544,0.33409337596154826,0.3380796444503523,0.31940306698838095,0.3639682136207297,0.3439207701886462,0.3308008653483814,0.33488398425760807,0.10905820511954427,0.3846468844790868,1.7034539122252261,2.357191566272948,2.6933420387137406,4.237903423093488,1.8792791067077441,2.7401610748696963,1.99130749107339,2.3588463524964123,1.6492169271890942,1.547128622632749,1.414447367409634,1.4176134552189787,1.6777848050597046,1.9698258144276775,0.996375071416697,-8.492883260900044,-10.45915000199787,3.0487261895764846,-6.054344578101222,-9.901896037214755,-1.6245463133224973,-13.155843312502128,-12.561648401798095,-13.289176654172962,-7.151913703093783,-9.124731945624092,-15.297887184834337,-10.640022694130408,-16.719652293441527,-11.142128267763042,11.624535736040363,22.38659222850651,22.07582883672209,28.506510150622617,15.140094609061308,19.980027550363125,13.442367450472831,15.544701653324182,4.316986745498324,4.338997334823425,0.16803209094631952,-4.129526308619931,12.091242348584029,18.210993260006685,-25.333050632596983,2
0.3597100879123834,0.3192275293332675,0.31198962459918544,0.1329050399679642,0.3242657801421207,0.41421479261503663,0.32653548206295663,0.39615199137237067,0.5041522742211504,0.3499776613947493,0.4962938567565867,0.15212703791682575,0.7361787828574682,0.3710561493193896,0.3710561493193896,1.629446167500063,1.4530485986890707,1.5725098917101237,1.5714754374647721,1.8063575243522751,2.7533198426066914,1.7310051673916556,2.3332987085208257,3.0990865147881124,1.3850471639979147,0.7154776974703299,1.1110839613327306,4.47154111222643,1.9717459836962303,1.9717459836962303,-9.086835231000492,-26.488523595741754,-29.91329663181125,-22.48570818793482,-21.57183395523296,-1.8701616581853386,-25.874676019495553,-18.5067795320104,-17.289361062689466,-13.845136443023222,-16.373530821091748,-8.996549522357242,3.578961634248742,-16.055648540486576,-16.055648540486576,9.323281352312296,-1.2397804496469982,4.328505023702215,2.425059393586717,19.659964923769653,26.89054459444755,15.387987313411532,27.375369266278746,35.533807056436096,-7.109373636027561,-46.500083797531,-17.94004125084907,68.58201567663455,10.516711958963443,10.516711958963443,2
0.052692093090101505,0.05367121504844381,0.04345508545508271,0.3599979451858989,0.37502036358861013,0.04634924141122109,0.06319331214360538,0.058380124127648106,0.3837849373126778,0.05362330250755584,0.21148182405724175,0.35057272220686075,0.35743159732120783,0.4130682684857728,0.37242263370935275,1.0178399272154597,0.9718921379726494,1.0076525151121403,1.5660306212295545,1.7577241211522276,1.0581445278626964,0.9728660828426159,0.9539759783376465,1.943595830430857,1.0999252426802288,0.9551945795026239,1.3341863761602348,1.8160836166537848,1.9458649319094892,1.701457094461626,12.485233213945207,17.671224230116735,16.888810645502133,-10.750192718058486,-5.689716095092081,10.752716561974779,15.858296386504009,15.010045670496027,-12.773889963780277,14.840605829038623,0.9099039172734251,-12.610356943468616,-11.400256357813646,-0.6847849712825962,-6.0621311845812045,-19.884091375654393,-20.536279235424438,-18.108429298522697,9.789914921846766,15.236758735489977,-20.910362702252016,-21.61871844918664,-22.007516556516904,21.564101171739168,-21.1801527510278,-28.263822436032974,-10.129614280455693,15.43812169076038,16.649319248080115,13.12663664189621,2
0.35155848096436026,0.36239784538556363,0.25626948150274126,0.25739909570148334,0.3416528288828589,0.39227313083030046,0.3189381931223057,0.15598383499635454,0.37784946104521744,0.31498540609559283,0.26740071575982105,0.40612982323784064,0.2369298650698115,0.36440921475581567,0.4430475884695021,2.2662464455592084,7.6950429600077355,1.6128267425873681,1.4069679184993726,1.6807398681632277,2.5212103597569033,1.5799670482694792,2.267483468380694,2.0085642164155946,1.136160302359898,1.0724247044808863,1.0373661893868655,1.2375429389268688,1.4695632547912707,2.260403340009801,-14.428869704777696,15.235950418008997,-36.25318824725801,-36.75455212472389,-16.17276265034829,-17.034170947329272,-16.320034999676693,-18.867514105276086,-8.75262039309419,-19.021422263324524,-10.058085006052949,-7.537923553369154,-12.706999435468418,-3.230230327203998,-16.311340558685572,25.350274668030295,66.59939187998177,7.022634807985715,-4.248568853518999,7.058047816590507,28.489440270033494,2.234315425427288,26.013293244464485,22.15648364504108,-17.404866618555204,-21.335727239757418,-27.75696173210383,-14.299316900718932,-1.9292320789370094,26.930616883134462,2
0.39521567862279905,0.3474658770736859,0.19995397721568775,0.34962626380557893,0.2806210857695485,0.2880737653655607,0.38893883217998926,0.2850969486973195,0.26764149862348463,0.2867666761502775,0.2745587843989049,0.2659674988645358,0.2718620075471367,0.28126081753640236,0.29878926513220794,3.5037930869317644,2.0718133143070347,1.8492228852386203,1.0314252190270434,1.2371915894656376,2.99876772024994,0.8163876218012374,1.7384295019502936,1.5796728314487922,1.8408749058452099,1.645484090602556,2.3560301714784972,1.4801570513572981,2.609745235063435,1.911356801769097,0.06052169733234791,-4.246930121036314,-5.929800400075379,9.223786767450378,-12.206260741823996,-2.364992002974816,-18.63022581428706,-5.250801325730151,-1.2328560371996105,-12.280754456540933,-1.6385779291704523,-15.158277856627308,-4.4531404860364034,-17.724439268559394,-6.5594819982342205,48.117437499161916,22.941783133907215,14.912448854907453,-25.559128948582867,-9.867178680830785,27.06907975559249,-36.8334159853668,9.299825339587183,6.200061316465426,14.140262230580719,7.525929108374976,27.87231046476747,3.068538751073627,36.10680958953896,10.356768744941215,2
0.4437431196182818,0.5088173515669366,0.4600968295809276,0.3200765201346232,0.3281516723014565,0.2830710899117155,0.33905910184744203,0.2922293595256204,0.29416002145478237,0.31164239123350446,0.3144060927753376,0.3158507705464795,0.3077984203850218,0.32061949537373235,0.34569444544684724,0.757415455672522,0.5850570722007163,0.72217519494288,1.2886649351908206,1.020786110640925,1.690535598844993,2.0907630984949885,1.2130995666692324,1.2385465010681684,1.138709150769393,1.2102598789257841,1.481189398454396,1.3013455049843337,1.2513921135730983,1.2135671128880179,-19.035673793695423,-15.963407257147338,-13.279997334102404,1.00856101647733,-9.119906598854044,-27.920899789236813,-22.053703557717625,-20.55097119118625,-21.089846603896916,-20.34253132517148,-18.514873315984516,-11.19620244125619,-2.171108046537256,-13.21658499970627,-15.246224659858228,-34.93394228183308,-40.941161911171925,-35.111002572518856,-7.427242433112666,-23.59603675107708,11.660285757280361,20.130563409858976,-9.306576858749592,-9.114968520373443,-12.613412277331713,-7.932626157747831,5.226665142573578,-2.6098105608039264,-4.18507703068019,-10.768167360406242,2
0.27993279585998426,0.3002152155134314,0.29358060424262555,0.3111042716692456,0.5526481582555731,0.38883919195689043,0.24717869649289034,0.28198670061448317,0.3734374386676734,0.19726741851706406,0.3123142785866925,0.26210567141599916,0.6380988104968003,0.2428997106537873,0.3344006402102243,1.2611303099177364,1.5473724104703783,1.5695640809367002,1.1043911096697847,0.7186736530831626,0.762827013336716,1.7687625779978668,1.359245421328993,2.333297170390523,2.070439038846706,1.9883826410445793,1.7319492677299824,2.206682067273595,1.6111939282609753,1.573850763591978,-12.28753935282765,-11.538174162520306,17.336591799464543,-9.771239372055163,-17.858033571958202,-15.619300264691589,-4.077620411434793,-9.891821261499047,-13.634935761819094,-5.99597808501278,-7.566824637794326,-26.63731299160486,-19.524175282113077,-29.594562925472246,-11.90435187723847,-9.20623459922161,2.3674636672237734,-1.6944031784413043,-17.992818503269607,-51.848387417225894,-41.81899922827274,7.123524018888387,-3.998414753934926,26.623285976169857,18.412159042338164,16.128064853310853,15.913874108166723,50.9073491165586,9.584759220669834,1.4643730230685796,2
0.32930078497094506,0.34511111038943176,0.3465984877413186,0.3454461126211849,0.3169477043895965,0.37290920697077934,0.3501931202337619,0.32943844503031694,0.19448034228458716,0.10185923375359296,0.32917130006796835,0.306724678685672,0.4635297621461348,0.31986634027675365,0.693191306042668,1.444825439439106,1.5564710435622273,1.6242784025718955,0.9821142426480932,1.5030887378292483,2.7204957991631638,1.1552584014760676,1.851269046014174,1.4821972933018874,1.3110481145905346,1.3739340346921958,1.07305058025721,0.6879600660594276,1.099310899727932,5.180994838032363,5.945713496672511,-12.740403221814859,-18.975942198573676,-5.936333279124057,-11.515647060563538,-24.415890094295378,43.013955812489286,-19.733203545357753,22.81509971713328,8.739632051653302,9.517890291686797,-13.75009209632762,-11.707426570972643,5.904929666745176,-6.599886457725972,1.1041597236052407,3.818538361906667,6.633425987517454,-29.069321547078832,-0.8917284029658722,27.87881564786083,2.28355368629104,14.56121947781123,-3.135186156264684,-7.1815350431782194,-3.390154189889245,-17.758792650724644,-40.980403761299556,-13.812568781629068,46.17491883036855,2
0.2555059589699893,0.1412831339065454,0.3319969665242837,0.21713123288385783,0.34641629586634126,0.270248522527885,0.24669757500391257,0.2537587294544065,0.1836572325667764,0.34683474701986916,0.3545212429707103,0.30509554381373283,0.3021227414840214,0.3277710416395191,0.32553812603466337,2.4261855564897936,2.073667841883231,1.668211070094303,2.5271570508650076,1.732925848008332,2.887730970945152,2.350096555754257,2.8707566218594605,2.384117958893498,1.3850883083769316,0.9228034723548718,1.0869105308323566,1.0526074039127546,1.1689554656023227,1.3800812772618158,-0.629542895528715,-4.090192532633864,2.8028116826423854,-1.5881780532584742,2.7693409537914704,-1.927826911110543,-4.257691330314032,-4.5787825865750165,-0.6210490210322916,8.384781254305125,-7.928375939527143,-2.235795281324272,-0.26459095251740905,0.7317221320080023,7.735827942249443,22.455412536521933,17.520290985027298,10.427904246920479,22.88127438663409,9.327424845783717,28.399707339575073,21.122365818147934,27.520001674869587,20.192978204625035,-4.430025692362235,-24.48421944956015,-17.082548752269005,-17.82074114583335,-11.165999691420934,-3.402096817635216,2
0.33495560702394833,0.2959232633400093,0.29875812431725046,0.31113592653333566,0.33726209182235456,0.3100412112859756,0.3531365932383011,0.3328615375632462,0.35344541717868844,0.5854617788042075,0.4526996436880458,0.32206428236639817,0.20313554007905973,0.3350215797130665,0.33154078450022617,1.7588063085399885,1.2992932884399915,1.2464374192878427,1.3307227833497064,4.452956917589662,1.369061410481595,1.0996158154358375,1.8816843960836178,2.281786862310738,9.120806719322703,0.47450379945583476,2.1927098093092057,1.375894096743627,2.1576362518075647,1.9111229147992743,13.94349915034286,-0.1470548532462601,-8.843476883056582,2.8791118886547054,-4.443942473324569,-2.425887203944626,0.6201748327700614,0.48032810251859814,-2.2088274241910426,6.434872239200416,3.796249944248501,-15.41044805428038,9.973491170746996,-24.156746778057425,-13.36147863739879,9.23737765807527,-8.271874566225392,-10.883137160205386,-4.9809485700481675,37.21327686415555,-3.730100216825532,-24.604966622154883,8.660877722663372,16.38377088219448,35.45709616029331,-49.91489950327878,16.63264598630313,-9.310065643342424,27.965856013429566,16.40658845820481,2
0.3265588163948789,0.33623784681825264,0.3760214827939041,0.31251660463110564,0.31280290297811764,0.4688926188098064,0.37671951642176466,0.255723752426367,0.33139204351976403,0.3400190224752486,0.4023767808434154,0.39586029996902855,0.24484751698285417,0.4745726126225565,0.3192817934269576,1.1015702509736567,1.0509564171130485,2.040780285296651,1.6682143858783076,2.1275524353934117,2.9044088480415997,1.9747296006050985,1.3395826840231033,0.9197830986148329,1.391671139473735,0.8110341283715057,3.1291101631236673,1.451385909366541,3.884651217639786,16.626246505909137,4.639702220552124,-6.265282427893993,-10.197293128713483,-1.6834928544900833,-5.098029262463058,-15.858843937138175,8.331796596454183,-32.96328760310922,-18.12181137204999,7.769518807339182,11.561325465536811,-12.210927335111762,-21.13012451179739,-3.3576920539832997,10.782915420475774,-12.699105604664398,-17.945915511054626,20.07012594761236,10.301590547432184,17.88590844561141,34.82259516091781,13.505526043429255,-2.3800892432605405,-31.126446636955052,-7.328303040664153,-37.73911988063766,29.42576164176377,-3.922282631880902,33.76804471613656,64.94532424288253,2
0.2790495499058642,0.3676193406592606,0.36003007396493725,0.43499875773666286,0.36545146120741623,0.30092630290281075,0.22637551149625618,0.22931850900936712,0.3222520611845383,0.32042509295006794,0.34186286753480255,0.3225735935047258,0.3225735935047258,0.3225735935047258,0.32257359350472575,2.5923142335613147,2.160953967198586,2.0355996588837346,3.0834284307088784,2.1035315886675936,1.5234467992636005,1.7334267123269738,1.5414359934521737,1.4741682093592556,1.6223551597868238,1.7835813373832956,1.9685674627811118,1.968567462781112,1.968567462781112,1.968567462781112,1.2188581656667168,-0.2480952652383337,9.988345110349286,-7.664805629181956,29.59336813952035,4.41080368038044,1.6362827064818362,10.299393385852909,0.8118059129565438,0.82297374116078,-6.021087362582591,4.077076598669635,4.077076598669635,4.077076598669635,4.077076598669635,28.213066711235683,28.086560427143798,25.662210918669054,21.98539321375702,15.577482119770561,11.214121928834,8.985257148556697,3.634762580164076,4.335953378653821,9.683239022078803,16.09288480343766,15.770084750209197,15.770084750209199,15.770084750209199,15.770084750209199,2
0.3801572740786976,0.3463530798283888,0.5694539600422581,0.4234925302352987,0.31220539342320885,0.3278280461993536,0.2911411932844816,0.32310955206934455,0.2340259791919938,0.3376227106156666,0.28698375227733514,0.32402984855274813,0.46398458586231917,0.35541445428162266,0.35541445428162266,1.6694238448027063,1.7016131682414681,4.960528019034729,3.7962583485584847,1.5619315245444643,1.2515105393763952,1.5266896956448872,1.412105468714323,3.5374533194220805,1.4049826889966408,1.306743428840719,1.5046573676661443,2.9575969319299014,2.199345718905611,2.199345718905611,32.88839271669798,18.01285008791666,-3.833605099744773,1.619699512367447,16.74705454490484,8.329830335113456,5.123403498682734,3.5041373498925736,3.1565700519120696,11.737029814090192,13.035461275184218,11.228907344682028,-10.706440643295934,8.526406983723346,8.526406983723346,15.998378168176716,23.038521503384505,31.587274142634136,22.28113423898152,14.927984577840476,-6.852249456301321,3.8775114980971352,1.9747306390356538,32.84660295739384,2.872531470172999,-6.883248272618498,2.305789300086081,31.925545332625582,13.069269699962216,13.069269699962216,2
0.1785300410950628,0.20379308923383704,0.4149996021691068,0.2558184375368605,0.29153236217402967,0.25781408919340026,0.16339640780607978,0.1826761490710238,0.268990449588278,0.4873824824153761,0.25212218822487453,0.25337193150728715,0.2868142545742577,0.29987375630809676,0.1848949489658704,2.3502760004193175,2.627215412299027,2.836683544226644,2.2074013200819333,1.7110348837661054,1.6629304019436053,1.836279065499916,1.411875583341827,1.8760058800988235,2.4833233018341185,1.4690094603677897,1.5124175579123988,1.5649978105447184,1.440765742503787,1.9721344388961632,-26.585259014557778,-22.630387866465156,-22.966862484305807,-21.0261641542547,-17.68654920025645,-15.17454343883017,-25.18112140458939,-21.48273452706735,-26.102500974493296,-23.507300944477038,-22.425837478027375,-21.906990620902093,-19.46050997648092,-14.526123910988446,-19.1523628283538,39.08180767200588,23.079929618002694,40.17610466960355,23.116042637704698,8.96439147404874,7.651178196426623,20.292471194066685,-0.9557732245779508,17.815723408308816,37.980099676523494,2.4200748467271205,2.97019968598291,5.811349365269367,3.5216328685694065,14.723527883356452,2
0.3214815987791695,0.2956921172964848,0.3611652603532845,0.34356152392784933,0.3660610107544372,0.34827811575019596,0.29457756307480454,0.31315665593919384,0.2980218574076458,0.3903085062743448,0.38702144577264386,0.16856940383314706,0.30553313419065603,0.2970551816663929,0.4407286831403608,1.345484427847078,1.375764077801105,1.865616080990426,1.965976352121179,2.0737145752984874,2.12420684801592,1.5766204373979271,1.5678217712074778,1.7730569694749478,2.2707329829581426,2.285202943770104,4.9324140102725265,1.6012611467136157,1.437173213005785,2.6333127977836006,-15.782619448030687,-16.887567502689592,-21.562182882243462,-30.069921470231577,-27.523646018732848,-28.26732217581514,-11.756936857850064,-2.896875621601083,-17.65613142407878,-24.398945724487874,-20.473493801445272,-2.669016290943148,-6.76787440436803,-18.109077552712193,-22.213874335973884,-4.2506524812673705,-1.9495496502931717,23.707261106755762,23.87381194416151,24.76321827528107,28.38795961667673,8.162672243090139,9.494465050687316,14.382998433539383,30.27975112037719,28.616480861146922,39.488046777365184,10.594606259326692,0.060642196786629174,33.18779491181604,2
0.44384896293872667,0.2857853581712013,0.24822336508335674,0.2432895972324125,0.2915707509665776,0.39911458971764346,0.3737640267559137,0.290119504705963,0.3254898074517292,0.3209293756451981,0.35089921520596246,0.30611131791773083,0.34405872936096427,0.22533444063776975,0.3177527886993679,2.4297095557200983,1.496294540249788,1.6544937338586478,1.596231640286141,1.6986396478654313,0.8307024883146993,2.3005414161488265,1.8781378495103145,2.0358455040491403,1.8080603983912784,2.0913904075471335,2.239587417143713,1.985966464003134,1.9054480306117754,1.8536463638357232,-21.16137334089234,-7.869642804192466,-27.049122336748695,-25.769262553884744,-18.069375441148367,-14.402682555364464,-19.402533209041252,-22.717854386086145,-29.34445540206866,-24.254478664409987,-30.735082289343723,-24.852607047999186,-26.512300441064923,-18.132709193066717,-22.162391404665122,31.144455126352202,3.1567894140642516,5.681590360506289,5.817820994159488,10.875570349918286,-29.12860063832392,29.111344039053343,15.059541420011538,28.484088023689452,21.98244030267616,39.044082913921976,26.27285645529761,29.918770353057432,16.119692302796068,16.681460101227156,2
0.729410286186774,0.25259406196112233,0.16914545818287557,0.24927202666068576,0.36379970747805335,0.27736465947675987,0.24292691034914582,0.23690317952252476,0.21756916787372996,0.27210886288911257,0.2779378866995916,0.25605608218634435,0.2658749960586108,0.293151021963487,0.293151021963487,0.5283710078603122,2.4960079356242946,3.2748490863083988,2.168404985352422,2.0869376599250864,2.131417598096765,1.5153045549253086,2.0409505691152896,1.3798599900970407,1.434410062265748,1.367119332133072,1.428237858729425,1.4302700375792838,1.79093389830865,1.79093389830865,-11.301067670408287,-24.89107923010212,-8.638000460183264,-9.537913112252625,-10.454943094885095,-19.11861724015057,-11.866563348266368,-21.139925113338933,0.20297906746179706,9.517587348213539,12.90766718124911,4.942457609407342,1.513937851505375,-6.7587292470577,-6.7587292470577,-54.51086205091908,18.267053286725407,30.017401134084025,16.489793851473117,20.43875456082996,15.385586781028714,2.7601059378127193,15.087805946570121,-2.491969684899522,-0.06651084755692,-2.2725150361635666,-1.089810461762262,2.8835418467221277,4.684490404918833,4.684490404918833,2
0.2519461003828793,0.2612850969258165,0.31255857907502965,0.24061862032890613,0.23722210945640163,0.2606104073397827,0.014051332436826398,0.2945330542918117,0.32544370894213426,0.3061745105128653,0.28111491001897937,0.3120357431806537,0.2946042817427947,0.31886096680937254,0.3140102268521122,2.008382023027462,2.117202778373897,1.5134958826799383,1.762023985174917,1.7342815764960118,1.9813292430367841,1.7868033823325575,1.338961145316612,1.4420257300484332,1.421777836096526,1.4342348270163516,1.4986647292564974,1.3950650714780608,1.7691906079637203,1.4732165396609918,-14.064123394064694,-14.16674350343908,-18.51731669875076,-16.088966516232347,-12.509934475573914,-16.424333168946788,-9.610093449313098,-9.187089874617186,6.387297395473638,-1.1215056127293224,-1.9720740721644177,4.927789239329769,1.7308682754987217,-26.74654783014148,4.173865611314,20.408156786011254,19.911424981323727,6.723580254425759,12.650030925821582,11.815716306488271,20.107724444688593,13.61380945837583,-2.885059190064668,2.086834568041288,0.7397615200164821,1.0508491137877645,3.0415082570382554,-1.1843284851553468,17.795691212581442,2.2410989148256233,2
0.15638773868051664,0.08183537716825919,0.26498629847518795,0.283733559943454,0.30095415537742415,0.029333796586198273,0.23912133592308937,0.2752659199615004,0.28923197242924464,0.3871614615502895,0.24688678480395082,0.5620380039822614,0.2378827582611711,0.20428333249709685,0.25652959588023416,1.1589971510614696,0.9031840894668667,2.752962257684176,3.827558962836252,1.7424824030707817,2.0101811750696004,1.4303553180677488,1.4566245623773497,1.6268678071102498,2.351172012919748,1.8263708277383757,2.8818351702979728,1.3682204412883137,1.6785702435583671,0.9683212580165201,-13.356949113382598,-4.434870867834462,-5.919061828018272,-0.16829253195965066,21.530146250274072,-8.0530063370106,22.306094077226135,13.889760177439143,-7.752687607402208,-25.7981595036062,-10.568091707561166,-12.002953160136315,22.6045136708035,8.873526580104084,-13.818274687928522,-10.028212066443945,-18.579101519452756,24.224132803843066,34.49684304492529,6.255172049072573,15.280584701622743,1.296953478736607,-0.7899201967863024,7.81201124414967,39.01415303032923,13.153742858802968,40.158293220497164,-1.9862155481734598,7.041988582687801,-22.99774134467784,2
0.2502379998229308,0.22469883734429733,0.4401862618202219,0.26516922996359077,0.2435074796563726,0.4757193547063075,0.2641014840182478,0.2658592038899501,0.24893953032026395,0.36271567838585755,0.29299331622676805,0.17000176569524061,0.16394328480473916,0.27001918690032356,0.286205791752454,2.467321387216658,1.6318783874400211,3.7120436807560866,1.4682839936819196,1.8027947252854613,2.9847026404348287,0.99922864095962,2.477858200426648,1.3822832620197714,2.257219580487343,1.3259124683287018,1.1522566353104091,3.5598644371539794,1.3329014372550592,1.4003160248557656,-12.969186151211773,-23.291278491380666,-15.871962698927717,-8.913650822967497,-12.55539430820059,-16.980957096526424,-11.511203633149847,-13.891685218634905,-14.541687812066613,-21.487796864194678,3.3229180600484085,-0.3302709144350615,-11.643450870066744,10.481166453644647,-10.969091988175961,20.633545186007307,5.8918373850512245,39.7670844192543,2.087676018867823,18.475257545149198,41.1527933385893,-17.793260224242175,33.93120431403263,-0.001916533387978001,27.78700758664651,-4.423778876144494,-11.264032509143346,34.496908231177926,-1.5958020505678383,4.134321727640695,2
0.18608236523244487,0.14352183649238887,0.3853633803338647,0.3671089679753585,0.3348918837394427,0.33575019547779333,0.43415329693592775,0.3900136385567572,0.39143960666848143,0.22522638682259927,0.1260806227906816,0.31368877307681253,0.2951826539059489,0.29911862646587223,0.3025456861988449,1.7486238598598343,7.408060714328912,1.90131474050567,2.3375311166689263,2.0564682778553998,2.1454020301138583,2.2246968085800636,2.685935083997786,2.1936470812747872,1.8150754128790443,3.648174575940069,1.720015937842599,1.3220201484873035,1.3549833763794141,1.4287696237329255,-9.985453909042036,-4.018205187077854,-23.66949953882863,-9.205368083061131,-17.478366759460528,-15.818436068139818,-22.510138130966055,-20.04793803576206,-8.799761474065946,-23.406495603786368,8.431487135436214,-10.888675334248148,-23.459212823606293,-11.920761907939806,-17.541279252882077,14.206825979287892,43.28597229067866,26.768044298113818,21.753274995113884,17.202187148528555,21.907596373422816,24.81438047461694,27.146423488006103,19.23602270742295,11.250626742526405,49.571198776823906,12.338893293861993,-5.992416061015125,-3.4970924123864218,-2.0350398496827498,2
0.30949396925537753,0.13457566811900076,0.28907376674186525,0.15084805828340841,0.028660016416462597,0.18243599351636836,0.2989156648362482,0.1084276635797436,0.12675706792964697,0.1356901426199833,0.1426091220619211,0.12988783105049564,0.1383712010754724,0.3243494277613074,0.1419474583029484,1.6125978800599563,1.9355436152679257,1.6260090803247298,2.1716810476628328,1.7834873581195514,2.0308517289233037,1.647295237698917,2.0563479464884535,2.1006748099372103,2.0661380338854904,2.0812443588456815,2.1644466022202007,2.310966986268335,1.7841224130872095,2.28046039560938,-0.23481894023404948,-6.952272183509194,-11.249889672471028,-12.81795721281523,-10.047250375084332,-10.251041558553368,-8.4469236496208,-8.630771267350156,-9.682570365888694,-10.701731467660409,-9.410030529460244,-8.364736061057926,-6.511745223048848,-8.081209045266377,-9.89063116293255,8.51218983281246,17.476746124459808,9.065302090795278,22.6508243470508,12.479031216522333,19.566604324260098,11.767858039378483,21.365807834309173,21.10107885987455,20.48317065137201,21.811669671442782,22.562999811302124,23.145155216344392,14.480755565414832,23.378965570353305,2
0.1751339978304587,0.2872614287935912,0.2949306892193584,0.32632137325457244,0.3110341323915301,0.26353602260973735,0.1811370733035617,0.5150592741828186,0.37452746842849516,0.3251426231697553,0.2916602378163271,0.2939376004359535,0.2904199631207729,0.30302245135283057,0.3355487594724896,5.164368392867427,1.6850865577372238,2.1243869394692383,1.746972560017702,1.507521397440874,1.6097867837367472,1.6529247666506637,2.365258258232679,1.9726382014766422,1.8130651301574243,1.7261681365856216,1.7104264386072683,1.693120331646676,1.659080937024682,2.278228024991157,4.544166406032787,-22.05721908246869,-6.5693038877375045,6.752089907069916,-24.86429778474681,-41.19227605341632,-38.24570792234164,-18.6060405419677,-32.724537605977986,-24.670856174500756,-41.09676105041635,-29.804510081946546,-35.57663736560633,-31.52862100005433,-19.436180209111967,68.63571227171417,15.477817240923322,18.106476315232555,8.391227461854346,7.332729439171883,10.745599171753852,15.439329836820104,64.98304038871072,17.68886508150149,13.332653969057093,9.21804121248912,8.352271952909799,12.436650070365111,15.881156530024224,25.4713359099004,2
0.10441394006069499,0.23252708928415658,0.36090357612127494,0.350650758793017,0.32686210796305226,0.3286646998142145,0.5220964552438054,0.3924539144692982,0.3560352964163865,0.5223008611376617,0.30847957887720645,0.39881859736306274,0.31533436908494605,0.4439608562964875,0.06415817487900068,3.9481479466015705,1.7242180098465352,2.2617590480001053,1.6304648720557553,2.1235482093520703,2.020962341918254,3.2239235234622607,2.406164587902901,2.2566351034738563,3.2233165945267293,2.0940586650313513,1.9747294701148261,1.7049642272397654,2.326352722360329,2.195463410597923,24.005779261201923,-12.822895270169596,-8.69629424249797,-18.365377678242766,-10.163534715025463,-26.510125994914432,-19.08326667716159,-27.074669862850357,-29.357377666707407,-16.6457385963937,-27.48662668800742,-19.28716248305406,-19.601886020068207,-13.33358686159346,-19.54931284508973,50.62676845367765,13.235287875511233,21.038909349893917,8.581475252551911,11.79642363270531,22.900808301535264,34.838365563984894,30.359594237990937,26.282313850524677,33.932565248669455,21.834644526949344,29.438320994994854,15.476935857993638,26.79422436811404,23.087502582840212,2
0.360990700288901,0.2629611446395952,0.45556137649985995,0.3931879927133822,0.4196272942509267,0.2153857914869036,0.2041811636079454,0.5312110651942683,0.5023195700299871,0.4122990957765913,0.3757725194488361,0.37577251944883616,0.37577251944883616,0.37577251944883616,0.3757725194488362,2.18795943945342,11.098324171133646,3.360180068048023,3.4597557036132196,2.308708809221319,1.886854372935284,2.08848835424105,3.197618134359044,3.1161270807234605,2.834153612438856,3.553816974616732,3.5538169746167316,3.5538169746167316,3.5538169746167316,3.553816974616731,-4.717639125947414,3.107007609232511,13.209452371042289,-3.8620332852163415,-1.575856374590785,-10.737049569135763,-10.321206497341961,-9.481438181440183,-0.6337976617302559,-7.870429723480669,-3.2882990438608575,-3.2882990438608575,-3.288299043860858,-3.288299043860858,-3.288299043860858,21.255033441811705,37.73054506592148,57.10861185232217,25.09521633698021,23.45562907617614,16.554051761755098,16.303995605373988,31.175346570664576,62.539356229468105,30.505326044491085,32.17231119849646,32.17231119849646,32.17231119849646,32.17231119849646,32.17231119849646,2
0.0878693513118962,0.292297691173746,0.10059954787176849,0.30999308168813233,0.32652817898737685,0.14262985121674257,0.3416088801990175,0.09775589954353701,0.15274115130193996,0.26956566838926754,0.28176642715388833,0.2857241970487252,0.2757687278199875,0.2808540708777385,0.2983844798301489,2.095318502988106,1.6252136368368222,1.8882205462908315,1.6057148247980575,1.7846318663684424,2.1053371992045977,1.8305794041863426,2.037781819191187,2.480880332179755,1.3847440647370786,1.3982286158438364,1.3912515924450606,1.411490505470355,1.4170067171847454,1.4163603239577613,1.2087326327178118,-4.131578463748099,-5.217983380333152,-3.5706304682923644,-0.2433227404669367,-1.1462523365568416,-0.41429456522243413,-3.2045648340646835,-6.6644285169964235,-24.48910984002862,-9.083891034546895,-7.696160421331115,-9.961261404123093,-15.19261213549413,-10.931775200118409,20.4907357141944,9.274202293638751,18.213906637332876,8.568500750983786,15.015099218122012,22.097734756497463,16.044862733220903,21.11962566637784,28.254604984989363,-0.27080648001661306,-0.8668186477918863,-0.02620205664467921,1.1506405246435882,0.9111487825147612,1.0319723440815212,2
0.3011928911824286,0.39835799336652145,0.35277487985866607,0.42260383523190587,0.5409141292420627,0.3904338813898882,0.326874332992272,0.34165478051561654,0.5608229658274575,0.4039588544007577,0.4039588544007577,0.4039588544007577,0.4039588544007577,0.4039588544007576,0.4039588544007576,6.742162958088887,2.530654752631352,2.4073329299315986,2.3046310761270936,4.6330513123149535,2.3244230942753825,1.9603990494773,1.7224642009145132,4.826338461722244,3.2723842039425914,3.272384203942592,3.272384203942592,3.272384203942592,3.2723842039425923,3.2723842039425923,10.45122120379554,-5.772015721996951,-13.750010975565061,-8.38729689870786,-7.15328702337257,-2.7426402842811797,-31.463855773641143,-29.371119215135167,-12.500202958296768,-11.187689738577907,-11.187689738577905,-11.187689738577905,-11.187689738577907,-11.187689738577907,-11.187689738577907,67.67318386659895,25.48327844010122,21.287582756410544,22.830596993386745,65.28207235212388,19.62338803248377,31.114605629650647,21.170371595000013,34.61561891299172,34.34229984208306,34.34229984208305,34.34229984208305,34.34229984208305,34.34229984208305,34.34229984208305,2
0.32317324050412155,0.3011344513060086,0.3433103035045516,0.3465475099372568,0.36856419884940106,0.4067249871999653,0.34221645187751804,0.40098963775833557,0.4074882054571459,0.3181923384717458,0.5389338382316664,0.3724795602816106,0.3724795602816106,0.3724795602816106,0.3724795602816106,1.4244151635990177,1.4049280939655795,1.675330706922977,8.474103334515663,2.5099125545803638,2.9369924731713892,2.0630200796954936,1.6943455129441725,2.598111019032262,1.5021061579146975,3.7258208995790154,2.7280987269018757,2.7280987269018753,2.7280987269018757,2.7280987269018757,3.725218489489123,2.05453227431488,0.5907127785253294,-41.50293647464818,-10.430607375674242,2.1456865134787506,-16.03878769382743,0.4828930287616515,-1.5422083800759765,12.012746717030979,-4.7891755102399145,-4.844720512078639,-4.844720512078639,-4.844720512078639,-4.844720512078639,0.3492038508542679,-0.7780934424256372,11.08491761229468,-70.71700570161501,23.78074211738413,25.028391738527244,15.34334864724028,6.468420070107051,20.47155415397078,-1.3198237031116935,35.41806839476704,5.9208839761811936,5.9208839761811936,5.920883976181193,5.920883976181193,2
0.36895315510655147,0.3609594612481899,0.28691191230223434,0.49199077511599776,0.3627296661777406,0.35842486155182435,0.32017576121759395,0.15086102765461082,0.28665761987167016,0.2969832151280083,0.29105878027726306,0.29222252351883726,0.3132705059545291,0.30162089377362217,0.3202014399213339,2.285156782143587,2.2466791418079577,1.5766689820630044,3.10663277833039,2.3739777172179206,2.210512828145203,1.9002811996123499,5.236772076811891,1.5210055566777978,1.463421662579479,1.384618788659755,1.450006666568838,1.1664998158057067,1.4392543090041952,2.097249164673434,-16.411074241503258,-12.909616221941121,-9.805698936313519,-1.1929291067534962,-15.131892150961136,-21.74333198639198,-4.931036125981194,1.4502014394598177,-12.739123416592463,-15.003773296404944,-16.583519086672965,-17.22221299515013,-19.760513295795505,-17.34368586478172,-12.809157520413114,29.798202024355156,41.7568440050137,12.913465102397218,50.655952027942035,21.258394863458847,19.722040062113674,15.643485060412946,52.29247140753559,8.578120885522054,2.1619472858245,-1.1884042810713233,1.91549027837469,-8.27826444107239,3.9374602792793607,17.94051461143472,2
0.4109953906504812,0.4746341174670843,0.1752023031127364,0.3064989486928493,0.29392215298020596,0.3084365747463129,0.2975182210370241,0.07732176573576535,0.29150720432688315,0.2904268203342978,0.33908732110294626,0.3153180204564659,0.2926707056012043,0.2805721742187812,0.2967222657473599,2.390087682536458,3.394564960082432,5.5023889763642115,1.6309251341978497,1.5334185818479307,1.4459356477065823,1.211416147958014,1.4439715554073522,1.9259585208000476,1.9361106334378162,1.9900968565959019,1.351812648749651,1.2958525518323851,1.2793043263666086,2.0237031588488033,-9.886975737111527,-10.355262991968004,14.759913853179455,-6.192293065956704,-5.981668157874424,-7.596577036089883,-11.50565292363899,-10.035444927412101,-13.417207296881685,-13.893673968028452,-13.802614403465697,1.9616138051537462,-4.359845086441567,-12.073866498997518,-7.312825316823811,47.96701321894119,79.72854355412807,48.94825544051934,14.539974058127243,6.2771244388176735,0.07002381988077266,-7.983325839960151,4.24538266079737,23.85034527181867,23.241094157402298,25.528947315200174,0.6645921598445229,-3.1656115397804574,-5.373260826982499,18.467078420625295,2
0.31645398543103703,0.40436008445407823,0.36707389174301824,0.300761723002376,0.13979313604758314,0.29173468805531455,0.3088754511937332,0.31022730848429925,0.2904215126637217,0.30427660041278076,0.29179608667335843,0.2921623730884927,0.2752725653757537,0.3325841223829801,0.3018423949291805,1.717796496335795,2.8379416249197718,2.561822325650921,1.7882046771348283,3.133563262388356,1.5030619361357527,1.3558265699601786,1.457188328239551,1.5338714527395862,1.4325503082532498,1.4747435473474102,1.4996244199327604,1.3919350274950262,1.0360317523623435,1.7660115520639668,-13.61293338041753,-17.889284525279663,-13.799554598744521,-19.977006221406896,-10.723545754902574,-19.540461677155776,-28.230340498183978,-8.200890029290434,-20.639765894381867,3.576673422627266,1.1460570364492355,-17.109944976095676,-19.83197479693635,-21.811725015430937,-14.760335493510693,16.201734970775835,29.01449925971841,18.221885496982168,10.114074498311012,38.13964659740885,3.8752852662405113,-1.9740062596780683,-0.4723824028923898,9.583900859943899,4.284450284175374,4.727422978162915,6.558316757746516,1.4826917557002524,-18.383972417634215,8.66953911749722,2
0.4614409560151752,0.30480872572212103,0.30849620172173287,0.3202865750180441,0.12830048551190862,0.284882013529276,0.28414179169783815,0.2938533400401192,0.2892284394863254,0.2848987830593919,0.303957720161967,0.32487253486045353,0.3089326166114292,0.2948640386231258,0.2994974444327791,3.884421695259792,1.8322842941942952,1.5171815421080435,1.5881481250677003,1.972733311779599,1.360142413927122,1.3592138997557721,1.3675226129197895,1.375345829995342,1.386164903244585,1.415917750364311,0.9802111876574766,1.382113387355808,1.4143629924319785,1.6311259961472582,13.046264484591603,-16.168633005369827,-5.761087230221619,-4.6736199483298435,-4.154353689471691,-23.230419003230168,-22.471320010116756,-21.953683762071222,-19.997044987290394,-19.922655501999714,-20.893758216377876,-23.051634999412244,-14.211439837747065,-13.373496866993634,-14.058348755288604,67.0084161877858,7.221558747705146,3.838759381959787,13.02602503011108,21.45808197218839,-1.4926407698366118,-1.4927464884607742,-2.0958726450074745,-1.1961526765255242,-0.3499623286212478,-0.2587402029983203,-23.951531013451206,1.4922929884828875,0.775919614107869,5.998814842674271,2
